CRS (RPM),AR (mm/min),F/A(MF),T/D3(MT),UEP (MPa),LEP (MPa),PR(mm/r)
0.363636,0.306452,0.156475,0.124675,0.090909,0.1,0.306354
0.454545,0.580645,0.15288,0.083766,0.151515,0.325,0.535752
0.181818,0.451613,0.192442,0.175974,0.181818,0.25,0.542462
0.272727,0.274194,0.28058,0.065584,0.30303,0.35,0.301111
0.272727,0.435484,0.226623,0.112338,0.515152,0.375,0.475781
0.181818,0.564516,0.264388,0.103896,0.363636,0.375,0.676033
0.272727,0.435484,0.249994,0.085065,0.393939,0.375,0.475781
0.181818,0.516129,0.291366,0.064935,0.333333,0.375,0.618788
0.363636,0.532258,0.289568,0.047403,0.272727,0.3,0.532187
0.272727,0.693548,0.26259,0.126623,0.363636,0.375,0.755295
0.272727,0.612903,0.267983,0.09026,0.363636,0.25,0.668065
0.363636,0.677419,0.273377,0.084416,0.363636,0.35,0.677501
0.363636,0.709677,0.258995,0.084416,0.363636,0.3,0.709583
0.272727,0.516129,0.241005,0.084416,0.454545,0.45,0.563221
0.363636,0.5,0.244601,0.025325,0.424242,0.325,0.499895
0.272727,0.677419,0.249994,0.078571,0.393939,0.35,0.737891
0.272727,0.629032,0.261076,0.077273,0.363636,0.3,0.685469
0.363636,0.548387,0.26259,0.059091,0.363636,0.25,0.548333
0.454545,0.516129,0.26259,0.022727,0.424242,0.4,0.475781
0.272727,0.677419,0.236121,0.114286,0.333333,0.3,0.737891
0.272727,0.645161,0.239314,0.140909,0.333333,0.325,0.702873
0.363636,0.564516,0.253601,0.078571,0.333333,0.25,0.564479
0.363636,0.612903,0.264211,0.087662,0.30303,0.3,0.612917
0.363636,0.66129,0.271437,0.096104,0.363636,0.35,0.661355
0.272727,0.629032,0.250609,0.095455,0.30303,0.3,0.685469
0.363636,0.516129,0.257197,0.092857,0.363636,0.35,0.516041
0.454545,0.612903,0.264388,0.059091,0.363636,0.35,0.565737
0.363636,0.645161,0.26259,0.112338,0.333333,0.325,0.645209
0.363636,0.5,0.313483,0.120779,0.363636,0.3,0.499895
0.454545,0.516129,0.334536,0.092857,0.484848,0.3,0.475781
0.363636,0.580645,0.376795,0.182468,0.424242,0.425,0.580625
0.363636,0.516129,0.311153,0.10974,0.363636,0.375,0.516041
0.363636,0.516129,0.388492,0.194805,0.484848,0.35,0.516041
0.272727,0.596774,0.370503,0.169481,0.424242,0.45,0.650451
0.454545,0.5,0.366907,0.106494,0.515152,0.45,0.460893
0.272727,0.596774,0.345228,0.164286,0.424242,0.475,0.650451
0.363636,0.516129,0.357966,0.137662,0.424242,0.4,0.516041
0.454545,0.548387,0.370503,0.101299,0.454545,0.375,0.505766
0.272727,0.564516,0.40647,0.237013,0.484848,0.475,0.615643
0.363636,0.629032,0.325535,0.177922,0.484848,0.475,0.629063
0.454545,0.758065,0.338131,0.095455,0.515152,0.4,0.700356
0.545455,0.774194,0.348918,0.087013,0.454545,0.375,0.6645
0.454545,0.677419,0.338131,0.084416,0.454545,0.4,0.625498
0.454545,0.629032,0.343525,0.255195,0.424242,0.375,0.580625
0.363636,0.596774,0.361691,0.216883,0.484848,0.475,0.596771
0.363636,0.596774,0.370503,0.177922,0.515152,0.45,0.596771
0.272727,0.451613,0.370503,0.067532,0.515152,0.5,0.493185
0.363636,0.354839,0.352513,0.22013,0.454545,0.375,0.354791
0.272727,0.145161,0.363312,0.096104,0.545455,0.425,0.16125
0.363636,0.274194,0.366907,0.097403,0.484848,0.4,0.274062
0.272727,0.451613,0.316546,0.092857,0.515152,0.375,0.493185
0.363636,0.193548,0.287771,0.194805,0.484848,0.4,0.193542
0.363636,0.274194,0.329131,0.296753,0.333333,0.375,0.274062
0.272727,0.225806,0.388492,0.491558,0.242424,0.3,0.248689
0.363636,0.112903,0.39029,0.347403,0.242424,0.4,0.112812
0.272727,0.145161,0.422661,0.430519,0.30303,0.275,0.16125
0.090909,0.274194,0.460426,0.5,0.090909,0.275,0.370937
0.272727,0.145161,0.437055,0.294156,0.242424,0.275,0.16125
0.272727,0.064516,0.460426,0.491558,0.242424,0.275,0.07381
0.363636,0.193548,0.334536,0.364286,0.363636,0.45,0.193542
0.272727,0.145161,0.379491,0.364286,0.272727,0.4,0.16125
0.272727,0.354839,0.311153,0.279221,0.424242,0.35,0.388341
0.363636,0.241935,0.32194,0.245455,0.545455,0.45,0.241979
0.272727,0.354839,0.293164,0.211688,0.545455,0.375,0.388341
0.272727,0.274194,0.289568,0.203247,0.575758,0.425,0.301111
0.363636,0.274194,0.316546,0.152597,0.484848,0.425,0.274062
0.272727,0.241935,0.352513,0.305195,0.363636,0.4,0.266094
0.272727,0.193548,0.41547,0.381169,0.30303,0.425,0.213672
0.363636,0.193548,0.411875,0.448701,0.30303,0.4,0.193542
0.363636,0.193548,0.401076,0.338961,0.242424,0.275,0.193542
0.363636,0.112903,0.420863,0.355844,0.454545,0.375,0.112812
0.363636,0.145161,0.498202,0.39026,0.363636,0.475,0.145104
0.363636,0.193548,0.424459,0.398052,0.545455,0.5,0.193542
0.272727,0.193548,0.442448,0.296753,0.484848,0.5,0.213672
0.363636,0.145161,0.447842,0.44026,0.333333,0.325,0.145104
0.272727,0.145161,0.442448,0.338961,0.242424,0.35,0.16125
0.272727,0.193548,0.424459,0.448701,0.393939,0.45,0.213672
0.363636,0.145161,0.478415,0.474675,0.30303,0.4,0.145104
0.363636,0.193548,0.469426,0.381169,0.333333,0.4,0.193542
0.363636,0.145161,0.496404,0.381169,0.484848,0.35,0.145104
0.272727,0.354839,0.40647,0.22013,0.333333,0.375,0.388341
0.454545,0.354839,0.361514,0.245455,0.363636,0.35,0.326064
0.272727,0.322581,0.413672,0.211688,0.424242,0.325,0.353533
0.363636,0.354839,0.40647,0.164935,0.545455,0.35,0.354791
0.363636,0.516129,0.388492,0.152597,0.606061,0.375,0.516041
0.363636,0.435484,0.370503,0.194805,0.545455,0.525,0.435521
0.363636,0.548387,0.370503,0.177922,0.575758,0.525,0.548333
0.363636,0.564516,0.365109,0.152597,0.575758,0.5,0.564479
0.363636,0.516129,0.368705,0.092857,0.575758,0.45,0.516041
0.363636,0.564516,0.356109,0.126623,0.575758,0.45,0.564479
0.272727,0.596774,0.34712,0.134416,0.575758,0.525,0.650451
0.363636,0.596774,0.348918,0.15,0.606061,0.525,0.596771
0.363636,0.596774,0.370503,0.135714,0.636364,0.475,0.596771
0.363636,0.596774,0.334536,0.135714,0.575758,0.45,0.596771
0.363636,0.596774,0.334536,0.161039,0.606061,0.525,0.596771
0.363636,0.596774,0.32194,0.124675,0.545455,0.475,0.596771
0.363636,0.596774,0.316546,0.14026,0.484848,0.45,0.596771
0.363636,0.596774,0.336334,0.087662,0.575758,0.475,0.596771
0.363636,0.596774,0.352513,0.152597,0.545455,0.475,0.596771
0.363636,0.387097,0.275174,0.065584,0.424242,0.3,0.387083
0.272727,0.354839,0.275174,0.065584,0.484848,0.35,0.388341
0.363636,0.516129,0.334536,0.135714,0.666667,0.375,0.516041
0.363636,0.548387,0.312951,0.075974,0.636364,0.425,0.548333
0.272727,0.596774,0.296759,0.075974,0.575758,0.475,0.650451
0.363636,0.354839,0.298557,0.084416,0.636364,0.475,0.354791
0.363636,0.516129,0.241005,0.075974,0.424242,0.425,0.516041
0.363636,0.516129,0.334536,0.10974,0.545455,0.475,0.516041
0.363636,0.677419,0.329131,0.118182,0.545455,0.5,0.677501
0.272727,0.596774,0.334536,0.10974,0.484848,0.475,0.650451
0.363636,0.435484,0.298557,0.075974,0.545455,0.475,0.435521
0.363636,0.564516,0.334536,0.092857,0.636364,0.475,0.564479
0.363636,0.516129,0.334536,0.10974,0.666667,0.5,0.516041
0.363636,0.516129,0.298557,0.084416,0.575758,0.475,0.516041
0.363636,0.580645,0.294962,0.073377,0.545455,0.45,0.580625
0.363636,0.516129,0.334536,0.174675,0.454545,0.375,0.516041
0.363636,0.516129,0.334536,0.152597,0.515152,0.45,0.516041
0.363636,0.596774,0.334536,0.135714,0.575758,0.5,0.596771
0.363636,0.580645,0.298557,0.084416,0.484848,0.4,0.580625
0.363636,0.564516,0.311153,0.084416,0.545455,0.425,0.564479
0.363636,0.516129,0.478415,0.169481,0.545455,0.45,0.516041
0.363636,0.516129,0.316546,0.101299,0.484848,0.4,0.516041
0.363636,0.677419,0.311153,0.084416,0.545455,0.475,0.677501
0.363636,0.677419,0.316546,0.084416,0.515152,0.425,0.677501
0.363636,0.596774,0.334536,0.092857,0.515152,0.475,0.596771
0.363636,0.677419,0.298557,0.072078,0.424242,0.375,0.677501
0.363636,0.709677,0.316546,0.101299,0.515152,0.525,0.709583
0.363636,0.758065,0.32194,0.177922,0.484848,0.425,0.758021
0.363636,0.596774,0.334536,0.135714,0.454545,0.45,0.596771
0.363636,0.677419,0.33094,0.161039,0.484848,0.425,0.677501
0.363636,0.677419,0.32194,0.161039,0.515152,0.475,0.677501
0.363636,0.741935,0.303962,0.144156,0.515152,0.45,0.741875
0.363636,0.677419,0.311153,0.105844,0.515152,0.425,0.677501
0.363636,0.596774,0.334536,0.092857,0.454545,0.4,0.596771
0.363636,0.677419,0.352158,0.069481,0.212121,0.3,0.677501
0.363636,0.693548,0.278865,0.132468,0.272727,0.3,0.693437
0.363636,0.822581,0.268161,0.171429,0.363636,0.3,0.822604
0.363636,0.596774,0.316546,0.135714,0.545455,0.5,0.596771
0.363636,0.677419,0.334536,0.13961,0.484848,0.45,0.677501
0.363636,0.83871,0.311153,0.186364,0.363636,0.35,0.83875
0.363636,0.83871,0.311153,0.169481,0.424242,0.4,0.83875
0.363636,0.83871,0.294962,0.144156,0.424242,0.425,0.83875
0.363636,0.677419,0.348918,0.161039,0.454545,0.375,0.677501
0.363636,0.83871,0.316546,0.169481,0.484848,0.4,0.83875
0.363636,0.677419,0.316546,0.177922,0.545455,0.45,0.677501
0.363636,0.758065,0.30576,0.084416,0.515152,0.425,0.758021
0.363636,0.758065,0.329131,0.135714,0.454545,0.375,0.758021
0.363636,0.758065,0.348918,0.126623,0.454545,0.425,0.758021
0.363636,0.758065,0.293164,0.144156,0.575758,0.375,0.758021
0.363636,0.919355,0.316546,0.169481,0.545455,0.4,0.91927
0.363636,0.596774,0.334536,0.177922,0.393939,0.375,0.596771
0.363636,0.435484,0.318344,0.194805,0.393939,0.4,0.435521
0.363636,0.274194,0.316546,0.152597,0.181818,0.225,0.274062
0.363636,0.225806,0.365109,0.448701,0.242424,0.225,0.225834
0.363636,0.354839,0.361514,0.201299,0.393939,0.4,0.354791
0.363636,0.112903,0.381289,0.398052,0.424242,0.225,0.112812
0.363636,0.274194,0.388492,0.279221,0.363636,0.3,0.274062
0.363636,0.596774,0.33094,0.381169,0.363636,0.3,0.596771
0.363636,0.596774,0.316546,0.322078,0.393939,0.375,0.596771
0.363636,0.677419,0.298557,0.338961,0.424242,0.375,0.677501
0.363636,0.629032,0.336334,0.296753,0.30303,0.25,0.629063
0.363636,0.516129,0.34712,0.194805,0.333333,0.275,0.516041
0.272727,0.290323,0.376026,0.342857,0.151515,0.3,0.318515
0.363636,0.306452,0.352513,0.364286,0.212121,0.375,0.306354
0.363636,0.112903,0.352513,0.237013,0.212121,0.225,0.112812
0.363636,0.322581,0.387605,0.36039,0.151515,0.3,0.322499
0.363636,0.435484,0.370503,0.364286,0.151515,0.275,0.435521
0.363636,0.354839,0.442448,0.398052,0.181818,0.175,0.354791
0.363636,0.516129,0.420863,0.38961,0.181818,0.2,0.516041
0.363636,0.483871,0.442448,0.391558,0.151515,0.175,0.483749
0.363636,0.354839,0.397481,0.347403,0.060606,0.2,0.354791
0.363636,0.354839,0.424459,0.381169,0.151515,0.125,0.354791
0.363636,0.435484,0.401076,0.406494,0.212121,0.175,0.435521
0.545455,0.274194,0.433448,0.364286,0.181818,0.15,0.231076
0.345455,0.370968,0.290775,0.118182,0.242424,0.3,0.377438
0.363636,0.516129,0.316546,0.22013,0.242424,0.225,0.516041
0.363636,0.564516,0.264388,0.211688,0.181818,0.175,0.564479
0.381818,0.596774,0.275376,0.228571,0.242424,0.275,0.586915
0.272727,0.596774,0.230231,0.188961,0.151515,0.175,0.650451
0.363636,0.774194,0.231579,0.157143,0.212121,0.175,0.774166
0.363636,0.83871,0.251804,0.188312,0.181818,0.175,0.83875
0.363636,0.758065,0.26259,0.169481,0.272727,0.225,0.758021
0.363636,0.83871,0.233814,0.131169,0.272727,0.225,0.83875
0.363636,0.919355,0.232017,0.133766,0.272727,0.225,0.91927
0.363636,0.919355,0.230219,0.131818,0.30303,0.2,0.91927
0.363636,0.83871,0.25385,0.1,0.333333,0.275,0.83875
0.363636,0.822581,0.216653,0.096753,0.30303,0.25,0.822604
0.363636,0.919355,0.217623,0.101299,0.30303,0.25,0.91927
0.363636,0.887097,0.235612,0.144156,0.30303,0.25,0.887188
0.363636,0.919355,0.228421,0.151299,0.30303,0.25,0.91927
0.454545,1.0,0.223016,0.194805,0.333333,0.3,0.925142
0.363636,1.0,0.233814,0.126623,0.30303,0.25,1.0
0.363636,0.919355,0.244601,0.15,0.363636,0.3,0.91927
0.363636,0.758065,0.216901,0.116234,0.272727,0.25,0.758021
0.363636,0.83871,0.248397,0.182468,0.272727,0.275,0.83875
0.272727,0.806452,0.260721,0.149351,0.272727,0.275,0.877752
0.363636,0.596774,0.253116,0.112987,0.212121,0.2,0.596771
0.363636,0.596774,0.28058,0.101299,0.333333,0.275,0.596771
0.454545,0.709677,0.294962,0.212338,0.272727,0.25,0.655483
0.363636,0.725806,0.325535,0.233117,0.242424,0.25,0.725729
0.363636,0.564516,0.290526,0.222727,0.121212,0.225,0.564479
0.363636,0.725806,0.295293,0.217532,0.151515,0.275,0.725729
0.363636,0.645161,0.301372,0.244156,0.181818,0.3,0.645209
0.454545,0.919355,0.294962,0.313636,0.242424,0.225,0.850283
0.363636,0.967742,0.334536,0.281818,0.363636,0.275,0.967708
0.363636,0.758065,0.334536,0.211688,0.151515,0.275,0.758021
0.363636,0.758065,0.292064,0.244805,0.212121,0.275,0.758021
0.272727,0.822581,0.297966,0.297403,0.212121,0.25,0.895156
0.363636,0.806452,0.291981,0.27987,0.090909,0.2,0.806458
0.363636,0.596774,0.316546,0.279221,0.333333,0.325,0.596771
0.363636,0.758065,0.352513,0.330519,0.272727,0.4,0.758021
0.363636,0.870968,0.352513,0.313636,0.272727,0.3,0.871042
0.363636,0.725806,0.325535,0.279221,0.242424,0.275,0.725729
0.327273,0.758065,0.277303,0.291558,0.212121,0.225,0.783602
0.272727,0.854839,0.195553,0.181818,0.212121,0.225,0.930174
0.363636,0.887097,0.236002,0.15974,0.212121,0.225,0.887188
0.363636,0.919355,0.318344,0.279221,0.363636,0.35,0.91927
0.363636,0.887097,0.336334,0.253896,0.272727,0.25,0.887188
0.363636,0.806452,0.327333,0.203896,0.242424,0.275,0.806458
0.272727,0.806452,0.27851,0.249351,0.393939,0.425,0.877752
0.272727,0.758065,0.316192,0.214286,0.363636,0.45,0.82533
0.363636,0.758065,0.316546,0.211688,0.484848,0.425,0.758021
0.363636,0.967742,0.352513,0.211688,0.454545,0.425,0.967708
0.363636,0.919355,0.343525,0.264286,0.424242,0.425,0.91927
0.363636,0.709677,0.316747,0.223377,0.333333,0.45,0.709583
0.272727,0.741935,0.242011,0.286364,0.333333,0.425,0.807717
0.272727,0.709677,0.299894,0.275325,0.30303,0.425,0.772908
0.363636,0.596774,0.40647,0.296753,0.424242,0.425,0.596771
0.363636,0.709677,0.424814,0.37013,0.393939,0.475,0.709583
0.363636,0.532258,0.414725,0.357143,0.393939,0.5,0.532187
0.363636,0.564516,0.449923,0.396104,0.424242,0.5,0.564479
0.363636,0.435484,0.460426,0.347403,0.575758,0.425,0.435521
0.363636,0.83871,0.442448,0.305195,0.545455,0.425,0.83875
0.363636,1.0,0.460426,0.364286,0.484848,0.4,1.0
0.363636,0.677419,0.403797,0.284416,0.393939,0.45,0.677501
0.363636,0.83871,0.395364,0.283766,0.393939,0.5,0.83875
0.345455,0.870968,0.355435,0.255844,0.363636,0.425,0.885301
0.272727,0.83871,0.365322,0.22987,0.333333,0.4,0.91256
0.272727,0.83871,0.366056,0.263636,0.333333,0.45,0.91256
0.363636,0.758065,0.397481,0.279221,0.484848,0.525,0.758021
0.454545,0.758065,0.440651,0.279221,0.515152,0.55,0.700356
0.363636,0.758065,0.45683,0.296753,0.515152,0.55,0.758021
0.363636,0.919355,0.451437,0.320779,0.393939,0.5,0.91927
0.272727,0.596774,0.443241,0.303247,0.515152,0.575,0.650451
0.272727,0.758065,0.485831,0.392857,0.515152,0.625,0.82533
0.272727,0.596774,0.528527,0.398052,0.484848,0.6,0.650451
0.363636,0.645161,0.496404,0.305195,0.515152,0.5,0.645209
0.363636,0.919355,0.496404,0.313636,0.545455,0.575,0.91927
0.363636,0.83871,0.496404,0.317532,0.545455,0.575,0.83875
0.363636,0.596774,0.514382,0.364286,0.515152,0.55,0.596771
0.272727,0.596774,0.519302,0.372078,0.515152,0.575,0.650451
0.318182,0.435484,0.555778,0.405195,0.515152,0.6,0.454812
0.363636,0.435484,0.606541,0.435714,0.515152,0.625,0.435521
0.363636,0.403226,0.667262,0.516883,0.727273,0.6,0.403229
0.363636,0.306452,0.676263,0.559091,0.757576,0.625,0.306354
0.363636,0.274194,0.640284,0.669481,0.666667,0.625,0.274062
0.363636,0.225806,0.66207,0.669481,0.606061,0.55,0.225834
0.363636,0.16129,0.674015,0.690909,0.606061,0.525,0.16125
0.363636,0.193548,0.36505,0.368831,0.393939,0.475,0.193542
0.272727,0.16129,0.730219,0.516883,0.575758,0.45,0.178654
0.363636,0.193548,0.766186,0.618831,0.393939,0.45,0.193542
0.363636,0.16129,0.710857,0.701299,0.484848,0.475,0.16125
0.363636,0.16129,0.757197,0.745455,0.545455,0.475,0.16125
0.363636,0.145161,0.735789,0.672078,0.606061,0.5,0.145104
0.545455,0.145161,0.712229,0.661039,0.636364,0.5,0.119312
0.545455,0.112903,0.784175,0.669481,0.606061,0.5,0.091424
0.363636,0.112903,0.711709,0.821429,0.575758,0.625,0.112812
0.454545,0.080645,0.749994,0.830519,0.636364,0.625,0.071294
0.090909,0.096774,0.586328,0.161039,0.69697,0.65,0.140281
0.272727,0.096774,0.661833,0.299351,0.545455,0.65,0.108828
0.363636,0.112903,0.604317,0.305195,0.575758,0.5,0.112812
0.363636,0.080645,0.739633,0.411688,0.606061,0.65,0.08052
0.363636,0.048387,0.749994,0.406494,0.606061,0.625,0.048438
0.363636,0.112903,0.730219,0.533766,0.545455,0.575,0.112812
0.454545,0.241935,0.640284,0.41039,0.545455,0.6,0.22122
0.363636,0.112903,0.69424,0.38961,0.666667,0.65,0.112812
0.818182,0.129032,0.658273,0.322078,0.545455,0.575,0.079681
0.363636,0.112903,0.69424,0.38961,0.757576,0.7,0.112812
0.545455,0.112903,0.622306,0.448701,0.333333,0.475,0.091424
0.545455,0.112903,0.595328,0.533766,0.484848,0.525,0.091424
0.363636,0.112903,0.658273,0.491558,0.606061,0.525,0.112812
0.545455,0.112903,0.622306,0.491558,0.545455,0.55,0.091424
0.454545,0.177419,0.676263,0.542208,0.666667,0.575,0.16125
0.363636,0.112903,0.730219,0.618831,0.575758,0.475,0.112812
0.181818,0.112903,0.559349,0.023377,0.606061,0.5,0.142168
0.545455,0.145161,0.56835,0.347403,0.424242,0.575,0.119312
0.363636,0.129032,0.532371,0.152597,0.515152,0.6,0.128958
0.363636,0.112903,0.613306,0.516883,0.575758,0.525,0.112812
0.363636,0.145161,0.640284,0.508442,0.757576,0.5,0.145104
0.363636,0.145161,0.622306,0.559091,0.757576,0.625,0.145104
0.545455,0.112903,0.586328,0.533766,0.606061,0.575,0.091424
0.545455,0.129032,0.588125,0.533766,0.727273,0.6,0.105263
0.545455,0.145161,0.56835,0.584416,0.636364,0.575,0.119312
0.545455,0.112903,0.56835,0.423377,0.606061,0.65,0.091424
0.454545,0.177419,0.557552,0.533766,0.636364,0.575,0.16125
0.545455,0.145161,0.586328,0.491558,0.606061,0.5,0.119312
0.545455,0.16129,0.615103,0.555844,0.666667,0.6,0.133361
0.545455,0.16129,0.586328,0.533766,0.606061,0.625,0.133361
0.545455,0.16129,0.604317,0.567532,0.666667,0.7,0.133361
0.454545,0.193548,0.586328,0.491558,0.666667,0.675,0.176138
0.545455,0.16129,0.593519,0.35974,0.818182,0.65,0.133361
0.545455,0.274194,0.519787,0.431818,0.69697,0.575,0.231076
0.545455,0.112903,0.604317,0.491558,0.636364,0.65,0.091424
0.545455,0.080645,0.613306,0.423377,0.757576,0.725,0.063326
0.545455,0.129032,0.640284,0.533766,0.666667,0.55,0.105263
0.363636,0.193548,0.532371,0.10974,0.606061,0.55,0.193542
0.363636,0.193548,0.532371,0.135714,0.636364,0.575,0.193542
0.363636,0.112903,0.496404,0.152597,0.606061,0.625,0.112812
0.545455,0.112903,0.56835,0.237013,0.666667,0.7,0.091424
0.545455,0.112903,0.640284,0.406494,0.636364,0.575,0.091424
0.363636,0.145161,0.604317,0.559091,0.606061,0.6,0.145104
0.363636,0.080645,0.703241,0.618831,0.606061,0.7,0.08052
0.454545,0.080645,0.676263,0.237013,0.757576,0.625,0.071294
0.545455,0.080645,0.730219,0.63961,0.606061,0.65,0.063326
0.363636,0.112903,0.69424,0.533766,0.575758,0.575,0.112812
0.363636,0.112903,0.640284,0.575974,0.606061,0.6,0.112812
0.363636,0.080645,0.604317,0.533766,0.636364,0.625,0.08052
0.363636,0.16129,0.606115,0.495455,0.606061,0.65,0.16125
0.363636,0.080645,0.622306,0.483117,0.606061,0.625,0.08052
0.363636,0.145161,0.595328,0.474675,0.606061,0.6,0.145104
0.363636,0.193548,0.532371,0.491558,0.606061,0.575,0.193542
0.363636,0.193548,0.56835,0.491558,0.606061,0.6,0.193542
0.363636,0.112903,0.604317,0.635714,0.575758,0.575,0.112812
0.363636,0.080645,0.658273,0.575974,0.606061,0.6,0.08052
0.272727,0.048387,0.730219,0.406494,0.606061,0.625,0.056406
0.363636,0.032258,0.748196,0.194805,0.606061,0.625,0.032292
0.363636,0.080645,0.712229,0.491558,0.606061,0.625,0.08052
0.272727,0.112903,0.604317,0.448701,0.575758,0.6,0.126232
0.363636,0.112903,0.532371,0.406494,0.575758,0.575,0.112812
0.363636,0.096774,0.658273,0.406494,0.575758,0.625,0.096666
0.363636,0.193548,0.604317,0.406494,0.606061,0.575,0.193542
0.363636,0.129032,0.604317,0.491558,0.575758,0.6,0.128958
0.363636,0.096774,0.640284,0.448701,0.606061,0.575,0.096666
0.363636,0.096774,0.676263,0.364286,0.575758,0.525,0.096666
0.363636,0.080645,0.658273,0.10974,0.606061,0.55,0.08052
0.363636,0.112903,0.631295,0.135714,0.545455,0.6,0.112812
0.727273,0.112903,0.460426,0.194805,0.121212,0.1,0.074858
0.727273,0.145161,0.298557,0.237013,0.0,0.025,0.099602
0.545455,0.112903,0.235612,0.10974,0.0,0.025,0.091424
0.636364,0.145161,0.226623,0.194805,0.0,0.025,0.108828
0.727273,0.145161,0.190645,0.186364,0.060606,0.15,0.099602
0.636364,0.129032,0.208634,0.126623,0.030303,0.075,0.095827
0.727273,0.112903,0.190645,0.10974,0.0,0.2,0.074858
0.727273,0.112903,0.190645,0.126623,0.030303,0.225,0.074858
0.727273,0.064516,0.199645,0.135714,0.0,0.3,0.037953
0.727273,0.112903,0.190645,0.152597,0.0,0.3,0.074858
0.727273,0.112903,0.208634,0.152597,0.0,0.3,0.074858
0.727273,0.145161,0.181656,0.194805,0.0,0.35,0.099602
0.727273,0.112903,0.185251,0.211688,0.060606,0.4,0.074858
0.727273,0.145161,0.26259,0.279221,0.030303,0.4,0.099602
0.727273,0.112903,0.226623,0.211688,0.0,0.425,0.074858
0.727273,0.080645,0.223016,0.192208,0.030303,0.4,0.050325
0.818182,0.080645,0.235612,0.152597,0.0,0.375,0.044663
0.727273,0.112903,0.221218,0.152597,0.0,0.4,0.074858
0.727273,0.112903,0.28058,0.237013,0.0,0.375,0.074858
0.727273,0.032258,0.28058,0.194805,0.0,0.075,0.01321
0.727273,0.145161,0.199645,0.237013,0.0,0.1,0.099602
0.727273,0.112903,0.181656,0.14026,0.0,0.1,0.074858
0.727273,0.080645,0.181656,0.152597,0.030303,0.125,0.050325
0.727273,0.145161,0.201443,0.194805,0.0,0.1,0.099602
0.727273,0.112903,0.199645,0.133117,0.0,0.075,0.074858
0.636364,0.145161,0.298557,0.262338,0.181818,0.175,0.108828
0.727273,0.112903,0.244601,0.237013,0.090909,0.175,0.074858
0.363636,0.193548,0.514382,0.661039,0.484848,0.525,0.193542
0.636364,0.16129,0.478415,0.491558,0.545455,0.475,0.122038
0.545455,0.112903,0.496404,0.533766,0.454545,0.3,0.091424
0.363636,0.112903,0.478415,0.322078,0.545455,0.55,0.112812
0.545455,0.048387,0.496404,0.559091,0.484848,0.575,0.035437
0.636364,0.032258,0.370503,0.126623,0.484848,0.475,0.017194
0.545455,0.145161,0.226623,0.262338,0.454545,0.125,0.119312
0.636364,0.064516,0.244601,0.237013,0.0,0.25,0.043405
0.727273,0.080645,0.334536,0.152597,0.0,0.3,0.050325
0.636364,0.064516,0.28058,0.237013,0.0,0.275,0.043405
0.636364,0.096774,0.298557,0.322078,0.0,0.15,0.069616
1.0,0.112903,0.244601,0.067532,0.0,0.2,0.056406
0.818182,0.112903,0.226623,0.22013,0.0,0.25,0.068148
0.727273,0.080645,0.26259,0.194805,0.0,0.225,0.050325
0.818182,0.112903,0.296759,0.211688,0.030303,0.25,0.068148
1.0,0.112903,0.298557,0.237013,0.0,0.275,0.056406
0.818182,0.112903,0.244601,0.126623,0.0,0.3,0.068148
0.818182,0.112903,0.28058,0.194805,0.0,0.275,0.068148
0.818182,0.064516,0.28058,0.152597,0.0,0.25,0.033131
0.818182,0.112903,0.40647,0.152597,0.0,0.075,0.068148
1.0,0.080645,0.307558,0.141558,0.030303,0.125,0.035437
1.0,0.080645,0.253601,0.10974,0.0,0.1,0.035437
1.0,0.129032,0.312951,0.126623,0.0,0.075,0.06689
0.909091,0.129032,0.185251,0.126623,0.0,0.1,0.072971
1.0,0.16129,0.190645,0.114935,0.0,0.075,0.087859
1.0,0.080645,0.182732,0.067532,0.0,0.075,0.035437
0.909091,0.145161,0.26259,0.152597,0.0,0.05,0.084085
0.818182,0.145161,0.316546,0.322078,0.272727,0.3,0.091424
0.545455,0.16129,0.298557,0.322078,0.242424,0.3,0.133361
0.818182,0.112903,0.244601,0.194805,0.0,0.075,0.068148
0.727273,0.080645,0.28058,0.152597,0.0,0.2,0.050325
0.818182,0.145161,0.172667,0.135714,0.0,0.075,0.091424
0.909091,0.129032,0.208634,0.22013,0.060606,0.1,0.072971
0.818182,0.112903,0.190645,0.169481,0.0,0.075,0.068148
0.909091,0.112903,0.190645,0.152597,0.0,0.05,0.061858
1.0,0.080645,0.208634,0.115584,0.151515,0.225,0.035437
0.909091,0.112903,0.241005,0.211688,0.030303,0.125,0.061858
0.909091,0.112903,0.226623,0.152597,0.0,0.1,0.061858
0.727273,0.016129,0.28058,0.203247,0.030303,0.05,0.000839
0.818182,0.032258,0.316546,0.237013,0.0,0.1,0.009855
0.909091,0.080645,0.235612,0.152597,0.0,0.1,0.039841
0.545455,0.129032,0.275174,0.277273,0.060606,0.125,0.105263
0.636364,0.096774,0.298557,0.194805,0.0,0.1,0.069616
1.0,0.080645,0.28058,0.152597,0.0,0.1,0.035437
1.0,0.096774,0.224826,0.138961,0.0,0.125,0.045922
0.818182,0.080645,0.228421,0.152597,0.0,0.15,0.044663
0.909091,0.032258,0.298557,0.131818,0.0,0.125,0.00671
0.818182,0.112903,0.190645,0.169481,0.0,0.025,0.068148
0.909091,0.080645,0.226623,0.135714,0.0,0.125,0.039841
0.545455,0.129032,0.26259,0.237013,0.030303,0.125,0.105263
0.545455,0.145161,0.26259,0.279221,0.0,0.125,0.119312
0.636364,0.112903,0.334536,0.394805,0.151515,0.3,0.082617
0.454545,0.129032,0.417268,0.508442,0.393939,0.425,0.116377
0.727273,0.145161,0.226623,0.135714,0.0,0.125,0.099602
0.727273,0.112903,0.244601,0.152597,0.0,0.15,0.074858
0.545455,0.080645,0.40647,0.253896,0.30303,0.45,0.063326
0.636364,0.080645,0.56835,0.364286,0.30303,0.45,0.056406
0.454545,0.096774,0.586328,0.135714,0.606061,0.55,0.086391
0.545455,0.112903,0.586328,0.237013,0.484848,0.5,0.091424
0.545455,0.112903,0.496404,0.152597,0.606061,0.625,0.091424
0.545455,0.112903,0.550361,0.322078,0.515152,0.525,0.091424
0.545455,0.112903,0.496404,0.322078,0.484848,0.575,0.091424
0.545455,0.080645,0.550361,0.322078,0.454545,0.575,0.063326
0.454545,0.080645,0.56835,0.448701,0.212121,0.375,0.071294
0.545455,0.080645,0.496404,0.448701,0.454545,0.5,0.063326
0.545455,0.080645,0.514382,0.483117,0.515152,0.575,0.063326
0.454545,0.112903,0.604317,0.491558,0.636364,0.675,0.101279
0.454545,0.112903,0.424459,0.203247,0.636364,0.625,0.101279
0.636364,0.145161,0.45683,0.253896,0.69697,0.675,0.108828
0.545455,0.112903,0.442448,0.194805,0.636364,0.625,0.091424
0.636364,0.080645,0.442448,0.126623,0.484848,0.6,0.056406
0.636364,0.096774,0.550361,0.211688,0.666667,0.675,0.069616
0.727273,0.080645,0.334536,0.033766,0.0,0.125,0.050325
0.636364,0.096774,0.514382,0.050649,0.666667,0.6,0.069616
0.545455,0.096774,0.496404,0.152597,0.636364,0.625,0.077375
0.545455,0.112903,0.532371,0.194805,0.666667,0.675,0.091424
0.545455,0.048387,0.622306,0.194805,0.666667,0.675,0.035437
0.545455,0.080645,0.640284,0.322078,0.636364,0.725,0.063326
0.545455,0.064516,0.604317,0.322078,0.666667,0.725,0.049486
0.545455,0.080645,0.676263,0.406494,0.666667,0.75,0.063326
0.545455,0.129032,0.69424,0.575974,0.636364,0.7,0.105263
0.363636,0.112903,0.604317,0.10974,0.848485,0.6,0.112812
0.454545,0.112903,0.532371,0.152597,0.848485,0.825,0.101279
0.363636,0.274194,0.496404,0.144156,0.909091,0.775,0.274062
0.363636,0.274194,0.514382,0.169481,0.878788,0.775,0.274062
0.363636,0.225806,0.532371,0.237013,0.878788,0.85,0.225834
0.272727,0.193548,0.676263,0.406494,0.848485,0.875,0.213672
0.363636,0.112903,0.820142,0.406494,0.757576,0.8,0.112812
0.363636,0.354839,0.766186,0.703247,0.515152,0.625,0.354791
0.363636,0.193548,0.793164,0.575974,0.606061,0.7,0.193542
0.363636,0.112903,0.802153,0.618831,0.515152,0.625,0.112812
0.363636,0.193548,0.820142,0.703247,0.727273,0.775,0.193542
0.272727,0.193548,0.811153,0.661039,0.878788,0.825,0.213672
0.363636,0.193548,0.802153,0.661039,0.787879,0.725,0.193542
0.272727,0.145161,0.892088,0.491558,0.636364,0.875,0.16125
0.272727,0.193548,0.838131,0.618831,0.69697,0.775,0.213672
0.272727,0.112903,0.856109,0.575974,0.757576,0.85,0.126232
0.545455,0.145161,0.838131,0.661039,0.727273,0.8,0.119312
0.363636,0.354839,0.730219,0.10974,0.848485,0.825,0.354791
0.363636,0.354839,0.676263,0.237013,0.787879,0.8,0.354791
0.363636,0.274194,0.712229,0.406494,0.818182,0.875,0.274062
0.363636,0.193548,0.802153,0.508442,0.848485,0.825,0.193542
0.363636,0.193548,0.820142,0.491558,0.545455,0.625,0.193542
0.454545,0.241935,0.892088,0.575974,0.606061,0.65,0.22122
0.363636,0.129032,0.874098,0.592857,0.787879,0.75,0.128958
0.363636,0.193548,0.874098,0.703247,0.757576,0.8,0.193542
0.545455,0.193548,0.892088,0.745455,0.666667,0.75,0.16125
0.0,0.145161,0.640284,0.237013,0.69697,0.8,0.231076
0.545455,0.193548,0.784175,0.533766,0.727273,0.8,0.16125
0.818182,0.193548,0.766186,0.491558,0.636364,0.7,0.126232
0.545455,0.145161,0.820142,0.830519,0.818182,0.875,0.119312
0.454545,0.193548,0.838131,0.745455,0.787879,0.85,0.176138
0.545455,0.177419,0.784175,0.677922,0.757576,0.8,0.147201
0.545455,0.177419,0.807558,0.677922,0.757576,0.8,0.147201
0.545455,0.145161,0.820142,0.830519,0.69697,0.8,0.119312
0.545455,0.145161,0.838131,0.677922,0.727273,0.725,0.119312
0.545455,0.145161,0.748196,0.364286,0.727273,0.8,0.119312
0.545455,0.193548,0.712229,0.491558,0.787879,0.825,0.16125
0.545455,0.145161,0.784175,0.661039,0.787879,0.85,0.119312
0.636364,0.193548,0.730219,0.177922,0.787879,0.85,0.148249
0.636364,0.080645,0.802153,0.491558,0.909091,0.95,0.056406
0.636364,0.145161,0.748196,0.491558,0.818182,0.875,0.108828
0.545455,0.193548,0.550361,0.194805,0.727273,0.7,0.16125
0.545455,0.112903,0.586328,0.152597,0.69697,0.725,0.091424
0.636364,0.145161,0.640284,0.169481,0.333333,0.375,0.108828
0.545455,0.145161,0.748196,0.406494,0.878788,0.95,0.119312
0.545455,0.112903,0.820142,0.745455,0.909091,0.925,0.091424
0.545455,0.112903,0.820142,0.728571,0.727273,0.8,0.091424
0.545455,0.193548,0.838131,0.745455,0.818182,0.85,0.16125
0.545455,0.435484,0.550361,0.237013,0.878788,0.775,0.370937
0.818182,0.516129,0.676263,0.830519,0.909091,1.0,0.359195
0.545455,0.225806,0.775174,0.466234,0.727273,0.775,0.189138
0.727273,0.274194,0.784175,0.728571,0.818182,0.875,0.198155
0.727273,0.274194,0.892088,0.830519,0.909091,0.95,0.198155
0.818182,0.274194,0.964033,0.61039,0.878788,0.9,0.184525
0.636364,0.274194,0.856109,0.830519,0.727273,0.775,0.213672
0.454545,0.080645,0.964033,0.508442,0.909091,0.95,0.071294
0.636364,0.145161,0.730219,0.322078,0.848485,0.775,0.108828
0.636364,0.112903,0.766186,0.788312,0.818182,0.85,0.082617
0.636364,0.145161,0.658273,0.448701,0.757576,0.825,0.108828
0.636364,0.145161,0.730219,0.830519,0.69697,0.775,0.108828
0.636364,0.112903,0.820142,0.830519,0.848485,0.925,0.082617
0.636364,0.145161,0.766186,0.745455,0.818182,0.875,0.108828
0.545455,0.16129,0.730219,0.830519,0.69697,0.775,0.133361
0.545455,0.145161,0.802153,0.703247,0.787879,0.825,0.119312
0.545455,0.145161,0.766186,0.661039,0.757576,0.825,0.119312
0.636364,0.112903,0.784175,0.703247,0.848485,0.85,0.082617
0.636364,0.096774,0.820142,0.830519,0.848485,0.9,0.069616
0.272727,0.145161,0.874098,0.203247,0.969697,0.925,0.16125
0.272727,0.193548,0.640284,0.364286,0.818182,0.7,0.213672
0.363636,0.145161,0.856109,0.618831,0.787879,0.775,0.145104
0.545455,0.048387,0.838131,0.406494,0.818182,0.8,0.035437
0.636364,0.145161,0.676263,0.364286,0.818182,0.875,0.108828
0.636364,0.193548,0.712229,0.661039,0.848485,0.9,0.148249
0.545455,0.129032,0.820142,0.830519,0.818182,0.85,0.105263
0.636364,0.193548,0.739208,0.661039,0.787879,0.8,0.148249
0.727273,0.274194,0.712229,0.575974,0.757576,0.7,0.198155
0.636364,0.064516,0.811153,0.279221,0.757576,0.725,0.043405
0.363636,0.112903,0.964033,0.237013,0.757576,0.7,0.112812
0.545455,0.193548,0.640284,0.237013,0.818182,0.7,0.16125
0.636364,0.145161,0.640284,0.10974,0.757576,0.7,0.108828
0.545455,0.193548,0.604317,0.237013,0.818182,0.8,0.16125
0.545455,0.112903,0.820142,0.745455,0.818182,0.875,0.091424
0.545455,0.112903,0.766186,0.745455,0.848485,0.875,0.091424
0.545455,0.16129,0.784175,0.661039,0.848485,0.875,0.133361
0.545455,0.16129,0.784175,0.618831,0.787879,0.8,0.133361
0.636364,0.193548,0.56835,0.237013,0.818182,0.775,0.148249
0.636364,0.112903,0.676263,0.491558,0.818182,0.8,0.082617
0.636364,0.145161,0.69424,0.491558,0.787879,0.8,0.108828
0.545455,0.112903,0.69424,0.661039,0.727273,0.75,0.091424
0.636364,0.112903,0.730219,0.661039,0.818182,0.775,0.082617
0.636364,0.145161,0.69424,0.661039,0.757576,0.8,0.108828
0.636364,0.193548,0.69424,0.575974,0.757576,0.775,0.148249
0.636364,0.193548,0.604317,0.22013,0.727273,0.65,0.148249
0.545455,0.354839,0.496404,0.237013,0.727273,0.675,0.301111
0.545455,0.193548,0.640284,0.575974,0.69697,0.7,0.16125
0.636364,0.193548,0.586328,0.533766,0.787879,0.775,0.148249
0.454545,0.112903,0.676263,0.661039,0.636364,0.675,0.101279
0.545455,0.274194,0.820142,0.406494,0.939394,0.925,0.231076
0.636364,0.112903,0.820142,0.448701,0.757576,0.775,0.082617
0.636364,0.064516,0.820142,0.830519,0.69697,0.7,0.043405
0.545455,0.112903,0.802153,0.661039,0.818182,0.825,0.091424
0.636364,0.032258,0.820142,0.661039,0.757576,0.8,0.017194
0.545455,0.112903,0.856109,0.491558,0.787879,0.8,0.091424
0.545455,0.112903,0.838131,0.745455,0.787879,0.775,0.091424
0.545455,0.096774,0.802153,0.745455,0.848485,0.825,0.077375
0.636364,0.16129,0.856109,0.914935,0.848485,0.85,0.122038
0.545455,0.112903,0.856109,0.745455,0.787879,0.8,0.091424
0.636364,0.112903,0.820142,0.618831,0.878788,0.875,0.082617
0.636364,0.112903,0.856109,0.635714,0.878788,0.875,0.082617
0.636364,0.354839,0.640284,0.067532,0.909091,0.675,0.279304
0.636364,0.274194,0.604317,0.169481,0.787879,0.65,0.213672
0.545455,0.274194,0.618699,0.198052,0.787879,0.75,0.231076
0.545455,0.193548,0.807558,0.671429,0.787879,0.725,0.16125
0.636364,0.112903,0.784175,0.491558,0.787879,0.675,0.082617
0.636364,0.145161,0.820142,0.575974,0.818182,0.775,0.108828
0.545455,0.112903,0.877694,0.740909,0.787879,0.725,0.091424
0.636364,0.145161,0.838131,0.042208,1.0,0.825,0.108828
0.545455,0.193548,0.820142,0.169481,0.727273,0.7,0.16125
0.636364,0.193548,0.69424,0.322078,0.727273,0.7,0.148249
0.545455,0.193548,0.676263,0.237013,0.787879,0.725,0.16125
0.636364,0.193548,0.748196,0.406494,0.727273,0.725,0.148249
0.636364,0.112903,0.820142,0.491558,0.727273,0.725,0.082617
0.545455,0.080645,0.863844,0.42013,0.787879,0.8,0.063326
0.454545,0.112903,0.910065,0.237013,0.909091,0.9,0.101279
0.545455,0.354839,0.766186,0.491558,0.787879,0.775,0.301111
0.545455,0.354839,0.748196,0.575974,0.878788,0.85,0.301111
0.545455,0.274194,0.784175,0.575974,0.878788,0.825,0.231076
0.545455,0.193548,0.820142,0.830519,0.636364,0.65,0.16125
0.636364,0.193548,0.856109,1.0,0.484848,0.65,0.148249
0.545455,0.193548,0.910065,0.745455,0.69697,0.75,0.16125
0.545455,0.193548,0.892088,1.0,0.636364,0.65,0.16125
0.636364,0.516129,0.784175,0.237013,0.878788,0.75,0.410359
0.545455,0.354839,0.856109,0.575974,0.666667,0.7,0.301111
0.636364,0.080645,0.964033,0.618831,0.787879,0.775,0.056406
0.545455,0.274194,0.964033,1.0,0.787879,0.85,0.231076
0.636364,0.080645,1.0,0.745455,0.848485,0.875,0.056406
0.545455,0.193548,0.964033,1.0,0.848485,0.9,0.16125
0.545455,0.241935,0.856109,0.830519,1.0,0.925,0.203187
0.545455,0.435484,0.676263,0.745455,0.969697,0.85,0.370937
0.636364,0.354839,0.820142,0.661039,0.818182,0.775,0.279304
0.545455,0.193548,0.928054,0.914935,0.606061,0.7,0.16125
0.636364,0.354839,0.874098,0.406494,0.909091,0.825,0.279304
0.636364,0.274194,0.892088,0.745455,0.69697,0.725,0.213672
0.636364,0.112903,0.928054,0.830519,0.69697,0.775,0.082617
0.636364,0.274194,0.910065,0.830519,0.757576,0.8,0.213672
0.636364,0.193548,0.856109,0.745455,0.636364,0.65,0.148249
0.545455,0.274194,0.874098,0.830519,0.666667,0.7,0.231076
0.636364,0.112903,0.838131,0.881169,0.666667,0.725,0.082617
0.636364,0.193548,0.784175,0.237013,0.939394,0.775,0.148249
0.818182,0.193548,0.0,0.152597,0.787879,0.725,0.126232
0.727273,0.354839,0.784175,0.575974,0.909091,0.95,0.260013
0.818182,0.354839,0.676263,0.703247,0.727273,0.75,0.242818
0.636364,0.193548,0.712229,0.491558,0.757576,0.85,0.148249
0.818182,0.193548,0.69424,0.575974,0.727273,0.85,0.126232
0.090909,0.145161,0.136688,0.084416,0.030303,0.15,0.203187
0.181818,0.193548,0.190645,0.10974,0.030303,0.175,0.237576
0.272727,0.225806,0.145689,0.194805,0.030303,0.15,0.248689
0.272727,0.290323,0.118699,0.084416,0.060606,0.175,0.318515
0.272727,0.306452,0.136688,0.101299,0.121212,0.275,0.335919
0.272727,0.370968,0.172667,0.101299,0.121212,0.275,0.405955
0.363636,0.354839,0.154678,0.097403,0.181818,0.275,0.354791
0.272727,0.322581,0.172667,0.126623,0.181818,0.325,0.353533
0.272727,0.435484,0.170857,0.118182,0.212121,0.275,0.475781
0.272727,0.403226,0.199645,0.103896,0.212121,0.3,0.440763
0.363636,0.387097,0.172667,0.101299,0.212121,0.3,0.387083
0.363636,0.403226,0.190645,0.084416,0.272727,0.35,0.403229
0.363636,0.387097,0.188847,0.025325,0.393939,0.35,0.387083
0.363636,0.467742,0.217623,0.033766,0.424242,0.4,0.467813
0.363636,0.467742,0.223016,0.016883,0.393939,0.375,0.467813
0.363636,0.403226,0.226623,0.067532,0.424242,0.35,0.403229
0.363636,0.467742,0.226623,0.0,0.454545,0.375,0.467813
0.363636,0.435484,0.244601,0.033766,0.424242,0.4,0.435521
0.363636,0.435484,0.230219,0.050649,0.454545,0.4,0.435521
0.363636,0.435484,0.26259,0.025325,0.424242,0.425,0.435521
0.545455,0.435484,0.28058,0.025325,0.212121,0.325,0.370937
0.272727,0.467742,0.298557,0.101299,0.212121,0.325,0.510799
0.454545,0.451613,0.284175,0.103896,0.181818,0.3,0.41581
0.454545,0.370968,0.28058,0.07013,0.242424,0.275,0.340952
0.363636,0.435484,0.28058,0.075974,0.30303,0.3,0.435521
0.454545,0.516129,0.28058,0.135714,0.30303,0.375,0.475781
0.454545,0.516129,0.253601,0.10974,0.363636,0.375,0.475781
0.363636,0.5,0.253601,0.108442,0.272727,0.35,0.499895
0.363636,0.516129,0.248196,0.133117,0.30303,0.35,0.516041
0.363636,0.548387,0.239208,0.07013,0.272727,0.4,0.548333
0.272727,0.403226,0.271579,0.10974,0.333333,0.4,0.440763
0.454545,0.596774,0.289568,0.133117,0.272727,0.35,0.55064
0.454545,0.532258,0.298557,0.085714,0.484848,0.475,0.490669
0.363636,0.435484,0.28058,0.084416,0.484848,0.475,0.435521
0.545455,0.532258,0.284175,0.067532,0.454545,0.4,0.454812
0.545455,0.5,0.282377,0.067532,0.424242,0.475,0.426924
0.363636,0.435484,0.273377,0.101299,0.545455,0.525,0.435521
0.272727,0.403226,0.337753,0.237662,0.454545,0.45,0.440763
0.454545,0.403226,0.352513,0.169481,0.363636,0.475,0.370937
0.454545,0.5,0.334536,0.126623,0.272727,0.4,0.460893
0.454545,0.387097,0.352513,0.177922,0.424242,0.425,0.356049
0.454545,0.322581,0.343525,0.169481,0.515152,0.5,0.296079
0.363636,0.354839,0.334536,0.084416,0.454545,0.475,0.354791
0.454545,0.306452,0.379491,0.192208,0.454545,0.475,0.280981
0.454545,0.387097,0.356109,0.203247,0.484848,0.425,0.356049
0.454545,0.354839,0.298557,0.194805,0.484848,0.5,0.326064
0.363636,0.354839,0.363312,0.279221,0.454545,0.475,0.354791
0.454545,0.33871,0.334536,0.169481,0.454545,0.5,0.310967
0.272727,0.306452,0.379491,0.330519,0.424242,0.5,0.335919
0.454545,0.387097,0.440651,0.406494,0.333333,0.475,0.356049
0.363636,0.258065,0.467629,0.175974,0.272727,0.4,0.258125
0.363636,0.145161,0.514382,0.406494,0.393939,0.425,0.145104
0.363636,0.080645,0.465831,0.317532,0.333333,0.375,0.08052
0.363636,0.096774,0.462235,0.292208,0.212121,0.3,0.096666
0.272727,0.129032,0.491011,0.186364,0.272727,0.4,0.143846
0.181818,0.193548,0.325535,0.177922,0.424242,0.475,0.237576
0.363636,0.032258,0.408267,0.279221,0.515152,0.525,0.032292
0.363636,0.16129,0.446044,0.307143,0.393939,0.425,0.16125
0.363636,0.064516,0.478415,0.351299,0.424242,0.525,0.064374
0.363636,0.032258,0.496404,0.448701,0.424242,0.5,0.032292
0.363636,0.0,0.478415,0.335714,0.454545,0.5,0.0
0.363636,0.112903,0.526872,0.575974,0.30303,0.4,0.112812
0.363636,0.048387,0.478415,0.496753,0.363636,0.375,0.048438
0.363636,0.112903,0.496404,0.508442,0.484848,0.525,0.112812
0.363636,0.080645,0.496404,0.433766,0.454545,0.5,0.08052
0.363636,0.032258,0.505393,0.637013,0.363636,0.425,0.032292
0.363636,0.032258,0.517989,0.542857,0.484848,0.475,0.032292
0.272727,0.112903,0.523383,0.555195,0.515152,0.475,0.126232
0.272727,0.064516,0.516192,0.488961,0.393939,0.4,0.07381
0.363636,0.274194,0.370503,0.423377,0.454545,0.45,0.274062
0.272727,0.064516,0.487404,0.488961,0.363636,0.45,0.07381
0.363636,0.048387,0.532371,0.237013,0.363636,0.4,0.048438
0.272727,0.080645,0.514382,0.533766,0.484848,0.575,0.091424
0.272727,0.048387,0.532371,0.533766,0.393939,0.45,0.056406
0.272727,0.177419,0.435245,0.205195,0.424242,0.4,0.196268
0.363636,0.145161,0.352513,0.194805,0.484848,0.4,0.145104
0.272727,0.096774,0.460426,0.330519,0.212121,0.275,0.108828
0.363636,0.129032,0.458628,0.211688,0.363636,0.4,0.128958
0.363636,0.16129,0.424459,0.5,0.454545,0.475,0.16125
0.363636,0.112903,0.494607,0.451299,0.484848,0.45,0.112812
0.363636,0.080645,0.476617,0.305195,0.484848,0.5,0.08052
0.272727,0.112903,0.442448,0.472727,0.545455,0.5,0.126232
0.363636,0.16129,0.464033,0.508442,0.454545,0.475,0.16125
0.363636,0.064516,0.465831,0.483117,0.242424,0.275,0.064374
0.363636,0.112903,0.487404,0.377273,0.515152,0.55,0.112812
0.363636,0.112903,0.442448,0.448701,0.484848,0.5,0.112812
0.363636,0.306452,0.388492,0.266883,0.515152,0.525,0.306354
0.363636,0.193548,0.442448,0.491558,0.515152,0.525,0.193542
0.454545,0.225806,0.442448,0.364286,0.454545,0.5,0.206123
0.363636,0.064516,0.460426,0.466234,0.484848,0.475,0.064374
0.363636,0.080645,0.478415,0.431818,0.545455,0.55,0.08052
0.363636,0.177419,0.45683,0.491558,0.545455,0.55,0.177396
0.363636,0.193548,0.478415,0.44026,0.515152,0.55,0.193542
0.363636,0.145161,0.460426,0.364286,0.484848,0.5,0.145104
0.363636,0.241935,0.469426,0.364286,0.424242,0.475,0.241979
0.363636,0.145161,0.496404,0.364286,0.515152,0.55,0.145104
0.363636,0.354839,0.478415,0.406494,0.545455,0.5,0.354791
0.363636,0.354839,0.478415,0.364286,0.484848,0.525,0.354791
0.363636,0.241935,0.40647,0.305195,0.545455,0.55,0.241979
0.454545,0.322581,0.440651,0.305195,0.575758,0.525,0.296079
0.363636,0.322581,0.40647,0.253896,0.575758,0.575,0.322499
0.363636,0.467742,0.45683,0.355844,0.545455,0.575,0.467813
0.363636,0.435484,0.478415,0.364286,0.515152,0.525,0.435521
0.363636,0.435484,0.460426,0.279221,0.515152,0.525,0.435521
0.363636,0.306452,0.478415,0.355844,0.515152,0.5,0.306354
0.363636,0.258065,0.424459,0.330519,0.515152,0.5,0.258125
0.363636,0.274194,0.334536,0.253896,0.606061,0.5,0.274062
0.454545,0.435484,0.338131,0.186364,0.606061,0.525,0.400923
0.363636,0.274194,0.307558,0.096104,0.575758,0.55,0.274062
0.363636,0.596774,0.374098,0.169481,0.515152,0.5,0.596771
0.363636,0.564516,0.408267,0.167532,0.575758,0.55,0.564479
0.363636,0.354839,0.298557,0.169481,0.545455,0.475,0.354791
0.363636,0.354839,0.316546,0.161039,0.545455,0.5,0.354791
0.363636,0.774194,0.320142,0.163636,0.545455,0.5,0.774166
0.454545,0.596774,0.370503,0.211688,0.575758,0.5,0.55064
0.454545,0.580645,0.402874,0.224675,0.575758,0.55,0.535752
0.363636,0.596774,0.460426,0.398052,0.545455,0.575,0.596771
0.363636,0.596774,0.451437,0.364286,0.484848,0.5,0.596771
0.454545,0.483871,0.447842,0.341558,0.484848,0.45,0.445796
0.363636,0.580645,0.402874,0.35974,0.515152,0.425,0.580625
0.363636,0.483871,0.354311,0.245455,0.515152,0.525,0.483749
0.363636,0.435484,0.352513,0.270779,0.515152,0.45,0.435521
0.454545,0.516129,0.402874,0.273377,0.515152,0.525,0.475781
0.454545,0.612903,0.381289,0.180519,0.515152,0.5,0.565737
0.454545,0.66129,0.298557,0.044156,0.545455,0.475,0.61061
0.454545,0.516129,0.334536,0.04026,0.545455,0.45,0.475781
0.454545,0.677419,0.334536,0.10974,0.454545,0.475,0.625498
0.545455,0.66129,0.399279,0.205844,0.484848,0.5,0.566576
0.363636,0.645161,0.375896,0.262338,0.545455,0.5,0.645209
0.454545,0.677419,0.325535,0.158442,0.545455,0.525,0.625498
0.545455,0.758065,0.352513,0.152597,0.545455,0.45,0.650451
0.545455,0.83871,0.343525,0.135714,0.545455,0.45,0.720486
0.363636,0.677419,0.352513,0.169481,0.606061,0.55,0.677501
0.363636,0.596774,0.388492,0.213636,0.545455,0.5,0.596771
0.545455,0.806452,0.388492,0.279221,0.545455,0.525,0.692388
0.545455,0.677419,0.424459,0.322078,0.545455,0.525,0.580625
0.363636,0.5,0.424459,0.237013,0.606061,0.525,0.499895
0.363636,0.435484,0.370503,0.10974,0.636364,0.525,0.435521
0.363636,0.596774,0.298557,0.152597,0.575758,0.475,0.596771
0.363636,0.677419,0.334536,0.067532,0.545455,0.475,0.677501
0.363636,0.596774,0.334536,0.10974,0.575758,0.475,0.596771
0.363636,0.596774,0.361514,0.161039,0.545455,0.45,0.596771
0.454545,0.516129,0.352513,0.177922,0.575758,0.475,0.475781
0.545455,0.596774,0.375896,0.186364,0.545455,0.5,0.510799
0.363636,0.177419,0.496404,0.194805,0.515152,0.6,0.177396
0.363636,0.435484,0.39029,0.233117,0.515152,0.575,0.435521
0.545455,0.516129,0.370503,0.186364,0.575758,0.575,0.440763
0.454545,0.516129,0.375896,0.248052,0.515152,0.475,0.475781
0.363636,0.596774,0.316546,0.253896,0.484848,0.425,0.596771
0.454545,0.612903,0.316546,0.238961,0.515152,0.475,0.565737
0.454545,0.403226,0.368705,0.097403,0.515152,0.425,0.370937
0.454545,0.596774,0.302153,0.15974,0.515152,0.425,0.55064
0.545455,0.677419,0.314749,0.214286,0.515152,0.425,0.580625
0.545455,0.629032,0.325535,0.192857,0.545455,0.475,0.538687
0.454545,0.467742,0.325535,0.075974,0.575758,0.5,0.430908
0.363636,0.66129,0.285973,0.183766,0.545455,0.45,0.661355
0.454545,0.435484,0.334536,0.152597,0.515152,0.475,0.400923
0.454545,0.354839,0.352513,0.152597,0.484848,0.425,0.326064
0.454545,0.306452,0.352513,0.237013,0.424242,0.45,0.280981
0.272727,0.516129,0.370503,0.13961,0.424242,0.475,0.563221
0.363636,0.435484,0.370503,0.262338,0.393939,0.45,0.435521
0.363636,0.516129,0.370503,0.262338,0.515152,0.45,0.516041
0.454545,0.354839,0.41547,0.322078,0.393939,0.425,0.326064
0.454545,0.516129,0.309355,0.262338,0.454545,0.475,0.475781
0.363636,0.548387,0.341727,0.347403,0.848485,0.35,0.548333
0.454545,0.387097,0.388492,0.181818,0.454545,0.45,0.356049
0.454545,0.564516,0.325535,0.38961,0.454545,0.45,0.520654
0.454545,0.467742,0.318344,0.177922,0.515152,0.45,0.430908
0.363636,0.516129,0.316546,0.194805,0.454545,0.4,0.516041
0.363636,0.516129,0.316546,0.169481,0.484848,0.45,0.516041
0.363636,0.629032,0.325535,0.194805,0.424242,0.35,0.629063
0.363636,0.580645,0.311153,0.135714,0.515152,0.425,0.580625
0.363636,0.564516,0.343525,0.211688,0.515152,0.45,0.564479
0.454545,0.516129,0.325535,0.194805,0.393939,0.375,0.475781
0.363636,0.677419,0.323737,0.283117,0.424242,0.425,0.677501
0.454545,0.516129,0.334536,0.194805,0.393939,0.325,0.475781
0.454545,0.516129,0.334536,0.262338,0.363636,0.45,0.475781
0.454545,0.5,0.307558,0.194805,0.272727,0.35,0.460893
0.454545,0.354839,0.352513,0.270779,0.424242,0.35,0.326064
0.363636,0.354839,0.40647,0.364286,0.515152,0.6,0.354791
0.363636,0.516129,0.397481,0.347403,0.545455,0.475,0.516041
0.272727,0.516129,0.378238,0.347403,0.363636,0.475,0.563221
0.454545,0.612903,0.251804,0.20974,0.454545,0.45,0.565737
0.454545,0.387097,0.30576,0.133766,0.454545,0.375,0.356049
0.454545,0.516129,0.28058,0.152597,0.515152,0.425,0.475781
0.545455,0.741935,0.282377,0.112338,0.515152,0.425,0.636611
0.363636,0.677419,0.334536,0.211688,0.515152,0.475,0.677501
0.363636,0.677419,0.332738,0.186364,0.484848,0.425,0.677501
0.454545,0.274194,0.352513,0.101299,0.515152,0.425,0.251206
0.454545,0.516129,0.316546,0.10974,0.484848,0.4,0.475781
0.363636,0.516129,0.316546,0.092857,0.515152,0.475,0.516041
0.454545,0.564516,0.291366,0.10974,0.484848,0.4,0.520654
0.454545,0.467742,0.298557,0.10974,0.484848,0.375,0.430908
0.363636,0.548387,0.332738,0.092857,0.424242,0.375,0.548333
0.363636,0.516129,0.334536,0.101299,0.424242,0.4,0.516041
0.454545,0.596774,0.298557,0.101299,0.515152,0.425,0.55064
0.454545,0.596774,0.26259,0.067532,0.515152,0.425,0.55064
0.454545,0.564516,0.298557,0.092857,0.454545,0.375,0.520654
0.454545,0.596774,0.289568,0.118182,0.484848,0.4,0.55064
0.363636,0.596774,0.338131,0.094805,0.515152,0.475,0.596771
0.363636,0.596774,0.316546,0.084416,0.515152,0.45,0.596771
0.454545,0.516129,0.316546,0.118182,0.424242,0.35,0.475781
0.454545,0.677419,0.316546,0.135714,0.515152,0.425,0.625498
0.454545,0.596774,0.316546,0.118182,0.484848,0.4,0.55064
0.454545,0.516129,0.298557,0.118182,0.515152,0.425,0.475781
0.363636,0.677419,0.32194,0.084416,0.515152,0.45,0.677501
0.363636,0.677419,0.316546,0.092857,0.515152,0.475,0.677501
0.454545,0.467742,0.298557,0.092857,0.515152,0.425,0.430908
0.454545,0.596774,0.28058,0.067532,0.363636,0.3,0.55064
0.363636,0.596774,0.334536,0.088961,0.545455,0.475,0.596771
0.363636,0.596774,0.325535,0.092857,0.545455,0.475,0.596771
0.454545,0.596774,0.253601,0.033766,0.454545,0.35,0.55064
0.454545,0.596774,0.244601,0.075974,0.484848,0.4,0.55064
0.363636,0.596774,0.334536,0.085065,0.515152,0.475,0.596771
0.363636,0.596774,0.334536,0.101299,0.545455,0.5,0.596771
0.363636,0.596774,0.325535,0.097403,0.515152,0.475,0.596771
0.454545,0.596774,0.298557,0.092857,0.545455,0.45,0.55064
0.454545,0.596774,0.28058,0.050649,0.545455,0.45,0.55064
0.454545,0.564516,0.294962,0.067532,0.515152,0.475,0.520654
0.363636,0.596774,0.325535,0.088961,0.545455,0.475,0.596771
0.363636,0.677419,0.325535,0.092857,0.515152,0.475,0.677501
0.363636,0.677419,0.334536,0.09026,0.515152,0.475,0.677501
0.454545,0.516129,0.285973,0.067532,0.545455,0.45,0.475781
0.454545,0.596774,0.28058,0.028571,0.545455,0.45,0.55064
0.454545,0.564516,0.28058,0.067532,0.515152,0.475,0.520654
0.363636,0.596774,0.325535,0.09026,0.545455,0.475,0.596771
0.363636,0.596774,0.343525,0.101299,0.545455,0.475,0.596771
0.363636,0.596774,0.32194,0.101299,0.515152,0.45,0.596771
0.454545,0.677419,0.298557,0.144156,0.484848,0.475,0.625498
0.454545,0.677419,0.285973,0.10974,0.515152,0.525,0.625498
0.454545,0.596774,0.311153,0.101299,0.484848,0.45,0.55064
0.363636,0.596774,0.329131,0.101299,0.515152,0.475,0.596771
0.363636,0.596774,0.325535,0.101299,0.515152,0.475,0.596771
0.363636,0.596774,0.334536,0.118182,0.515152,0.475,0.596771
0.363636,0.596774,0.338131,0.122727,0.454545,0.45,0.596771
0.454545,0.677419,0.307558,0.118182,0.393939,0.425,0.625498
0.454545,0.677419,0.28058,0.067532,0.393939,0.425,0.625498
0.454545,0.677419,0.26259,0.067532,0.393939,0.4,0.625498
0.454545,0.677419,0.28058,0.067532,0.393939,0.4,0.625498
0.363636,0.596774,0.316546,0.105844,0.393939,0.45,0.596771
0.363636,0.596774,0.325535,0.097403,0.393939,0.425,0.596771
0.363636,0.596774,0.32194,0.101299,0.393939,0.475,0.596771
0.363636,0.596774,0.329131,0.169481,0.363636,0.475,0.596771
0.454545,0.693548,0.28058,0.101299,0.333333,0.425,0.640596
0.454545,0.596774,0.311153,0.135714,0.30303,0.425,0.55064
0.454545,0.564516,0.316546,0.118182,0.393939,0.475,0.520654
0.363636,0.596774,0.361514,0.177922,0.393939,0.425,0.596771
0.363636,0.483871,0.37644,0.194805,0.515152,0.55,0.483749
0.454545,0.564516,0.352513,0.237013,0.515152,0.575,0.520654
0.363636,0.596774,0.361514,0.194805,0.484848,0.55,0.596771
0.454545,0.516129,0.343525,0.152597,0.515152,0.5,0.475781
0.363636,0.483871,0.388492,0.194805,0.515152,0.475,0.483749
0.363636,0.241935,0.433448,0.194805,0.515152,0.5,0.241979
0.363636,0.435484,0.41547,0.169481,0.484848,0.475,0.435521
0.363636,0.354839,0.424459,0.186364,0.515152,0.625,0.354791
0.454545,0.354839,0.460426,0.237013,0.515152,0.575,0.326064
0.545455,0.274194,0.478415,0.338961,0.484848,0.55,0.231076
0.363636,0.274194,0.496404,0.398052,0.515152,0.5,0.274062
0.363636,0.290323,0.478415,0.355844,0.515152,0.5,0.290208
0.454545,0.354839,0.460426,0.372727,0.454545,0.55,0.326064
0.454545,0.354839,0.460426,0.372727,0.515152,0.575,0.326064
0.545455,0.435484,0.424459,0.372727,0.515152,0.6,0.370937
0.363636,0.564516,0.487404,0.394156,0.484848,0.525,0.564479
0.454545,0.193548,0.550361,0.322078,0.515152,0.6,0.176138
0.545455,0.274194,0.586328,0.491558,0.545455,0.625,0.231076
0.363636,0.241935,0.622306,0.652597,0.484848,0.525,0.241979
0.363636,0.193548,0.654678,0.635714,0.484848,0.525,0.193542
0.454545,0.193548,0.640284,0.516883,0.545455,0.575,0.176138
0.454545,0.193548,0.640284,0.516883,0.515152,0.55,0.176138
0.363636,0.080645,0.712229,0.567532,0.454545,0.5,0.08052
0.454545,0.677419,0.370503,0.050649,0.515152,0.425,0.625498
0.545455,0.274194,0.41547,0.186364,0.424242,0.475,0.231076
0.454545,0.112903,0.532371,0.364286,0.454545,0.475,0.101279
0.272727,0.145161,0.532371,0.338961,0.575758,0.6,0.16125
0.545455,0.193548,0.514382,0.491558,0.484848,0.575,0.16125
0.363636,0.193548,0.550361,0.533766,0.484848,0.5,0.193542
0.363636,0.193548,0.514382,0.516883,0.484848,0.55,0.193542
0.272727,0.064516,0.559349,0.448701,0.454545,0.5,0.07381
0.272727,0.096774,0.397481,0.508442,0.454545,0.5,0.108828
0.363636,0.193548,0.550361,0.550649,0.484848,0.55,0.193542
0.363636,0.274194,0.478415,0.322078,0.575758,0.575,0.274062
0.454545,0.193548,0.471224,0.322078,0.484848,0.525,0.176138
0.363636,0.177419,0.514382,0.448701,0.515152,0.575,0.177396
0.454545,0.112903,0.478415,0.364286,0.545455,0.55,0.101279
0.454545,0.112903,0.496404,0.364286,0.515152,0.525,0.101279
0.363636,0.241935,0.514382,0.364286,0.545455,0.5,0.241979
0.363636,0.193548,0.56835,0.533766,0.545455,0.55,0.193542
0.363636,0.177419,0.559349,0.406494,0.575758,0.525,0.177396
0.363636,0.274194,0.442448,0.237013,0.545455,0.525,0.274062
0.363636,0.145161,0.487404,0.237013,0.515152,0.525,0.145104
0.363636,0.403226,0.424459,0.296753,0.545455,0.525,0.403229
0.363636,0.274194,0.514382,0.322078,0.606061,0.65,0.274062
0.363636,0.516129,0.442448,0.448701,0.454545,0.5,0.516041
0.363636,0.112903,0.496404,0.406494,0.484848,0.55,0.112812
0.363636,0.193548,0.622306,0.745455,0.545455,0.6,0.193542
0.363636,0.112903,0.56835,0.661039,0.575758,0.575,0.112812
0.363636,0.145161,0.478415,0.618831,0.515152,0.475,0.145104
0.363636,0.193548,0.496404,0.618831,0.515152,0.55,0.193542
0.363636,0.193548,0.460426,0.483117,0.545455,0.575,0.193542
0.363636,0.145161,0.532371,0.533766,0.545455,0.55,0.145104
0.363636,0.241935,0.460426,0.448701,0.575758,0.55,0.241979
0.363636,0.177419,0.465831,0.567532,0.515152,0.55,0.177396
0.363636,0.274194,0.451437,0.575974,0.545455,0.6,0.274062
0.363636,0.274194,0.40647,0.559091,0.545455,0.55,0.274062
0.363636,0.145161,0.496404,0.457792,0.545455,0.55,0.145104
0.363636,0.193548,0.460426,0.406494,0.575758,0.575,0.193542
0.363636,0.241935,0.40647,0.491558,0.575758,0.525,0.241979
0.363636,0.145161,0.460426,0.491558,0.575758,0.575,0.145104
0.363636,0.322581,0.397481,0.474675,0.636364,0.6,0.322499
0.363636,0.435484,0.451437,0.322078,0.575758,0.525,0.435521
0.363636,0.274194,0.433448,0.533766,0.636364,0.575,0.274062
0.363636,0.403226,0.388492,0.483117,0.636364,0.6,0.403229
0.363636,0.274194,0.424459,0.448701,0.545455,0.55,0.274062
0.363636,0.387097,0.397481,0.398052,0.606061,0.575,0.387083
0.363636,0.193548,0.40647,0.398052,0.575758,0.55,0.193542
0.363636,0.193548,0.433448,0.322078,0.545455,0.525,0.193542
0.363636,0.080645,0.429852,0.364286,0.515152,0.475,0.08052
0.454545,0.16129,0.514382,0.406494,0.515152,0.55,0.146362
0.363636,0.080645,0.559349,0.398052,0.515152,0.525,0.08052
0.363636,0.241935,0.505393,0.398052,0.515152,0.5,0.241979
0.363636,0.145161,0.532371,0.533766,0.545455,0.5,0.145104
0.363636,0.225806,0.460426,0.5,0.515152,0.475,0.225834
0.363636,0.274194,0.451437,0.372727,0.545455,0.475,0.274062
0.363636,0.322581,0.451437,0.483117,0.515152,0.525,0.322499
0.363636,0.354839,0.40647,0.491558,0.515152,0.525,0.354791
0.363636,0.193548,0.496404,0.575974,0.575758,0.575,0.193542
0.363636,0.209677,0.442448,0.644156,0.575758,0.525,0.209688
0.363636,0.193548,0.460426,0.652597,0.606061,0.525,0.193542
0.363636,0.145161,0.532371,0.508442,0.606061,0.6,0.145104
0.363636,0.145161,0.552513,0.618831,0.606061,0.575,0.145104
0.363636,0.193548,0.370503,0.194805,0.515152,0.475,0.193542
0.363636,0.112903,0.478415,0.406494,0.515152,0.575,0.112812
0.636364,0.129032,0.460426,0.533766,0.424242,0.475,0.095827
0.454545,0.145161,0.478415,0.533766,0.484848,0.5,0.131264
0.454545,0.032258,0.56835,0.533766,0.484848,0.55,0.026421
0.454545,0.112903,0.496404,0.525325,0.484848,0.525,0.101279
0.545455,0.112903,0.478415,0.644156,0.393939,0.45,0.091424
0.545455,0.064516,0.487404,0.533766,0.484848,0.575,0.049486
0.454545,0.080645,0.505393,0.575974,0.424242,0.425,0.071294
0.545455,0.080645,0.550361,0.38961,0.363636,0.5,0.063326
0.727273,0.032258,0.172667,0.042208,0.515152,0.025,0.01321
0.636364,0.080645,0.154678,0.10974,0.484848,0.075,0.056406
0.727273,0.080645,0.172667,0.118182,0.0,0.025,0.050325
0.545455,0.112903,0.226623,0.194805,0.272727,0.25,0.091424
0.727273,0.145161,0.226623,0.144156,0.333333,0.325,0.099602
0.454545,0.080645,0.226623,0.169481,0.151515,0.3,0.071294
0.454545,0.032258,0.26259,0.305195,0.333333,0.375,0.026421
0.454545,0.080645,0.154678,0.194805,0.030303,0.15,0.071294
0.454545,0.080645,0.136688,0.135714,0.121212,0.325,0.071294
0.454545,0.032258,0.352513,0.322078,0.363636,0.45,0.026421
0.454545,0.048387,0.370503,0.279221,0.424242,0.35,0.041518
0.545455,0.032258,0.298557,0.169481,0.272727,0.3,0.021388
0.545455,0.080645,0.370503,0.279221,0.272727,0.325,0.063326
0.454545,0.080645,0.424459,0.491558,0.363636,0.425,0.071294
0.545455,0.064516,0.226623,0.22013,0.181818,0.35,0.049486
0.454545,0.032258,0.334536,0.279221,0.333333,0.375,0.026421
0.727273,0.080645,0.145689,0.135714,0.0,0.0,0.050325
0.727273,0.112903,0.1277,0.10974,0.0,0.05,0.074858
0.727273,0.096774,0.241005,0.211688,0.151515,0.325,0.062487
0.636364,0.080645,0.244601,0.491558,0.0,0.075,0.056406
0.727273,0.080645,0.334536,0.406494,0.363636,0.425,0.050325
0.636364,0.064516,0.334536,0.423377,0.090909,0.2,0.043405
0.727273,0.080645,0.154678,0.092857,0.0,0.075,0.050325
0.727273,0.048387,0.154678,0.092857,0.0,0.1,0.025582
0.636364,0.080645,0.154678,0.067532,0.060606,0.075,0.056406
0.727273,0.080645,0.154678,0.10974,0.0,0.1,0.050325
0.818182,0.193548,0.154678,0.237013,0.0,0.0,0.126232
0.727273,0.112903,0.154678,0.152597,0.0,0.075,0.074858
0.636364,0.112903,0.154678,0.177922,0.0,0.075,0.082617
0.727273,0.112903,0.154678,0.152597,0.0,0.1,0.074858
0.727273,0.177419,0.154678,0.237013,0.0,0.075,0.124345
0.727273,0.080645,0.163666,0.118182,0.0,0.1,0.050325
0.727273,0.112903,0.133093,0.144156,0.0,0.1,0.074858
0.727273,0.112903,0.158273,0.092857,0.0,0.1,0.074858
0.818182,0.129032,0.151082,0.144156,0.0,0.1,0.079681
0.818182,0.193548,0.154678,0.237013,0.0,0.1,0.126232
0.727273,0.145161,0.118699,0.126623,0.0,0.1,0.099602
0.727273,0.16129,0.165464,0.186364,0.0,0.1,0.111973
0.727273,0.112903,0.163666,0.194805,0.0,0.1,0.074858
0.818182,0.145161,0.149284,0.135714,0.0,0.1,0.091424
0.818182,0.080645,0.172667,0.135714,0.0,0.1,0.044663
0.818182,0.080645,0.190645,0.144156,0.0,0.075,0.044663
0.818182,0.096774,0.190645,0.126623,0.0,0.1,0.056406
0.818182,0.112903,0.172667,0.152597,0.0,0.075,0.068148
0.818182,0.112903,0.172667,0.10974,0.0,0.075,0.068148
0.727273,0.16129,0.172667,0.152597,0.0,0.075,0.111973
0.818182,0.112903,0.163666,0.169481,0.0,0.1,0.068148
0.818182,0.112903,0.10971,0.152597,0.0,0.1,0.068148
0.818182,0.112903,0.1277,0.10974,0.0,0.125,0.068148
0.727273,0.145161,0.120509,0.075974,0.212121,0.075,0.099602
0.818182,0.145161,0.118699,0.152597,0.0,0.075,0.091424
0.818182,0.193548,0.17806,0.177922,0.212121,0.075,0.126232
0.818182,0.112903,0.172667,0.135714,0.0,0.075,0.068148
0.727273,0.193548,0.145689,0.203896,0.181818,0.075,0.136507
0.818182,0.112903,0.154678,0.152597,0.0,0.075,0.068148
0.818182,0.193548,0.1277,0.144156,0.0,0.075,0.126232
0.818182,0.193548,0.118699,0.153896,0.212121,0.075,0.126232
0.818182,0.193548,0.118699,0.194805,0.0,0.075,0.126232
0.727273,0.177419,0.118699,0.153247,0.212121,0.125,0.124345
0.818182,0.145161,0.136688,0.152597,0.0,0.075,0.091424
0.818182,0.16129,0.134891,0.150649,0.212121,0.075,0.102957
0.818182,0.112903,0.163666,0.169481,0.0,0.075,0.068148
0.818182,0.064516,0.194784,0.094156,0.212121,0.075,0.033131
0.727273,0.16129,0.170857,0.122078,0.0,0.075,0.111973
0.818182,0.080645,0.17806,0.169481,0.212121,0.075,0.044663
0.909091,0.080645,0.208634,0.152597,0.0,0.075,0.039841
0.818182,0.112903,0.136688,0.194805,0.0,0.075,0.068148
0.818182,0.112903,0.190645,0.194805,0.0,0.075,0.068148
0.818182,0.177419,0.134891,0.220779,0.0,0.075,0.114699
0.818182,0.193548,0.118699,0.118182,0.030303,0.1,0.126232
0.818182,0.193548,0.082732,0.152597,0.0,0.075,0.126232
0.818182,0.16129,0.154678,0.161039,0.0,0.075,0.102957
0.818182,0.112903,0.154678,0.152597,0.0,0.075,0.068148
0.818182,0.16129,0.136688,0.092857,0.0,0.15,0.102957
0.818182,0.193548,0.118699,0.135714,0.0,0.1,0.126232
0.818182,0.145161,0.154678,0.084416,0.0,0.075,0.091424
0.818182,0.112903,0.172667,0.135714,0.0,0.075,0.068148
0.818182,0.112903,0.208634,0.092857,0.0,0.075,0.068148
0.818182,0.112903,0.190645,0.144156,0.0,0.075,0.068148
0.818182,0.112903,0.181656,0.092857,0.0,0.075,0.068148
0.818182,0.145161,0.181656,0.152597,0.0,0.075,0.091424
0.818182,0.112903,0.298557,0.092857,0.151515,0.25,0.068148
0.818182,0.145161,0.316546,0.253896,0.030303,0.175,0.091424
0.818182,0.112903,0.388492,0.092857,0.454545,0.475,0.068148
0.818182,0.080645,0.478415,0.169481,0.393939,0.525,0.044663
0.818182,0.080645,0.298557,0.152597,0.151515,0.225,0.044663
0.545455,0.16129,0.478415,0.377273,0.515152,0.525,0.133361
0.545455,0.112903,0.478415,0.559091,0.545455,0.55,0.091424
0.454545,0.145161,0.478415,0.431818,0.545455,0.525,0.131264
0.545455,0.112903,0.478415,0.448701,0.545455,0.55,0.091424
0.454545,0.193548,0.460426,0.38961,0.545455,0.575,0.176138
0.454545,0.112903,0.496404,0.448701,0.545455,0.55,0.101279
0.454545,0.112903,0.496404,0.491558,0.454545,0.525,0.101279
0.454545,0.080645,0.496404,0.474675,0.575758,0.6,0.071294
0.454545,0.112903,0.478415,0.525325,0.484848,0.5,0.101279
0.454545,0.16129,0.487404,0.448701,0.484848,0.5,0.146362
0.454545,0.032258,0.496404,0.618831,0.454545,0.55,0.026421
0.454545,0.080645,0.496404,0.533766,0.454545,0.525,0.071294
0.545455,0.056452,0.485074,0.601299,0.363636,0.425,0.042357
0.636364,0.193548,0.410077,0.279221,0.424242,0.45,0.148249
0.636364,0.080645,0.514382,0.364286,0.515152,0.575,0.056406
0.545455,0.032258,0.514382,0.559091,0.242424,0.35,0.021388
0.454545,0.193548,0.604317,0.661039,0.484848,0.575,0.176138
0.454545,0.064516,0.550361,0.661039,0.545455,0.6,0.056406
0.454545,0.16129,0.514382,0.618831,0.545455,0.575,0.146362
0.545455,0.112903,0.505393,0.572078,0.515152,0.575,0.091424
0.454545,0.112903,0.56835,0.661039,0.606061,0.625,0.101279
0.545455,0.064516,0.586328,0.575974,0.606061,0.625,0.049486
0.545455,0.354839,0.532371,0.237013,0.545455,0.45,0.301111
0.545455,0.516129,0.514382,0.448701,0.666667,0.55,0.440763
0.545455,0.274194,0.532371,0.491558,0.545455,0.525,0.231076
0.363636,0.032258,0.820142,1.0,0.666667,0.75,0.032292
0.363636,0.112903,0.748196,0.983117,0.606061,0.675,0.112812
0.545455,0.080645,0.766186,1.0,0.636364,0.625,0.063326
0.454545,0.112903,0.730219,0.872727,0.69697,0.7,0.101279
0.454545,0.274194,0.676263,0.533766,0.666667,0.7,0.251206
0.454545,0.274194,0.703241,0.491558,0.727273,0.8,0.251206
0.363636,0.193548,0.712229,0.575974,0.727273,0.875,0.193542
0.454545,0.193548,0.820142,0.618831,0.727273,0.825,0.176138
0.454545,0.193548,0.820142,0.533766,0.69697,0.775,0.176138
0.454545,0.193548,0.856109,0.661039,0.69697,0.85,0.176138
0.363636,0.193548,0.820142,0.661039,0.69697,0.775,0.193542
0.454545,0.193548,0.802153,0.491558,0.69697,0.85,0.176138
0.363636,0.145161,0.883087,0.512338,0.727273,0.8,0.145104
0.363636,0.145161,0.946044,0.377273,0.727273,0.8,0.145104
0.454545,0.193548,0.928054,0.575974,0.69697,0.8,0.176138
0.363636,0.193548,0.073743,0.618831,0.69697,0.775,0.193542
0.454545,0.354839,0.073743,0.618831,0.666667,0.7,0.326064
0.363636,0.193548,0.118699,0.830519,0.575758,0.65,0.193542
0.363636,0.080645,0.892088,0.914935,0.666667,0.775,0.08052
0.363636,0.064516,0.910065,1.0,0.666667,0.75,0.064374
0.454545,0.274194,0.604317,0.322078,0.666667,0.8,0.251206
0.363636,0.193548,0.640284,0.661039,0.454545,0.6,0.193542
0.454545,0.145161,0.676263,0.745455,0.606061,0.7,0.131264
0.454545,0.16129,0.730219,0.745455,0.575758,0.675,0.146362
0.363636,0.16129,0.658273,0.661039,0.606061,0.65,0.16125
0.454545,0.145161,0.69424,0.661039,0.606061,0.625,0.131264
0.454545,0.145161,0.910065,0.830519,0.575758,0.65,0.131264
0.545455,0.177419,0.910065,0.830519,0.575758,0.65,0.147201
0.636364,0.145161,0.730219,0.830519,0.545455,0.6,0.108828
0.545455,0.193548,0.69424,0.830519,0.606061,0.65,0.16125
0.454545,0.193548,0.721218,1.0,0.575758,0.625,0.176138
0.454545,0.129032,0.730219,0.914935,0.606061,0.65,0.116377
0.545455,0.435484,0.56835,0.237013,0.757576,0.725,0.370937
0.545455,0.354839,0.532371,0.279221,0.757576,0.675,0.301111
0.636364,0.274194,0.460426,0.237013,0.787879,0.775,0.213672
0.545455,0.274194,0.564743,0.381169,0.757576,0.8,0.231076
0.636364,0.112903,0.730219,0.914935,0.727273,0.75,0.082617
0.636364,0.112903,0.730219,0.872727,0.666667,0.75,0.082617
0.727273,0.112903,0.766186,0.847403,0.818182,0.8,0.074858
0.636364,0.080645,0.766186,0.914935,0.727273,0.75,0.056406
0.545455,0.274194,0.514382,0.364286,0.69697,0.675,0.231076
0.545455,0.112903,0.69424,0.618831,0.757576,0.775,0.091424
0.636364,0.112903,0.730219,0.830519,0.727273,0.775,0.082617
0.545455,0.080645,0.69424,0.788312,0.727273,0.725,0.063326
0.636364,0.193548,0.748196,0.898052,0.727273,0.775,0.148249
0.545455,0.080645,0.730219,0.914935,0.878788,0.95,0.063326
0.545455,0.193548,0.532371,0.152597,0.878788,0.7,0.16125
0.727273,0.241935,0.442448,0.22013,0.757576,0.75,0.173621
0.636364,0.193548,0.478415,0.303247,0.727273,0.8,0.148249
0.636364,0.145161,0.634891,0.745455,0.757576,0.8,0.108828
0.545455,0.112903,0.712229,0.745455,0.727273,0.8,0.091424
0.818182,0.193548,0.640284,0.745455,0.727273,0.775,0.126232
0.818182,0.193548,0.640284,0.661039,0.757576,0.825,0.126232
0.636364,0.193548,0.742803,0.813636,0.757576,0.775,0.148249
0.636364,0.241935,0.676263,0.728571,0.757576,0.7,0.187461
0.636364,0.274194,0.676263,0.661039,0.757576,0.775,0.213672
0.636364,0.193548,0.730219,0.745455,0.787879,0.8,0.148249
0.636364,0.16129,0.760792,0.72013,0.818182,0.8,0.122038
0.727273,0.112903,0.748196,0.788312,0.787879,0.575,0.074858
0.818182,0.145161,0.775174,0.914935,0.818182,0.825,0.091424
0.636364,0.145161,0.730219,0.733117,0.757576,0.775,0.108828
0.636364,0.177419,0.784175,0.847403,0.757576,0.775,0.135039
0.545455,0.145161,0.694429,0.347403,0.757576,0.775,0.119312
0.545455,0.16129,0.622306,0.237013,0.757576,0.775,0.133361
0.636364,0.145161,0.526978,0.237013,0.606061,0.6,0.108828
0.727273,0.16129,0.514382,0.194805,0.727273,0.7,0.111973
0.636364,0.241935,0.478415,0.237013,0.757576,0.725,0.187461
0.727273,0.241935,0.496404,0.322078,0.727273,0.725,0.173621
0.545455,0.145161,0.550361,0.253896,0.727273,0.775,0.119312
0.545455,0.177419,0.521585,0.491558,0.757576,0.775,0.147201
0.727273,0.112903,0.595328,0.508442,0.727273,0.675,0.074858
0.727273,0.193548,0.56835,0.516883,0.757576,0.775,0.136507
0.636364,0.145161,0.478415,0.398052,0.666667,0.65,0.108828
0.636364,0.080645,0.550361,0.448701,0.727273,0.725,0.056406
0.636364,0.193548,0.730219,0.559091,0.69697,0.7,0.148249
0.636364,0.16129,0.658273,0.661039,0.69697,0.725,0.122038
0.545455,0.145161,0.496404,0.203247,0.636364,0.625,0.119312
0.545455,0.193548,0.514382,0.194805,0.818182,0.75,0.16125
0.545455,0.193548,0.514382,0.237013,0.606061,0.625,0.16125
0.636364,0.112903,0.69424,0.830519,0.757576,0.825,0.082617
0.636364,0.112903,0.730219,0.914935,0.727273,0.775,0.082617
0.545455,0.112903,0.478415,0.135714,0.757576,0.775,0.091424
0.545455,0.129032,0.442448,0.194805,0.727273,0.725,0.105263
0.454545,0.080645,0.69424,0.745455,0.727273,0.8,0.071294
0.454545,0.112903,0.640284,0.914935,0.757576,0.775,0.101279
0.545455,0.112903,0.622306,0.813636,0.69697,0.75,0.091424
0.454545,0.145161,0.532371,0.372727,0.69697,0.75,0.131264
0.545455,0.145161,0.676263,0.635714,0.787879,0.8,0.119312
0.545455,0.145161,0.561147,0.516883,0.69697,0.725,0.119312
0.545455,0.16129,0.586328,0.653896,0.727273,0.75,0.133361
0.545455,0.193548,0.586328,0.914935,0.727273,0.775,0.16125
0.454545,0.241935,0.640284,0.745455,0.69697,0.7,0.22122
0.454545,0.274194,0.730219,0.745455,0.727273,0.775,0.251206
0.545455,0.145161,0.730219,0.745455,0.666667,0.75,0.119312
0.454545,0.193548,0.424459,0.144156,0.787879,0.725,0.176138
0.545455,0.193548,0.428054,0.152597,0.727273,0.775,0.16125
0.454545,0.193548,0.487404,0.305195,0.727273,0.775,0.176138
0.545455,0.241935,0.532371,0.322078,0.787879,0.775,0.203187
0.545455,0.274194,0.550361,0.305195,0.666667,0.7,0.231076
0.454545,0.241935,0.550361,0.364286,0.69697,0.725,0.22122
0.454545,0.209677,0.58453,0.448701,0.727273,0.75,0.191235
0.545455,0.225806,0.56835,0.448701,0.69697,0.725,0.189138
0.545455,0.225806,0.550361,0.406494,0.757576,0.775,0.189138
0.545455,0.274194,0.577339,0.448701,0.787879,0.8,0.231076
0.636364,0.274194,0.589923,0.474675,0.727273,0.75,0.213672
0.636364,0.274194,0.505393,0.448701,0.69697,0.75,0.213672
0.545455,0.274194,0.586328,0.448701,0.787879,0.85,0.231076
0.636364,0.274194,0.56835,0.364286,0.666667,0.725,0.213672
0.545455,0.274194,0.577339,0.364286,0.666667,0.725,0.231076
0.727273,0.241935,0.636688,0.414935,0.757576,0.85,0.173621
0.727273,0.274194,0.640284,0.448701,0.787879,0.875,0.198155
0.545455,0.354839,0.550361,0.491558,0.636364,0.675,0.301111
0.727273,0.354839,0.541372,0.322078,0.606061,0.7,0.260013
0.636364,0.435484,0.550361,0.406494,0.606061,0.675,0.344726
0.636364,0.435484,0.622306,0.474675,0.69697,0.75,0.344726
0.636364,0.435484,0.622306,0.406494,0.636364,0.725,0.344726
0.545455,0.435484,0.604317,0.448701,0.606061,0.675,0.370937
0.545455,0.435484,0.604317,0.448701,0.787879,0.775,0.370937
0.545455,0.435484,0.640284,0.448701,0.636364,0.7,0.370937
0.636364,0.354839,0.658273,0.364286,0.69697,0.75,0.279304
0.636364,0.354839,0.658273,0.364286,0.727273,0.8,0.279304
0.545455,0.306452,0.69424,0.406494,0.606061,0.65,0.259174
0.545455,0.274194,0.69424,0.474675,0.606061,0.6,0.231076
0.636364,0.145161,0.721218,0.322078,0.606061,0.625,0.108828
0.636364,0.193548,0.712229,0.322078,0.606061,0.65,0.148249
0.636364,0.274194,0.676263,0.322078,0.606061,0.65,0.213672
0.727273,0.16129,0.76259,0.305195,0.606061,0.7,0.111973
0.727273,0.112903,0.766186,0.338961,0.666667,0.7,0.074858
0.636364,0.241935,0.793164,0.364286,0.69697,0.775,0.187461
0.727273,0.16129,0.784175,0.381169,0.666667,0.725,0.111973
0.636364,0.193548,0.640284,0.305195,0.69697,0.75,0.148249
0.545455,0.354839,0.640284,0.322078,0.727273,0.75,0.301111
0.636364,0.435484,0.56835,0.279221,0.606061,0.65,0.344726
0.545455,0.435484,0.550361,0.322078,0.636364,0.675,0.370937
0.636364,0.435484,0.56835,0.364286,0.666667,0.7,0.344726
0.636364,0.435484,0.56835,0.406494,0.666667,0.7,0.344726
0.636364,0.225806,0.640284,0.313636,0.666667,0.725,0.17446
0.545455,0.274194,0.658273,0.322078,0.636364,0.725,0.231076
0.636364,0.274194,0.676263,0.406494,0.666667,0.7,0.213672
0.636364,0.354839,0.658273,0.406494,0.666667,0.725,0.279304
0.545455,0.354839,0.658273,0.406494,0.757576,0.775,0.301111
0.727273,0.354839,0.667262,0.491558,0.727273,0.775,0.260013
0.727273,0.354839,0.658273,0.448701,0.69697,0.775,0.260013
0.545455,0.354839,0.577339,0.406494,0.69697,0.75,0.301111
0.636364,0.435484,0.586328,0.406494,0.727273,0.825,0.344726
0.727273,0.306452,0.586328,0.414935,0.606061,0.675,0.222898
0.727273,0.322581,0.622306,0.406494,0.666667,0.75,0.235269
0.636364,0.435484,0.622306,0.364286,0.636364,0.7,0.344726
0.636364,0.241935,0.730219,0.491558,0.666667,0.7,0.187461
