F/A(MF),T/D3(MT),UEP (MPa),LEP (MPa),SE(kW· h/m3),FPI,TPI,PR(mm/r)
0.156475,0.124675,0.090909,0.1,0.032429,0.028509,0.032726,0.306354
0.15288,0.083766,0.151515,0.325,0.008701,0.008665,0.008967,0.535752
0.192442,0.175974,0.181818,0.25,0.020113,0.013305,0.020305,0.542462
0.28058,0.065584,0.30303,0.35,0.02113,0.055684,0.021028,0.301111
0.226623,0.112338,0.515152,0.375,0.015706,0.022505,0.015745,0.475781
0.264388,0.103896,0.363636,0.375,0.006554,0.014395,0.006481,0.676033
0.249994,0.085065,0.393939,0.375,0.011864,0.025823,0.011902,0.475781
0.291366,0.064935,0.333333,0.375,0.004068,0.020427,0.00395,0.618788
0.289568,0.047403,0.272727,0.3,0.00452,0.026352,0.004446,0.532187
0.26259,0.126623,0.363636,0.375,0.006554,0.010743,0.006508,0.755295
0.267983,0.09026,0.363636,0.25,0.005311,0.01516,0.00531,0.668065
0.273377,0.084416,0.363636,0.35,0.00452,0.015246,0.004446,0.677501
0.258995,0.084416,0.363636,0.3,0.003616,0.012297,0.003632,0.709583
0.241005,0.084416,0.454545,0.45,0.008023,0.018057,0.008009,0.563221
0.244601,0.025325,0.424242,0.325,0.002599,0.023031,0.002582,0.499895
0.249994,0.078571,0.393939,0.35,0.002373,0.010255,0.002417,0.737891
0.261076,0.077273,0.363636,0.3,0.003503,0.013602,0.003479,0.685469
0.26259,0.059091,0.363636,0.25,0.005424,0.021712,0.005406,0.548333
0.26259,0.022727,0.424242,0.4,0.003051,0.02761,0.003017,0.475781
0.236121,0.114286,0.333333,0.3,0.005763,0.008941,0.005779,0.737891
0.239314,0.140909,0.333333,0.325,0.009266,0.010645,0.009351,0.702873
0.253601,0.078571,0.333333,0.25,0.007232,0.019499,0.007241,0.564479
0.264211,0.087662,0.30303,0.3,0.006667,0.017738,0.006667,0.612917
0.271437,0.096104,0.363636,0.35,0.006102,0.015863,0.006085,0.661355
0.250609,0.095455,0.30303,0.3,0.005311,0.012541,0.005349,0.685469
0.257197,0.092857,0.363636,0.35,0.011073,0.023435,0.011011,0.516041
0.264388,0.059091,0.363636,0.35,0.004859,0.020732,0.004842,0.565737
0.26259,0.112338,0.333333,0.325,0.008362,0.015769,0.008327,0.645209
0.313483,0.120779,0.363636,0.3,0.015706,0.032375,0.015517,0.499895
0.334536,0.092857,0.484848,0.3,0.01322,0.037819,0.012983,0.475781
0.376795,0.182468,0.424242,0.425,0.019209,0.033033,0.018927,0.580625
0.311153,0.10974,0.363636,0.375,0.013333,0.030545,0.013241,0.516041
0.388492,0.194805,0.484848,0.35,0.024746,0.040735,0.02439,0.516041
0.370503,0.169481,0.424242,0.45,0.014463,0.026972,0.014184,0.650451
0.366907,0.106494,0.515152,0.45,0.016045,0.044274,0.015772,0.460893
0.345228,0.164286,0.424242,0.475,0.013898,0.024282,0.01368,0.650451
0.357966,0.137662,0.424242,0.4,0.017175,0.036713,0.016853,0.516041
0.370503,0.101299,0.454545,0.375,0.012881,0.039474,0.012626,0.505766
0.40647,0.237013,0.484848,0.475,0.023616,0.03352,0.023286,0.615643
0.325535,0.177922,0.484848,0.475,0.016158,0.023554,0.016027,0.629063
0.338131,0.095455,0.515152,0.4,0.005198,0.020566,0.00495,0.700356
0.348918,0.087013,0.454545,0.375,0.005311,0.023781,0.005055,0.6645
0.338131,0.084416,0.454545,0.4,0.006102,0.025171,0.005911,0.625498
0.343525,0.255195,0.424242,0.375,0.027684,0.029098,0.027491,0.580625
0.361691,0.216883,0.484848,0.475,0.022373,0.029944,0.022049,0.596771
0.370503,0.177922,0.515152,0.45,0.017853,0.03096,0.017561,0.596771
0.370503,0.067532,0.515152,0.5,0.008927,0.040865,0.008606,0.493185
0.352513,0.22013,0.454545,0.375,0.044859,0.058747,0.044683,0.354791
0.363312,0.096104,0.545455,0.425,0.055819,0.136078,0.05561,0.16125
0.366907,0.097403,0.484848,0.4,0.031525,0.081972,0.03122,0.274062
0.316546,0.092857,0.515152,0.375,0.012203,0.033455,0.012092,0.493185
0.287771,0.194805,0.484848,0.4,0.076384,0.091925,0.076422,0.193542
0.329131,0.296753,0.333333,0.375,0.077175,0.073262,0.077073,0.274062
0.388492,0.491558,0.242424,0.3,0.133898,0.096219,0.133695,0.248689
0.39029,0.347403,0.242424,0.4,0.192316,0.195609,0.192195,0.112812
0.422661,0.430519,0.30303,0.275,0.174124,0.157134,0.173884,0.16125
0.460426,0.5,0.090909,0.275,0.092316,0.074826,0.091932,0.370937
0.437055,0.294156,0.242424,0.275,0.125876,0.162239,0.125553,0.16125
0.460426,0.491558,0.242424,0.275,0.34565,0.307259,0.345591,0.07381
0.334536,0.364286,0.363636,0.45,0.128475,0.106303,0.128456,0.193542
0.379491,0.364286,0.272727,0.4,0.150621,0.141821,0.150469,0.16125
0.311153,0.279221,0.424242,0.35,0.050282,0.045577,0.050206,0.388341
0.32194,0.245455,0.545455,0.45,0.07435,0.08188,0.074254,0.241979
0.293164,0.211688,0.545455,0.375,0.038757,0.042515,0.038679,0.388341
0.289568,0.203247,0.575758,0.425,0.050282,0.057598,0.050206,0.301111
0.316546,0.152597,0.484848,0.425,0.044068,0.070359,0.043902,0.274062
0.352513,0.305195,0.363636,0.4,0.081582,0.081206,0.081426,0.266094
0.41547,0.381169,0.30303,0.425,0.122486,0.119489,0.122251,0.213672
0.411875,0.448701,0.30303,0.4,0.154689,0.130081,0.154471,0.193542
0.401076,0.338961,0.242424,0.275,0.120904,0.126763,0.120651,0.193542
0.420863,0.355844,0.454545,0.375,0.196271,0.20971,0.196098,0.112812
0.498202,0.39026,0.363636,0.475,0.174689,0.201,0.17431,0.145104
0.424459,0.398052,0.545455,0.5,0.139096,0.133952,0.138861,0.193542
0.442448,0.296753,0.484848,0.5,0.098644,0.127146,0.098236,0.213672
0.447842,0.44026,0.333333,0.325,0.193785,0.181646,0.193495,0.145104
0.442448,0.338961,0.242424,0.35,0.141808,0.164153,0.141463,0.16125
0.424459,0.448701,0.393939,0.45,0.141695,0.122041,0.141463,0.213672
0.478415,0.474675,0.30303,0.4,0.20678,0.193397,0.206505,0.145104
0.469426,0.381169,0.333333,0.4,0.134011,0.147776,0.133659,0.193542
0.496404,0.381169,0.484848,0.35,0.171186,0.200309,0.170732,0.145104
0.40647,0.22013,0.333333,0.375,0.040452,0.061809,0.04012,0.388341
0.361514,0.245455,0.363636,0.35,0.054463,0.066658,0.054289,0.326064
0.413672,0.211688,0.424242,0.325,0.043729,0.070332,0.043314,0.353533
0.40647,0.164935,0.545455,0.35,0.034915,0.0687,0.034537,0.354791
0.388492,0.152597,0.606061,0.375,0.019209,0.040735,0.018816,0.516041
0.370503,0.194805,0.545455,0.525,0.031186,0.04824,0.030895,0.435521
0.370503,0.177922,0.575758,0.525,0.020452,0.035163,0.020173,0.548333
0.365109,0.152597,0.575758,0.5,0.016497,0.033033,0.016174,0.564479
0.368705,0.092857,0.575758,0.45,0.011299,0.038129,0.011011,0.516041
0.356109,0.126623,0.575758,0.45,0.013333,0.031941,0.013094,0.564479
0.34712,0.134416,0.575758,0.525,0.010734,0.024483,0.010492,0.650451
0.348918,0.15,0.606061,0.525,0.014576,0.028471,0.014343,0.596771
0.370503,0.135714,0.636364,0.475,0.012994,0.03096,0.012683,0.596771
0.334536,0.135714,0.575758,0.45,0.012881,0.026812,0.012683,0.596771
0.334536,0.161039,0.606061,0.525,0.015819,0.026812,0.01561,0.596771
0.32194,0.124675,0.545455,0.475,0.011638,0.025361,0.011416,0.596771
0.316546,0.14026,0.484848,0.45,0.013446,0.024739,0.013268,0.596771
0.336334,0.087662,0.575758,0.475,0.007458,0.02702,0.00722,0.596771
0.352513,0.152597,0.545455,0.475,0.014915,0.028886,0.014634,0.596771
0.275174,0.065584,0.424242,0.3,0.014011,0.039638,0.013983,0.387083
0.275174,0.065584,0.484848,0.35,0.013898,0.039452,0.013896,0.388341
0.334536,0.135714,0.666667,0.375,0.016836,0.033626,0.016585,0.516041
0.312951,0.075974,0.636364,0.425,0.007684,0.027989,0.007514,0.548333
0.296759,0.075974,0.575758,0.475,0.004407,0.019124,0.004278,0.650451
0.298557,0.084416,0.636364,0.475,0.019774,0.048793,0.019707,0.354791
0.241005,0.075974,0.424242,0.425,0.008701,0.021302,0.00878,0.516041
0.334536,0.10974,0.545455,0.475,0.013446,0.033626,0.013241,0.516041
0.329131,0.118182,0.545455,0.5,0.008136,0.02096,0.007913,0.677501
0.334536,0.10974,0.484848,0.475,0.008136,0.023143,0.00788,0.650451
0.298557,0.075974,0.545455,0.475,0.012768,0.037181,0.012683,0.435521
0.334536,0.092857,0.636364,0.475,0.009153,0.029322,0.008985,0.564479
0.334536,0.10974,0.666667,0.5,0.013446,0.033626,0.013241,0.516041
0.298557,0.084416,0.575758,0.475,0.010056,0.028886,0.009894,0.516041
0.294962,0.073377,0.545455,0.45,0.006215,0.023356,0.006079,0.580625
0.334536,0.174675,0.454545,0.375,0.021921,0.033626,0.021716,0.516041
0.334536,0.152597,0.515152,0.45,0.018983,0.033626,0.018816,0.516041
0.334536,0.135714,0.575758,0.5,0.012881,0.026812,0.012683,0.596771
0.298557,0.084416,0.484848,0.4,0.007458,0.023781,0.007379,0.580625
0.311153,0.084416,0.545455,0.425,0.008136,0.026485,0.007958,0.564479
0.478415,0.169481,0.545455,0.45,0.021582,0.052585,0.021046,0.516041
0.316546,0.101299,0.484848,0.4,0.012316,0.031256,0.012125,0.516041
0.311153,0.084416,0.545455,0.475,0.004633,0.019117,0.004446,0.677501
0.316546,0.084416,0.515152,0.425,0.004633,0.01967,0.004446,0.677501
0.334536,0.092857,0.515152,0.475,0.008023,0.026812,0.007805,0.596771
0.298557,0.072078,0.424242,0.375,0.003277,0.017827,0.003143,0.677501
0.316546,0.101299,0.515152,0.525,0.005424,0.017944,0.005292,0.709583
0.32194,0.177922,0.484848,0.425,0.011299,0.016112,0.011122,0.758021
0.334536,0.135714,0.454545,0.45,0.012881,0.026812,0.012683,0.596771
0.33094,0.161039,0.484848,0.425,0.012429,0.021144,0.012251,0.677501
0.32194,0.161039,0.515152,0.475,0.012429,0.020222,0.012251,0.677501
0.303962,0.144156,0.515152,0.45,0.008588,0.015174,0.008462,0.741875
0.311153,0.105844,0.515152,0.425,0.00678,0.019117,0.006613,0.677501
0.334536,0.092857,0.454545,0.4,0.008023,0.026812,0.007805,0.596771
0.352158,0.069481,0.212121,0.3,0.003164,0.02332,0.002909,0.677501
0.278865,0.132468,0.272727,0.3,0.008927,0.01501,0.008856,0.693437
0.268161,0.171429,0.363636,0.3,0.008701,0.008779,0.008651,0.822604
0.316546,0.135714,0.545455,0.5,0.012881,0.024739,0.012683,0.596771
0.334536,0.13961,0.484848,0.45,0.010282,0.021513,0.01008,0.677501
0.311153,0.186364,0.363636,0.35,0.009605,0.011844,0.009489,0.83875
0.311153,0.169481,0.424242,0.4,0.008249,0.011844,0.008072,0.83875
0.294962,0.144156,0.424242,0.425,0.006102,0.010487,0.005944,0.83875
0.348918,0.161039,0.454545,0.375,0.012542,0.022988,0.012251,0.677501
0.316546,0.169481,0.484848,0.4,0.008249,0.012297,0.008072,0.83875
0.316546,0.177922,0.545455,0.45,0.014124,0.01967,0.013983,0.677501
0.30576,0.084416,0.515152,0.425,0.002712,0.014619,0.002537,0.758021
0.329131,0.135714,0.454545,0.375,0.007458,0.016776,0.00722,0.758021
0.348918,0.126623,0.454545,0.425,0.006667,0.0186,0.006439,0.758021
0.293164,0.144156,0.575758,0.375,0.008136,0.013458,0.008,0.758021
0.316546,0.169481,0.545455,0.4,0.006328,0.009532,0.006178,0.91927
0.334536,0.177922,0.393939,0.375,0.01774,0.026812,0.017561,0.596771
0.318344,0.194805,0.393939,0.4,0.031073,0.040222,0.030895,0.435521
0.316546,0.152597,0.181818,0.225,0.044068,0.070359,0.043902,0.274062
0.365109,0.448701,0.242424,0.225,0.134689,0.099634,0.134577,0.225834
0.361514,0.201299,0.393939,0.4,0.041469,0.060406,0.041249,0.354791
0.381289,0.398052,0.424242,0.225,0.215593,0.191461,0.21561,0.112812
0.388492,0.279221,0.363636,0.3,0.073446,0.086949,0.073171,0.274062
0.33094,0.381169,0.363636,0.3,0.04113,0.026397,0.040976,0.596771
0.316546,0.322078,0.393939,0.375,0.034237,0.024739,0.034146,0.596771
0.298557,0.338961,0.424242,0.375,0.030508,0.017827,0.03046,0.677501
0.336334,0.296753,0.30303,0.25,0.029266,0.024739,0.029037,0.629063
0.34712,0.194805,0.333333,0.275,0.024633,0.035285,0.02439,0.516041
0.376026,0.342857,0.151515,0.3,0.075593,0.071387,0.075335,0.318515
0.352513,0.364286,0.212121,0.375,0.083051,0.069605,0.082927,0.306354
0.352513,0.237013,0.212121,0.225,0.141582,0.17819,0.141463,0.112812
0.387605,0.36039,0.151515,0.3,0.078079,0.072707,0.077854,0.322499
0.370503,0.364286,0.151515,0.275,0.057175,0.04824,0.05691,0.435521
0.442448,0.398052,0.181818,0.175,0.077853,0.075336,0.077463,0.354791
0.420863,0.38961,0.181818,0.2,0.050395,0.045001,0.050035,0.516041
0.442448,0.391558,0.151515,0.175,0.054576,0.05201,0.05419,0.483749
0.397481,0.347403,0.060606,0.2,0.068362,0.067041,0.068098,0.354791
0.424459,0.381169,0.151515,0.125,0.074689,0.072018,0.074341,0.354791
0.401076,0.406494,0.212121,0.175,0.063729,0.05294,0.063415,0.435521
0.433448,0.364286,0.181818,0.15,0.109492,0.115501,0.109193,0.231076
0.290775,0.118182,0.242424,0.3,0.023842,0.043722,0.02373,0.377438
0.316546,0.22013,0.242424,0.225,0.02791,0.031256,0.027734,0.516041
0.264388,0.211688,0.181818,0.175,0.02339,0.020809,0.023364,0.564479
0.275376,0.228571,0.242424,0.275,0.024068,0.020621,0.023979,0.586915
0.230231,0.188961,0.151515,0.175,0.016158,0.012043,0.016246,0.650451
0.231579,0.157143,0.212121,0.175,0.008701,0.007216,0.00878,0.774166
0.251804,0.188312,0.181818,0.175,0.009718,0.006867,0.009666,0.83875
0.26259,0.169481,0.272727,0.225,0.010395,0.010638,0.010341,0.758021
0.233814,0.131169,0.272727,0.225,0.004859,0.005359,0.004878,0.83875
0.232017,0.133766,0.272727,0.225,0.00339,0.003034,0.003446,0.91927
0.230219,0.131818,0.30303,0.2,0.003277,0.002896,0.003317,0.91927
0.25385,0.1,0.333333,0.275,0.00226,0.007039,0.00226,0.83875
0.216653,0.096753,0.30303,0.25,0.00226,0.00438,0.002299,0.822604
0.217623,0.101299,0.30303,0.25,0.000904,0.001928,0.000976,0.91927
0.235612,0.144156,0.30303,0.25,0.004859,0.004145,0.004878,0.887188
0.228421,0.151299,0.30303,0.25,0.004746,0.002758,0.004812,0.91927
0.223016,0.194805,0.333333,0.3,0.00791,0.002206,0.007994,0.925142
0.233814,0.126623,0.30303,0.25,0.001582,0.001322,0.001576,1.0
0.244601,0.15,0.363636,0.3,0.004633,0.004002,0.004683,0.91927
0.216901,0.116234,0.272727,0.25,0.005424,0.006424,0.005478,0.758021
0.248397,0.182468,0.272727,0.275,0.009153,0.006582,0.009165,0.83875
0.260721,0.149351,0.272727,0.275,0.005537,0.006416,0.005505,0.877752
0.253116,0.112987,0.212121,0.2,0.010169,0.017425,0.010116,0.596771
0.28058,0.101299,0.333333,0.275,0.008814,0.020591,0.00878,0.596771
0.294962,0.212338,0.272727,0.25,0.018644,0.01865,0.01854,0.655483
0.325535,0.233117,0.242424,0.25,0.017627,0.017999,0.01748,0.725729
0.290526,0.222727,0.121212,0.225,0.024746,0.023981,0.024708,0.564479
0.295293,0.217532,0.151515,0.275,0.016158,0.015092,0.016009,0.725729
0.301372,0.244156,0.181818,0.3,0.022486,0.019928,0.022403,0.645209
0.294962,0.313636,0.242424,0.225,0.019774,0.010084,0.019686,0.850283
0.334536,0.281818,0.363636,0.275,0.013672,0.0094,0.013427,0.967708
0.334536,0.211688,0.151515,0.275,0.014463,0.017273,0.014244,0.758021
0.292064,0.244805,0.212121,0.275,0.017401,0.013356,0.017312,0.758021
0.297966,0.297403,0.212121,0.25,0.016836,0.008847,0.016771,0.895156
0.291981,0.27987,0.090909,0.2,0.018644,0.011411,0.018543,0.806458
0.316546,0.279221,0.333333,0.325,0.029379,0.024739,0.029268,0.596771
0.352513,0.330519,0.272727,0.4,0.025424,0.018932,0.025171,0.758021
0.352513,0.313636,0.272727,0.3,0.019209,0.014043,0.018912,0.871042
0.325535,0.279221,0.242424,0.275,0.022147,0.017999,0.021953,0.725729
0.277303,0.291558,0.212121,0.225,0.020565,0.010983,0.020482,0.783602
0.195553,0.181818,0.212121,0.225,0.00678,0.0,0.006895,0.930174
0.236002,0.15974,0.212121,0.225,0.006102,0.004176,0.006163,0.887188
0.318344,0.279221,0.363636,0.35,0.014802,0.00967,0.014634,0.91927
0.336334,0.253896,0.272727,0.25,0.013785,0.012154,0.013626,0.887188
0.327333,0.203896,0.242424,0.275,0.01209,0.014488,0.011947,0.806458
0.27851,0.249351,0.393939,0.425,0.013559,0.007845,0.013538,0.877752
0.316192,0.214286,0.363636,0.45,0.012429,0.012776,0.012269,0.82533
0.316546,0.211688,0.484848,0.425,0.01435,0.015614,0.014244,0.758021
0.352513,0.211688,0.454545,0.425,0.008588,0.010717,0.008285,0.967708
0.343525,0.264286,0.424242,0.425,0.013672,0.011606,0.013463,0.91927
0.316747,0.223377,0.333333,0.45,0.017401,0.017963,0.017234,0.709583
0.242011,0.286364,0.333333,0.425,0.018983,0.007019,0.019044,0.807717
0.299894,0.275325,0.30303,0.425,0.019548,0.013449,0.019449,0.772908
0.40647,0.296753,0.424242,0.425,0.031638,0.035107,0.03122,0.596771
0.424814,0.37013,0.393939,0.475,0.03209,0.028568,0.03164,0.709583
0.414725,0.357143,0.393939,0.5,0.044407,0.042386,0.044044,0.532187
0.449923,0.396104,0.424242,0.5,0.046215,0.043328,0.045731,0.564479
0.460426,0.347403,0.575758,0.425,0.054802,0.062065,0.05431,0.435521
0.442448,0.305195,0.545455,0.425,0.019887,0.022853,0.019422,0.83875
0.460426,0.364286,0.484848,0.4,0.01887,0.017401,0.018386,1.0
0.403797,0.284416,0.393939,0.45,0.025311,0.028611,0.024901,0.677501
0.395364,0.283766,0.393939,0.5,0.017966,0.018905,0.017627,0.83875
0.355435,0.255844,0.363636,0.425,0.014124,0.013738,0.013821,0.885301
0.365322,0.22987,0.333333,0.4,0.011299,0.01352,0.011014,0.91256
0.366056,0.263636,0.333333,0.45,0.013898,0.013577,0.01362,0.91256
0.397481,0.279221,0.484848,0.525,0.020904,0.02308,0.020488,0.758021
0.440651,0.279221,0.515152,0.55,0.023616,0.030749,0.023189,0.700356
0.45683,0.296753,0.515152,0.55,0.022599,0.028554,0.022049,0.758021
0.451437,0.320779,0.393939,0.5,0.018305,0.0199,0.017822,0.91927
0.443241,0.303247,0.515152,0.575,0.028927,0.034713,0.02844,0.650451
0.485831,0.392857,0.515152,0.625,0.028023,0.02722,0.027434,0.82533
0.528527,0.398052,0.484848,0.6,0.039209,0.043789,0.038481,0.650451
0.496404,0.305195,0.515152,0.5,0.029492,0.040845,0.028929,0.645209
0.496404,0.313636,0.545455,0.575,0.017853,0.023356,0.017237,0.91927
0.496404,0.317532,0.545455,0.575,0.02113,0.027378,0.020488,0.83875
0.514382,0.364286,0.515152,0.55,0.039661,0.047549,0.039024,0.596771
0.519302,0.372078,0.515152,0.575,0.036384,0.042808,0.035752,0.650451
0.555778,0.405195,0.515152,0.6,0.060904,0.072968,0.0602,0.454812
0.606541,0.435714,0.515152,0.625,0.068814,0.084526,0.067914,0.435521
0.667262,0.516883,0.727273,0.6,0.088136,0.102057,0.087108,0.403229
0.676263,0.559091,0.757576,0.625,0.124633,0.137471,0.123725,0.306354
0.640284,0.669481,0.666667,0.625,0.163729,0.145011,0.162927,0.274062
0.66207,0.669481,0.606061,0.55,0.195141,0.180195,0.194329,0.225834
0.674015,0.690909,0.606061,0.525,0.266893,0.246302,0.266101,0.16125
0.36505,0.368831,0.393939,0.475,0.129944,0.115687,0.129783,0.193542
0.730219,0.516883,0.575758,0.45,0.188701,0.244155,0.187647,0.178654
0.766186,0.618831,0.393939,0.45,0.207571,0.239017,0.206505,0.193542
0.710857,0.701299,0.484848,0.475,0.270734,0.259376,0.269854,0.16125
0.757197,0.745455,0.545455,0.475,0.286441,0.275812,0.285553,0.16125
0.735789,0.672078,0.606061,0.5,0.283277,0.29231,0.282441,0.145104
0.712229,0.661039,0.636364,0.5,0.323842,0.330046,0.323077,0.119312
0.784175,0.669481,0.606061,0.5,0.395932,0.438515,0.395122,0.091424
0.711709,0.821429,0.575758,0.625,0.411073,0.343843,0.41042,0.112812
0.749994,0.830519,0.636364,0.625,0.563729,0.493866,0.563227,0.071294
0.586328,0.161039,0.69697,0.65,0.089492,0.241428,0.088762,0.140281
0.661833,0.299351,0.545455,0.65,0.175819,0.329604,0.175003,0.108828
0.604317,0.305195,0.575758,0.5,0.173333,0.294315,0.172683,0.112812
0.739633,0.411688,0.606061,0.65,0.281695,0.451126,0.280829,0.08052
0.749994,0.406494,0.606061,0.625,0.376384,0.616425,0.37561,0.048438
0.730219,0.533766,0.545455,0.575,0.27887,0.352378,0.278049,0.112812
0.640284,0.41039,0.545455,0.6,0.127458,0.177623,0.12655,0.22122
0.69424,0.38961,0.666667,0.65,0.212542,0.335789,0.211707,0.112812
0.658273,0.322078,0.545455,0.575,0.231751,0.407192,0.230973,0.079681
0.69424,0.38961,0.757576,0.7,0.212542,0.335789,0.211707,0.112812
0.622306,0.448701,0.333333,0.475,0.278644,0.352378,0.278049,0.091424
0.595328,0.533766,0.484848,0.525,0.323503,0.338022,0.323077,0.091424
0.658273,0.491558,0.606061,0.525,0.259209,0.319199,0.258537,0.112812
0.622306,0.491558,0.545455,0.55,0.30113,0.352378,0.300563,0.091424
0.676263,0.542208,0.666667,0.575,0.21435,0.247099,0.213508,0.16125
0.730219,0.618831,0.575758,0.475,0.317853,0.352378,0.317073,0.112812
0.559349,0.023377,0.606061,0.5,0.035028,0.228277,0.034236,0.142168
0.56835,0.347403,0.424242,0.575,0.184859,0.266241,0.18424,0.119312
0.532371,0.152597,0.515152,0.6,0.092429,0.235498,0.091797,0.128958
0.613306,0.516883,0.575758,0.525,0.270847,0.298463,0.270244,0.112812
0.640284,0.508442,0.757576,0.5,0.220226,0.255607,0.219512,0.145104
0.622306,0.559091,0.757576,0.625,0.239661,0.248695,0.239024,0.145104
0.586328,0.533766,0.606061,0.575,0.323503,0.333236,0.323077,0.091424
0.588125,0.533766,0.727273,0.6,0.292881,0.301914,0.292377,0.105263
0.56835,0.584416,0.636364,0.575,0.289718,0.266241,0.289306,0.119312
0.56835,0.423377,0.606061,0.65,0.264972,0.323666,0.26454,0.091424
0.557552,0.533766,0.636364,0.575,0.211073,0.204988,0.210507,0.16125
0.586328,0.491558,0.606061,0.5,0.248588,0.274217,0.24803,0.119312
0.615103,0.555844,0.666667,0.6,0.254802,0.263296,0.254148,0.133361
0.586328,0.533766,0.606061,0.625,0.24565,0.251517,0.245142,0.133361
0.604317,0.567532,0.666667,0.7,0.259548,0.258879,0.258999,0.133361
0.586328,0.491558,0.666667,0.675,0.182147,0.199458,0.181487,0.176138
0.593519,0.35974,0.818182,0.65,0.174802,0.254461,0.174139,0.133361
0.519787,0.431818,0.69697,0.575,0.127684,0.138471,0.127205,0.231076
0.604317,0.491558,0.636364,0.65,0.301017,0.342807,0.300563,0.091424
0.613306,0.423377,0.757576,0.725,0.334802,0.439711,0.334334,0.063326
0.640284,0.533766,0.666667,0.55,0.292994,0.327146,0.292377,0.105263
0.532371,0.10974,0.606061,0.55,0.051073,0.167131,0.050408,0.193542
0.532371,0.135714,0.636364,0.575,0.05887,0.167131,0.058212,0.193542
0.496404,0.152597,0.606061,0.625,0.102938,0.244547,0.102439,0.112812
0.56835,0.237013,0.666667,0.7,0.166102,0.323666,0.165478,0.091424
0.640284,0.406494,0.636364,0.575,0.256158,0.361949,0.255535,0.091424
0.604317,0.559091,0.606061,0.6,0.239661,0.241783,0.239024,0.145104
0.703241,0.618831,0.606061,0.7,0.400565,0.43014,0.4,0.08052
0.676263,0.237013,0.757576,0.625,0.196384,0.448086,0.195497,0.071294
0.730219,0.63961,0.606061,0.65,0.478418,0.517474,0.477863,0.063326
0.69424,0.533766,0.575758,0.575,0.27887,0.335789,0.278049,0.112812
0.640284,0.575974,0.606061,0.6,0.298192,0.310905,0.297561,0.112812
0.604317,0.533766,0.636364,0.625,0.351638,0.373115,0.35122,0.08052
0.606115,0.495455,0.606061,0.65,0.197627,0.222215,0.196998,0.16125
0.622306,0.483117,0.606061,0.625,0.322486,0.383483,0.321951,0.08052
0.595328,0.474675,0.606061,0.6,0.207119,0.238326,0.206505,0.145104
0.532371,0.491558,0.606061,0.575,0.168023,0.167131,0.167481,0.193542
0.56835,0.491558,0.606061,0.6,0.168136,0.17819,0.167481,0.193542
0.604317,0.635714,0.575758,0.575,0.325311,0.294315,0.324878,0.112812
0.658273,0.575974,0.606061,0.6,0.376158,0.40422,0.37561,0.08052
0.730219,0.406494,0.606061,0.625,0.346328,0.553364,0.345591,0.056406
0.748196,0.194805,0.606061,0.625,0.259435,0.742227,0.258537,0.032292
0.712229,0.491558,0.606061,0.625,0.327571,0.435325,0.326829,0.08052
0.604317,0.448701,0.575758,0.6,0.220113,0.270069,0.219512,0.126232
0.532371,0.406494,0.575758,0.575,0.22,0.261137,0.219512,0.112812
0.658273,0.406494,0.575758,0.625,0.246215,0.356986,0.245529,0.096666
0.604317,0.406494,0.606061,0.575,0.142147,0.189249,0.141463,0.193542
0.604317,0.491558,0.575758,0.6,0.23435,0.265661,0.233702,0.128958
0.640284,0.448701,0.606061,0.575,0.26791,0.34777,0.267209,0.096666
0.676263,0.364286,0.575758,0.525,0.224633,0.366203,0.223847,0.096666
0.658273,0.10974,0.606061,0.55,0.108249,0.40422,0.107317,0.08052
0.631295,0.135714,0.545455,0.6,0.09548,0.306757,0.094634,0.112812
0.460426,0.194805,0.121212,0.1,0.164294,0.304524,0.163977,0.074858
0.298557,0.237013,0.0,0.025,0.155367,0.168938,0.155473,0.099602
0.235612,0.10974,0.0,0.025,0.09774,0.146606,0.097936,0.091424
0.226623,0.194805,0.0,0.025,0.125198,0.123743,0.125454,0.108828
0.190645,0.186364,0.060606,0.15,0.129605,0.114704,0.129957,0.099602
0.208634,0.126623,0.030303,0.075,0.103051,0.12761,0.103259,0.095827
0.190645,0.10974,0.0,0.2,0.112655,0.141821,0.112946,0.074858
0.190645,0.126623,0.030303,0.225,0.122825,0.141821,0.123152,0.074858
0.199645,0.135714,0.0,0.3,0.18904,0.219299,0.189493,0.037953
0.190645,0.152597,0.0,0.3,0.138079,0.141821,0.138462,0.074858
0.208634,0.152597,0.0,0.3,0.138192,0.152668,0.138462,0.074858
0.181656,0.194805,0.0,0.35,0.133785,0.110184,0.134208,0.099602
0.185251,0.211688,0.060606,0.4,0.173785,0.138567,0.174184,0.074858
0.26259,0.279221,0.030303,0.4,0.176497,0.15086,0.176735,0.099602
0.226623,0.211688,0.0,0.425,0.173898,0.163515,0.174184,0.074858
0.223016,0.192208,0.030303,0.4,0.206328,0.206902,0.206718,0.050325
0.235612,0.152597,0.0,0.375,0.187684,0.230351,0.187992,0.044663
0.221218,0.152597,0.0,0.4,0.138192,0.160261,0.138462,0.074858
0.28058,0.237013,0.0,0.375,0.189266,0.196055,0.189493,0.074858
0.28058,0.194805,0.0,0.075,0.342147,0.412993,0.342589,0.01321
0.199645,0.237013,0.0,0.1,0.155141,0.119223,0.155473,0.099602
0.181656,0.14026,0.0,0.1,0.13096,0.136398,0.131317,0.074858
0.181656,0.152597,0.030303,0.125,0.176271,0.175717,0.176735,0.050325
0.201443,0.194805,0.0,0.1,0.133898,0.120127,0.134208,0.099602
0.199645,0.133117,0.0,0.075,0.126441,0.147244,0.126724,0.074858
0.298557,0.262338,0.181818,0.175,0.157401,0.157772,0.157472,0.108828
0.244601,0.237013,0.090909,0.175,0.189153,0.174362,0.189493,0.074858
0.514382,0.661039,0.484848,0.525,0.219887,0.161601,0.219512,0.193542
0.478415,0.491558,0.545455,0.475,0.244294,0.222559,0.243989,0.122038
0.496404,0.533766,0.454545,0.3,0.323277,0.285382,0.323077,0.091424
0.478415,0.322078,0.545455,0.55,0.180791,0.236253,0.180488,0.112812
0.496404,0.559091,0.484848,0.575,0.570508,0.489559,0.570732,0.035437
0.370503,0.126623,0.484848,0.475,0.244746,0.489559,0.244728,0.017194
0.226623,0.262338,0.454545,0.125,0.146441,0.114704,0.146717,0.119312
0.244601,0.237013,0.0,0.25,0.259435,0.241631,0.259824,0.043405
0.334536,0.152597,0.0,0.3,0.176723,0.290965,0.176735,0.050325
0.28058,0.237013,0.0,0.275,0.259548,0.270799,0.259824,0.043405
0.298557,0.322078,0.0,0.15,0.251977,0.217323,0.2522,0.069616
0.244601,0.067532,0.0,0.2,0.105311,0.208816,0.105441,0.056406
0.226623,0.22013,0.0,0.25,0.190395,0.174362,0.190694,0.068148
0.26259,0.194805,0.0,0.225,0.208362,0.236731,0.20863,0.050325
0.296759,0.211688,0.030303,0.25,0.185198,0.219153,0.185291,0.068148
0.298557,0.237013,0.0,0.275,0.225311,0.247099,0.225516,0.056406
0.244601,0.126623,0.0,0.3,0.131073,0.185846,0.131257,0.068148
0.28058,0.194805,0.0,0.275,0.17435,0.208816,0.174484,0.068148
0.28058,0.152597,0.0,0.25,0.216723,0.307259,0.21694,0.033131
0.40647,0.152597,0.0,0.075,0.147684,0.289211,0.147467,0.068148
0.307558,0.141558,0.030303,0.125,0.200565,0.32207,0.20075,0.035437
0.253601,0.10974,0.0,0.1,0.172768,0.274217,0.172983,0.035437
0.312951,0.126623,0.0,0.075,0.132655,0.232018,0.132731,0.06689
0.185251,0.126623,0.0,0.1,0.124972,0.141125,0.125361,0.072971
0.190645,0.114935,0.0,0.075,0.103277,0.12636,0.103595,0.087859
0.182732,0.067532,0.0,0.075,0.135141,0.211369,0.13546,0.035437
0.26259,0.152597,0.0,0.05,0.127797,0.171065,0.127955,0.084085
0.316546,0.322078,0.272727,0.3,0.210395,0.189675,0.210507,0.091424
0.298557,0.322078,0.242424,0.3,0.158418,0.133723,0.15855,0.133361
0.244601,0.194805,0.0,0.075,0.174237,0.185846,0.174484,0.068148
0.28058,0.152597,0.0,0.2,0.17661,0.25029,0.176735,0.050325
0.172667,0.135714,0.0,0.075,0.111073,0.113109,0.111445,0.091424
0.208634,0.22013,0.060606,0.1,0.182034,0.155452,0.182397,0.072971
0.190645,0.169481,0.0,0.075,0.157853,0.151392,0.158274,0.068148
0.190645,0.152597,0.0,0.05,0.156045,0.160962,0.156473,0.061858
0.208634,0.115584,0.151515,0.225,0.177853,0.234338,0.178236,0.035437
0.241005,0.211688,0.030303,0.125,0.196045,0.194907,0.196398,0.061858
0.226623,0.152597,0.0,0.1,0.156158,0.185208,0.156473,0.061858
0.28058,0.203247,0.030303,0.05,0.444068,0.521461,0.444653,0.000839
0.316546,0.237013,0.0,0.1,0.417175,0.484455,0.417636,0.009855
0.235612,0.152597,0.0,0.1,0.19887,0.244308,0.19925,0.039841
0.275174,0.277273,0.060606,0.125,0.168136,0.150521,0.168345,0.105263
0.298557,0.194805,0.0,0.1,0.171977,0.217323,0.172149,0.069616
0.28058,0.152597,0.0,0.1,0.210282,0.298144,0.210507,0.035437
0.224826,0.138961,0.0,0.125,0.174463,0.218742,0.174817,0.045922
0.228421,0.152597,0.0,0.15,0.187684,0.224608,0.187992,0.044663
0.298557,0.131818,0.0,0.125,0.299887,0.488283,0.300203,0.00671
0.190645,0.169481,0.0,0.025,0.157853,0.151392,0.158274,0.068148
0.226623,0.135714,0.0,0.125,0.184633,0.236731,0.184991,0.039841
0.26259,0.237013,0.030303,0.125,0.148927,0.144431,0.149103,0.105263
0.26259,0.279221,0.0,0.125,0.154011,0.130655,0.154221,0.119312
0.334536,0.394805,0.151515,0.3,0.266667,0.213921,0.266822,0.082617
0.417268,0.508442,0.393939,0.425,0.260565,0.203248,0.260446,0.116377
0.226623,0.135714,0.0,0.125,0.104181,0.132782,0.104441,0.099602
0.244601,0.152597,0.0,0.15,0.138305,0.174362,0.138462,0.074858
0.40647,0.253896,0.30303,0.45,0.221808,0.302131,0.221764,0.063326
0.56835,0.364286,0.30303,0.45,0.315932,0.438515,0.315572,0.056406
0.586328,0.135714,0.606061,0.55,0.116836,0.346352,0.116116,0.086391
0.586328,0.237013,0.484848,0.5,0.166102,0.333236,0.165478,0.091424
0.496404,0.152597,0.606061,0.625,0.120904,0.285382,0.12045,0.091424
0.550361,0.322078,0.515152,0.525,0.21096,0.314095,0.210507,0.091424
0.496404,0.322078,0.484848,0.575,0.210847,0.285382,0.210507,0.091424
0.550361,0.322078,0.454545,0.575,0.267232,0.397839,0.266792,0.063326
0.56835,0.448701,0.212121,0.375,0.327232,0.38109,0.326829,0.071294
0.496404,0.448701,0.454545,0.5,0.351412,0.361949,0.35122,0.063326
0.514382,0.483117,0.515152,0.575,0.373898,0.373912,0.373734,0.063326
0.604317,0.491558,0.636364,0.675,0.280113,0.318561,0.27955,0.101279
0.424459,0.203247,0.636364,0.625,0.136949,0.229234,0.13666,0.101279
0.45683,0.253896,0.69697,0.675,0.153785,0.232637,0.153471,0.108828
0.442448,0.194805,0.636364,0.625,0.143277,0.25667,0.142964,0.091424
0.442448,0.126623,0.484848,0.6,0.147797,0.349188,0.147467,0.056406
0.550361,0.211688,0.666667,0.675,0.18339,0.376127,0.182823,0.069616
0.334536,0.033766,0.0,0.125,0.087571,0.290965,0.08743,0.050325
0.514382,0.050649,0.666667,0.6,0.082034,0.353442,0.081426,0.069616
0.496404,0.152597,0.636364,0.625,0.135932,0.319412,0.13546,0.077375
0.532371,0.194805,0.666667,0.675,0.143503,0.304524,0.142964,0.091424
0.622306,0.194805,0.666667,0.675,0.248701,0.601218,0.24803,0.035437
0.640284,0.322078,0.636364,0.725,0.267458,0.457656,0.266792,0.063326
0.604317,0.322078,0.666667,0.725,0.307458,0.498674,0.306996,0.049486
0.676263,0.406494,0.666667,0.75,0.323729,0.481583,0.323077,0.063326
0.69424,0.575974,0.636364,0.7,0.313559,0.353248,0.312844,0.105263
0.604317,0.10974,0.848485,0.6,0.083729,0.294315,0.082927,0.112812
0.532371,0.152597,0.848485,0.825,0.11209,0.28283,0.111445,0.101279
0.496404,0.144156,0.909091,0.775,0.042599,0.111833,0.041951,0.274062
0.514382,0.169481,0.878788,0.775,0.048475,0.11598,0.047805,0.274062
0.532371,0.237013,0.878788,0.85,0.077853,0.145011,0.077187,0.225834
0.676263,0.406494,0.848485,0.875,0.130395,0.193503,0.129456,0.213672
0.820142,0.406494,0.757576,0.8,0.220678,0.393851,0.219512,0.112812
0.766186,0.703247,0.515152,0.625,0.134802,0.135058,0.133659,0.354791
0.793164,0.575974,0.606061,0.7,0.194689,0.247312,0.193495,0.193542
0.802153,0.618831,0.515152,0.625,0.318079,0.385557,0.317073,0.112812
0.820142,0.703247,0.727273,0.775,0.233672,0.255607,0.232519,0.193542
0.811153,0.661039,0.878788,0.825,0.202712,0.231786,0.201501,0.213672
0.802153,0.661039,0.787879,0.725,0.220678,0.250077,0.219512,0.193542
0.892088,0.491558,0.636364,0.875,0.196949,0.323666,0.195497,0.16125
0.838131,0.618831,0.69697,0.775,0.190734,0.239443,0.189493,0.213672
0.856109,0.575974,0.757576,0.85,0.274802,0.377262,0.273546,0.126232
0.838131,0.661039,0.727273,0.8,0.324181,0.385876,0.323077,0.119312
0.730219,0.10974,0.848485,0.825,0.02565,0.128422,0.02439,0.354791
0.676263,0.237013,0.787879,0.8,0.048927,0.118468,0.047805,0.354791
0.712229,0.406494,0.818182,0.875,0.103503,0.161601,0.102439,0.274062
0.802153,0.508442,0.848485,0.825,0.173898,0.250077,0.172683,0.193542
0.820142,0.491558,0.545455,0.625,0.168701,0.255607,0.167481,0.193542
0.892088,0.575974,0.606061,0.65,0.173559,0.247099,0.172149,0.22122
0.874098,0.592857,0.787879,0.75,0.277514,0.37877,0.276275,0.128958
0.874098,0.703247,0.757576,0.8,0.233785,0.272196,0.232519,0.193542
0.892088,0.745455,0.666667,0.75,0.286893,0.323666,0.285553,0.16125
0.640284,0.237013,0.69697,0.8,0.076384,0.170533,0.075422,0.231076
0.784175,0.533766,0.727273,0.8,0.211638,0.285382,0.210507,0.16125
0.766186,0.491558,0.636364,0.7,0.238531,0.338979,0.237523,0.126232
0.820142,0.830519,0.818182,0.875,0.399096,0.3779,0.398124,0.119312
0.838131,0.745455,0.787879,0.85,0.266667,0.28283,0.26554,0.176138
0.784175,0.677922,0.757576,0.8,0.28226,0.307259,0.281264,0.147201
0.807558,0.677922,0.757576,0.8,0.282373,0.316146,0.281264,0.147201
0.820142,0.830519,0.69697,0.8,0.399096,0.3779,0.398124,0.119312
0.838131,0.677922,0.727273,0.725,0.331638,0.385876,0.330582,0.119312
0.748196,0.364286,0.727273,0.8,0.192768,0.345997,0.191745,0.119312
0.712229,0.491558,0.787879,0.825,0.196497,0.25986,0.195497,0.16125
0.784175,0.661039,0.787879,0.85,0.324068,0.361949,0.323077,0.119312
0.730219,0.177922,0.787879,0.85,0.092203,0.285382,0.091032,0.148249
0.802153,0.491558,0.909091,0.95,0.406554,0.604408,0.405629,0.056406
0.748196,0.491558,0.818182,0.875,0.266441,0.370456,0.26554,0.108828
0.550361,0.194805,0.727273,0.7,0.091073,0.202436,0.090432,0.16125
0.586328,0.152597,0.69697,0.725,0.12113,0.333236,0.12045,0.091424
0.640284,0.169481,0.333333,0.375,0.11435,0.319412,0.113447,0.108828
0.748196,0.406494,0.878788,0.95,0.211525,0.345997,0.210507,0.119312
0.820142,0.745455,0.909091,0.925,0.436497,0.457656,0.435647,0.091424
0.820142,0.728571,0.727273,0.8,0.427571,0.457656,0.426642,0.091424
0.838131,0.745455,0.818182,0.85,0.286667,0.304524,0.285553,0.16125
0.550361,0.237013,0.878788,0.775,0.046102,0.090777,0.045403,0.370937
0.676263,0.830519,0.909091,1.0,0.156045,0.116937,0.155185,0.359195
0.775174,0.466234,0.727273,0.775,0.163955,0.246537,0.162831,0.189138
0.784175,0.728571,0.818182,0.875,0.236497,0.239443,0.235422,0.198155
0.892088,0.830519,0.909091,0.95,0.267345,0.271983,0.266041,0.198155
0.964033,0.61039,0.878788,0.9,0.213898,0.312181,0.212308,0.184525
0.856109,0.830519,0.727273,0.775,0.250734,0.244547,0.249531,0.213672
0.964033,0.508442,0.909091,0.95,0.364972,0.62674,0.363602,0.071294
0.730219,0.322078,0.848485,0.775,0.186554,0.361949,0.185492,0.108828
0.766186,0.788312,0.818182,0.85,0.490282,0.458932,0.489681,0.082617
0.658273,0.448701,0.757576,0.825,0.246215,0.327919,0.245529,0.108828
0.730219,0.830519,0.69697,0.775,0.426328,0.361949,0.425642,0.108828
0.820142,0.830519,0.848485,0.925,0.514463,0.489559,0.513696,0.082617
0.766186,0.745455,0.818182,0.875,0.386441,0.378964,0.385615,0.108828
0.730219,0.830519,0.69697,0.775,0.367119,0.310414,0.366373,0.133361
0.802153,0.703247,0.787879,0.825,0.342825,0.369924,0.341839,0.119312
0.766186,0.661039,0.757576,0.825,0.323955,0.353973,0.323077,0.119312
0.784175,0.703247,0.848485,0.85,0.442373,0.469141,0.441651,0.082617
0.820142,0.830519,0.848485,0.9,0.573107,0.546275,0.572401,0.069616
0.874098,0.203247,0.969697,0.925,0.094915,0.317285,0.093433,0.16125
0.640284,0.364286,0.818182,0.7,0.118305,0.183294,0.117448,0.213672
0.856109,0.618831,0.787879,0.775,0.263051,0.338553,0.261788,0.145104
0.838131,0.406494,0.818182,0.8,0.43661,0.792633,0.435647,0.035437
0.676263,0.364286,0.818182,0.875,0.206328,0.336427,0.205502,0.108828
0.712229,0.661039,0.848485,0.9,0.27435,0.278576,0.273546,0.148249
0.820142,0.830519,0.818182,0.85,0.436497,0.414153,0.435647,0.105263
0.739208,0.661039,0.787879,0.8,0.274463,0.288785,0.273546,0.148249
0.712229,0.575974,0.757576,0.7,0.190395,0.217749,0.189493,0.198155
0.811153,0.279221,0.757576,0.725,0.295141,0.701028,0.29413,0.043405
0.964033,0.237013,0.757576,0.7,0.143164,0.460209,0.141463,0.112812
0.640284,0.237013,0.818182,0.7,0.106328,0.234338,0.105441,0.16125
0.640284,0.10974,0.757576,0.7,0.086328,0.319412,0.085427,0.108828
0.604317,0.237013,0.818182,0.8,0.106215,0.221577,0.105441,0.16125
0.820142,0.745455,0.818182,0.875,0.436497,0.457656,0.435647,0.091424
0.766186,0.745455,0.848485,0.875,0.436384,0.428944,0.435647,0.091424
0.784175,0.661039,0.848485,0.875,0.298079,0.3325,0.297099,0.133361
0.784175,0.618831,0.787879,0.8,0.280791,0.3325,0.279781,0.133361
0.56835,0.237013,0.818182,0.775,0.114124,0.22413,0.113447,0.148249
0.676263,0.491558,0.818182,0.8,0.32226,0.407888,0.321576,0.082617
0.69424,0.491558,0.787879,0.8,0.266328,0.344934,0.26554,0.108828
0.69424,0.661039,0.727273,0.75,0.391186,0.390661,0.390619,0.091424
0.730219,0.661039,0.818182,0.775,0.418305,0.438515,0.417636,0.082617
0.69424,0.661039,0.757576,0.8,0.346215,0.344934,0.345591,0.108828
0.69424,0.575974,0.757576,0.775,0.242373,0.271771,0.241525,0.148249
0.604317,0.22013,0.727273,0.65,0.107797,0.237741,0.107041,0.148249
0.496404,0.237013,0.727273,0.675,0.057966,0.101624,0.057411,0.301111
0.640284,0.575974,0.69697,0.7,0.226215,0.234338,0.225516,0.16125
0.586328,0.533766,0.787879,0.775,0.226102,0.230936,0.225516,0.148249
0.676263,0.661039,0.636364,0.675,0.364181,0.354292,0.363602,0.101279
0.820142,0.406494,0.939394,0.925,0.121808,0.218387,0.12045,0.231076
0.820142,0.448701,0.757576,0.775,0.298644,0.489559,0.297561,0.082617
0.820142,0.830519,0.69697,0.7,0.740565,0.708319,0.740125,0.043405
0.802153,0.661039,0.818182,0.825,0.391525,0.448086,0.390619,0.091424
0.820142,0.661039,0.757576,0.8,0.850169,1.0,0.849906,0.017194
0.856109,0.491558,0.787879,0.8,0.301695,0.476798,0.300563,0.091424
0.838131,0.745455,0.787879,0.775,0.43661,0.467227,0.435647,0.091424
0.802153,0.745455,0.848485,0.825,0.486441,0.500193,0.48568,0.077375
0.856109,0.914935,0.848485,0.85,0.429718,0.387471,0.428719,0.122038
0.856109,0.745455,0.787879,0.8,0.43661,0.476798,0.435647,0.091424
0.820142,0.618831,0.878788,0.875,0.394576,0.489559,0.393621,0.082617
0.856109,0.635714,0.878788,0.875,0.404294,0.509977,0.403227,0.082617
0.640284,0.067532,0.909091,0.675,0.024746,0.142459,0.02379,0.279304
0.604317,0.169481,0.787879,0.65,0.063051,0.173085,0.062214,0.213672
0.618699,0.198052,0.787879,0.75,0.065989,0.164791,0.065066,0.231076
0.807558,0.671429,0.787879,0.725,0.260226,0.293677,0.259137,0.16125
0.784175,0.491558,0.787879,0.675,0.322486,0.469141,0.321576,0.082617
0.820142,0.575974,0.818182,0.775,0.306667,0.404486,0.305567,0.108828
0.877694,0.740909,0.787879,0.725,0.434011,0.488283,0.432946,0.091424
0.838131,0.042208,1.0,0.825,0.054915,0.412993,0.053409,0.108828
0.820142,0.169481,0.727273,0.7,0.082825,0.298144,0.081426,0.16125
0.69424,0.322078,0.727273,0.7,0.146441,0.271771,0.145465,0.148249
0.676263,0.237013,0.787879,0.725,0.106441,0.247099,0.105441,0.16125
0.748196,0.406494,0.727273,0.725,0.178531,0.292189,0.177486,0.148249
0.820142,0.491558,0.727273,0.725,0.322599,0.489559,0.321576,0.082617
0.863844,0.42013,0.787879,0.8,0.33322,0.606363,0.332083,0.063326
0.910065,0.237013,0.909091,0.9,0.155028,0.470417,0.153471,0.101279
0.766186,0.491558,0.787879,0.775,0.112655,0.159048,0.111445,0.301111
0.748196,0.575974,0.878788,0.85,0.130621,0.15522,0.129456,0.301111
0.784175,0.575974,0.878788,0.825,0.166667,0.208816,0.165478,0.231076
0.820142,0.830519,0.636364,0.65,0.31661,0.298144,0.315572,0.16125
0.856109,1.0,0.484848,0.65,0.402599,0.333024,0.401627,0.148249
0.910065,0.745455,0.69697,0.75,0.286893,0.330046,0.285553,0.16125
0.892088,1.0,0.636364,0.65,0.376723,0.323666,0.37561,0.16125
0.784175,0.237013,0.878788,0.75,0.041582,0.119125,0.040258,0.410359
0.856109,0.575974,0.666667,0.7,0.130847,0.17819,0.129456,0.301111
0.964033,0.618831,0.787879,0.775,0.496836,0.719257,0.495685,0.056406
0.964033,1.0,0.787879,0.85,0.279548,0.25667,0.278049,0.231076
1.0,0.745455,0.848485,0.875,0.586893,0.744779,0.585741,0.056406
0.964033,1.0,0.848485,0.9,0.376949,0.349188,0.37561,0.16125
0.856109,0.830519,1.0,0.925,0.261808,0.255607,0.260539,0.203187
0.676263,0.745455,0.969697,0.85,0.136384,0.113109,0.13546,0.370937
0.820142,0.661039,0.818182,0.775,0.159548,0.183294,0.158274,0.279304
0.928054,0.914935,0.606061,0.7,0.346893,0.336427,0.345591,0.16125
0.874098,0.406494,0.909091,0.825,0.102147,0.195545,0.100638,0.279304
0.892088,0.745455,0.69697,0.725,0.226893,0.254756,0.225516,0.213672
0.928054,0.830519,0.69697,0.775,0.514689,0.550812,0.513696,0.082617
0.910065,0.830519,0.757576,0.8,0.25096,0.25986,0.249531,0.213672
0.856109,0.745455,0.636364,0.65,0.30678,0.333024,0.305567,0.148249
0.874098,0.830519,0.666667,0.7,0.23435,0.232743,0.233021,0.231076
0.838131,0.881169,0.666667,0.725,0.543277,0.499768,0.542514,0.082617
0.784175,0.237013,0.939394,0.775,0.114689,0.3058,0.113447,0.148249
0.0,0.152597,0.787879,0.725,0.092655,0.012807,0.093433,0.126232
0.784175,0.575974,0.909091,0.95,0.149831,0.187378,0.148668,0.260013
0.676263,0.703247,0.727273,0.75,0.191525,0.172065,0.190694,0.242818
0.712229,0.491558,0.757576,0.85,0.210395,0.278576,0.209507,0.148249
0.69424,0.575974,0.727273,0.85,0.27435,0.308352,0.273546,0.126232
0.136688,0.084416,0.030303,0.15,0.04,0.042923,0.040399,0.203187
0.190645,0.10974,0.030303,0.175,0.040226,0.049304,0.040399,0.237576
0.145689,0.194805,0.030303,0.15,0.059209,0.035416,0.05953,0.248689
0.118699,0.084416,0.060606,0.175,0.022712,0.019224,0.023102,0.318515
0.136688,0.101299,0.121212,0.275,0.024294,0.020882,0.024663,0.335919
0.172667,0.101299,0.121212,0.275,0.018418,0.020346,0.018618,0.405955
0.154678,0.097403,0.181818,0.275,0.021808,0.02225,0.022049,0.354791
0.172667,0.126623,0.181818,0.325,0.027458,0.025723,0.027653,0.353533
0.170857,0.118182,0.212121,0.275,0.016384,0.014594,0.016585,0.475781
0.199645,0.103896,0.212121,0.3,0.016497,0.021503,0.016627,0.440763
0.172667,0.101299,0.212121,0.3,0.019774,0.022127,0.020056,0.387083
0.190645,0.084416,0.272727,0.35,0.015819,0.023554,0.016027,0.403229
0.188847,0.025325,0.393939,0.35,0.006893,0.024892,0.007045,0.387083
0.217623,0.033766,0.424242,0.4,0.004746,0.021887,0.004878,0.467813
0.223016,0.016883,0.393939,0.375,0.002373,0.022665,0.002441,0.467813
0.226623,0.067532,0.424242,0.35,0.01322,0.029479,0.013241,0.403229
0.226623,0.0,0.454545,0.375,0.0,0.023184,0.0,0.467813
0.244601,0.033766,0.424242,0.4,0.006215,0.028886,0.006178,0.435521
0.230219,0.050649,0.454545,0.4,0.008701,0.026674,0.00878,0.435521
0.26259,0.025325,0.424242,0.425,0.004859,0.031651,0.004878,0.435521
0.28058,0.025325,0.212121,0.325,0.00791,0.042923,0.00788,0.370937
0.298557,0.101299,0.212121,0.325,0.012542,0.029364,0.012383,0.510799
0.284175,0.103896,0.181818,0.3,0.018418,0.037325,0.018308,0.41581
0.28058,0.07013,0.242424,0.275,0.018192,0.047831,0.018179,0.340952
0.28058,0.075974,0.30303,0.3,0.012768,0.034416,0.012683,0.435521
0.28058,0.135714,0.30303,0.375,0.019096,0.030162,0.018987,0.475781
0.253601,0.10974,0.363636,0.375,0.015367,0.026334,0.015385,0.475781
0.253601,0.108442,0.272727,0.35,0.013785,0.02425,0.01383,0.499895
0.248196,0.133117,0.30303,0.35,0.016271,0.02225,0.016252,0.516041
0.239208,0.07013,0.272727,0.4,0.00678,0.018798,0.006775,0.548333
0.271579,0.10974,0.333333,0.4,0.017514,0.03244,0.017528,0.440763
0.289568,0.133117,0.272727,0.35,0.014576,0.024898,0.014469,0.55064
0.298557,0.085714,0.484848,0.475,0.011299,0.031226,0.011212,0.490669
0.28058,0.084416,0.484848,0.475,0.014011,0.034416,0.013983,0.435521
0.284175,0.067532,0.454545,0.4,0.010508,0.032821,0.01038,0.454812
0.282377,0.067532,0.424242,0.475,0.011977,0.035698,0.011854,0.426924
0.273377,0.101299,0.545455,0.525,0.01661,0.033309,0.016585,0.435521
0.337753,0.237662,0.454545,0.45,0.037175,0.042501,0.036941,0.440763
0.352513,0.169481,0.363636,0.475,0.033672,0.055684,0.033396,0.370937
0.334536,0.126623,0.272727,0.4,0.018983,0.039545,0.018741,0.460893
0.352513,0.177922,0.424242,0.425,0.036949,0.05852,0.036731,0.356049
0.343525,0.169481,0.515152,0.5,0.044068,0.070387,0.043836,0.296079
0.334536,0.084416,0.454545,0.475,0.019887,0.055429,0.019707,0.354791
0.379491,0.192208,0.454545,0.475,0.051977,0.082656,0.051653,0.280981
0.356109,0.203247,0.484848,0.425,0.041582,0.059181,0.041402,0.356049
0.298557,0.194805,0.484848,0.5,0.044294,0.054153,0.044203,0.326064
0.363312,0.279221,0.454545,0.475,0.055819,0.060737,0.05561,0.354791
0.334536,0.169481,0.454545,0.5,0.041582,0.064723,0.041402,0.310967
0.379491,0.330519,0.424242,0.5,0.069153,0.067865,0.068872,0.335919
0.440651,0.406494,0.333333,0.475,0.079209,0.074731,0.078757,0.356049
0.467629,0.175974,0.272727,0.4,0.05322,0.111833,0.052734,0.258125
0.514382,0.406494,0.393939,0.425,0.180904,0.207221,0.180488,0.145104
0.465831,0.317532,0.333333,0.375,0.227119,0.293278,0.226831,0.08052
0.462235,0.292208,0.212121,0.3,0.187232,0.256529,0.186993,0.096666
0.491011,0.186364,0.272727,0.4,0.097175,0.199767,0.096708,0.143846
0.325535,0.177922,0.424242,0.475,0.058079,0.084396,0.058011,0.237576
0.408267,0.279221,0.515152,0.525,0.336497,0.428689,0.336585,0.032292
0.446044,0.307143,0.393939,0.425,0.130734,0.165429,0.130356,0.16125
0.478415,0.351299,0.424242,0.525,0.283842,0.346453,0.283623,0.064374
0.496404,0.448701,0.424242,0.5,0.492655,0.509977,0.492683,0.032292
0.478415,0.335714,0.454545,0.5,0.656271,0.836233,0.656585,0.0
0.526872,0.575974,0.30303,0.4,0.297853,0.258598,0.297561,0.112812
0.478415,0.496753,0.363636,0.375,0.44452,0.407676,0.444554,0.048438
0.496404,0.508442,0.484848,0.525,0.266554,0.244547,0.266341,0.112812
0.496404,0.433766,0.454545,0.5,0.293898,0.310905,0.293659,0.08052
0.505393,0.637013,0.363636,0.425,0.66565,0.518271,0.665951,0.032292
0.517989,0.542857,0.484848,0.475,0.579209,0.529884,0.579317,0.032292
0.523383,0.555195,0.515152,0.475,0.264859,0.235614,0.26454,0.126232
0.516192,0.488961,0.393939,0.4,0.344294,0.341167,0.344048,0.07381
0.370503,0.423377,0.454545,0.45,0.106554,0.082801,0.106341,0.274062
0.487404,0.488961,0.363636,0.45,0.344181,0.323666,0.344048,0.07381
0.532371,0.237013,0.363636,0.4,0.245876,0.449149,0.245529,0.048438
0.514382,0.533766,0.484848,0.575,0.323277,0.294953,0.323077,0.091424
0.532371,0.533766,0.393939,0.45,0.435706,0.412993,0.435647,0.056406
0.435245,0.205195,0.424242,0.4,0.07887,0.135532,0.078511,0.196268
0.352513,0.194805,0.484848,0.4,0.099322,0.145011,0.099188,0.145104
0.460426,0.330519,0.212121,0.275,0.189831,0.234338,0.189493,0.108828
0.458628,0.211688,0.363636,0.4,0.117062,0.204582,0.116629,0.128958
0.424459,0.5,0.454545,0.475,0.198644,0.157772,0.198499,0.16125
0.494607,0.451299,0.484848,0.45,0.240452,0.243718,0.240195,0.112812
0.476617,0.305195,0.484848,0.5,0.219774,0.299499,0.219512,0.08052
0.442448,0.472727,0.545455,0.5,0.229831,0.20116,0.229598,0.126232
0.464033,0.508442,0.454545,0.475,0.201808,0.171809,0.201501,0.16125
0.465831,0.483117,0.242424,0.275,0.370056,0.338158,0.370035,0.064374
0.487404,0.377273,0.515152,0.55,0.206215,0.2404,0.205854,0.112812
0.442448,0.448701,0.484848,0.5,0.239209,0.219663,0.239024,0.112812
0.388492,0.266883,0.515152,0.525,0.062825,0.077146,0.062529,0.306354
0.442448,0.491558,0.515152,0.525,0.167797,0.139481,0.167481,0.193542
0.442448,0.364286,0.454545,0.5,0.121695,0.1315,0.121333,0.206123
0.460426,0.466234,0.484848,0.475,0.35887,0.334604,0.358886,0.064374
0.478415,0.431818,0.545455,0.55,0.292881,0.300536,0.292683,0.08052
0.45683,0.491558,0.545455,0.55,0.180791,0.155676,0.180488,0.177396
0.478415,0.44026,0.515152,0.55,0.152203,0.150541,0.151871,0.193542
0.460426,0.364286,0.484848,0.5,0.16452,0.186485,0.164227,0.145104
0.469426,0.364286,0.424242,0.475,0.105085,0.119667,0.104606,0.241979
0.496404,0.364286,0.515152,0.55,0.164633,0.200309,0.164227,0.145104
0.478415,0.406494,0.545455,0.5,0.079548,0.081972,0.079024,0.354791
0.478415,0.364286,0.484848,0.525,0.071751,0.081972,0.07122,0.354791
0.40647,0.305195,0.545455,0.55,0.089718,0.103538,0.089432,0.241979
0.440651,0.305195,0.575758,0.525,0.073446,0.091359,0.073072,0.296079
0.40647,0.253896,0.575758,0.575,0.056949,0.07649,0.056627,0.322499
0.45683,0.355844,0.545455,0.575,0.051751,0.056362,0.051221,0.467813
0.478415,0.364286,0.515152,0.525,0.057401,0.064829,0.05691,0.435521
0.460426,0.279221,0.515152,0.525,0.044407,0.062065,0.043902,0.435521
0.478415,0.355844,0.515152,0.5,0.081695,0.095997,0.081153,0.306354
0.424459,0.330519,0.515152,0.5,0.090395,0.101355,0.090116,0.258125
0.334536,0.253896,0.606061,0.5,0.067458,0.074507,0.067317,0.274062
0.338131,0.186364,0.606061,0.525,0.03322,0.048198,0.032997,0.400923
0.307558,0.096104,0.575758,0.55,0.031186,0.068286,0.031024,0.274062
0.374098,0.169481,0.515152,0.5,0.016949,0.031374,0.016585,0.596771
0.408267,0.167532,0.575758,0.55,0.018418,0.038272,0.018023,0.564479
0.298557,0.169481,0.545455,0.475,0.035367,0.048793,0.035317,0.354791
0.316546,0.161039,0.545455,0.5,0.033898,0.052111,0.033756,0.354791
0.320142,0.163636,0.545455,0.5,0.009492,0.015224,0.009315,0.774166
0.370503,0.211688,0.575758,0.5,0.02452,0.034947,0.02424,0.55064
0.402874,0.224675,0.575758,0.55,0.027232,0.040502,0.026855,0.535752
0.460426,0.398052,0.545455,0.575,0.04339,0.041328,0.042927,0.596771
0.451437,0.364286,0.484848,0.5,0.039548,0.040291,0.039024,0.596771
0.447842,0.341558,0.484848,0.45,0.052429,0.05843,0.051971,0.445796
0.402874,0.35974,0.515152,0.425,0.040226,0.036117,0.039901,0.580625
0.354311,0.245455,0.515152,0.525,0.034124,0.039694,0.033852,0.483749
0.352513,0.270779,0.515152,0.45,0.042825,0.045475,0.042603,0.435521
0.402874,0.273377,0.515152,0.525,0.03887,0.047517,0.038559,0.475781
0.381289,0.180519,0.515152,0.5,0.019774,0.034893,0.0195,0.565737
0.298557,0.044156,0.545455,0.475,0.001921,0.021751,0.001795,0.61061
0.334536,0.04026,0.545455,0.45,0.005763,0.037819,0.005538,0.475781
0.334536,0.10974,0.454545,0.475,0.008927,0.024774,0.008714,0.625498
0.399279,0.205844,0.484848,0.5,0.022938,0.036978,0.022514,0.566576
0.375896,0.262338,0.545455,0.5,0.024746,0.027921,0.02439,0.645209
0.325535,0.158442,0.545455,0.525,0.014237,0.023781,0.014037,0.625498
0.352513,0.152597,0.545455,0.45,0.012655,0.025058,0.012383,0.650451
0.343525,0.135714,0.545455,0.45,0.008475,0.020011,0.008288,0.720486
0.352513,0.169481,0.606061,0.55,0.013333,0.023356,0.013115,0.677501
0.388492,0.213636,0.545455,0.5,0.022034,0.033033,0.021659,0.596771
0.388492,0.279221,0.545455,0.525,0.023955,0.026069,0.023598,0.692388
0.424459,0.322078,0.545455,0.525,0.035819,0.038669,0.035398,0.580625
0.424459,0.237013,0.606061,0.525,0.031751,0.047427,0.031277,0.499895
0.370503,0.10974,0.636364,0.525,0.018192,0.04824,0.017885,0.435521
0.298557,0.152597,0.575758,0.475,0.014802,0.022665,0.014634,0.596771
0.334536,0.067532,0.545455,0.475,0.002938,0.021513,0.002711,0.677501
0.334536,0.10974,0.575758,0.475,0.009944,0.026812,0.009756,0.596771
0.361514,0.161039,0.545455,0.45,0.015932,0.029923,0.01561,0.596771
0.352513,0.177922,0.575758,0.475,0.025198,0.040371,0.024991,0.475781
0.375896,0.186364,0.545455,0.5,0.023955,0.039653,0.02364,0.510799
0.496404,0.194805,0.515152,0.6,0.083503,0.16871,0.082927,0.177396
0.39029,0.233117,0.515152,0.575,0.037062,0.051281,0.036749,0.435521
0.370503,0.186364,0.575758,0.575,0.029379,0.047481,0.029106,0.440763
0.375896,0.248052,0.515152,0.475,0.035254,0.043689,0.034957,0.475781
0.316546,0.253896,0.484848,0.425,0.026441,0.024739,0.026341,0.596771
0.316546,0.238961,0.515152,0.475,0.026667,0.02705,0.026573,0.565737
0.368705,0.097403,0.515152,0.425,0.020904,0.058555,0.020638,0.370937
0.302153,0.15974,0.515152,0.425,0.017966,0.026461,0.017831,0.55064
0.314749,0.214286,0.515152,0.425,0.022825,0.025696,0.022688,0.580625
0.325535,0.192857,0.545455,0.475,0.022825,0.03039,0.022676,0.538687
0.325535,0.075974,0.575758,0.5,0.013107,0.041926,0.012947,0.430908
0.285973,0.183766,0.545455,0.45,0.015367,0.017386,0.015256,0.661355
0.334536,0.152597,0.515152,0.475,0.027571,0.047602,0.027392,0.400923
0.352513,0.152597,0.484848,0.425,0.036045,0.064872,0.035797,0.326064
0.352513,0.237013,0.424242,0.45,0.061921,0.076566,0.061779,0.280981
0.370503,0.13961,0.424242,0.475,0.015028,0.033808,0.014697,0.563221
0.370503,0.262338,0.393939,0.45,0.041582,0.04824,0.0413,0.435521
0.370503,0.262338,0.515152,0.45,0.033559,0.038365,0.033309,0.516041
0.41547,0.322078,0.393939,0.425,0.069718,0.077378,0.069418,0.326064
0.309355,0.262338,0.454545,0.475,0.037062,0.034245,0.036998,0.475781
0.341727,0.347403,0.848485,0.35,0.041469,0.031576,0.041267,0.548333
0.388492,0.181818,0.454545,0.45,0.037853,0.065137,0.037508,0.356049
0.325535,0.38961,0.454545,0.45,0.049605,0.032009,0.04951,0.520654
0.318344,0.177922,0.515152,0.45,0.028814,0.04081,0.028707,0.430908
0.316546,0.194805,0.454545,0.4,0.02452,0.031256,0.02439,0.516041
0.316546,0.169481,0.484848,0.45,0.021243,0.031256,0.021046,0.516041
0.325535,0.194805,0.424242,0.35,0.018079,0.023554,0.017885,0.629063
0.311153,0.135714,0.515152,0.425,0.013559,0.02527,0.013382,0.580625
0.343525,0.211688,0.515152,0.45,0.023616,0.030414,0.023364,0.564479
0.325535,0.194805,0.393939,0.375,0.027571,0.036542,0.027392,0.475781
0.323737,0.283117,0.424242,0.425,0.024859,0.020407,0.024738,0.677501
0.334536,0.194805,0.393939,0.325,0.027571,0.037819,0.027392,0.475781
0.334536,0.262338,0.363636,0.45,0.037175,0.037819,0.036998,0.475781
0.307558,0.194805,0.272727,0.35,0.028701,0.035604,0.028629,0.460893
0.352513,0.270779,0.424242,0.35,0.059548,0.064872,0.059332,0.326064
0.40647,0.364286,0.515152,0.6,0.071525,0.0687,0.07122,0.354791
0.397481,0.347403,0.545455,0.475,0.044746,0.041921,0.044461,0.516041
0.378238,0.347403,0.363636,0.475,0.040226,0.034749,0.039913,0.563221
0.251804,0.20974,0.454545,0.45,0.023051,0.019206,0.023087,0.565737
0.30576,0.133766,0.454545,0.375,0.028701,0.049918,0.028638,0.356049
0.28058,0.152597,0.515152,0.425,0.021469,0.030162,0.021388,0.475781
0.282377,0.112338,0.515152,0.425,0.008701,0.018378,0.008615,0.636611
0.334536,0.211688,0.515152,0.475,0.017627,0.021513,0.017453,0.677501
0.332738,0.186364,0.484848,0.425,0.015028,0.021329,0.01485,0.677501
0.352513,0.101299,0.515152,0.425,0.036045,0.08631,0.035797,0.251206
0.316546,0.10974,0.484848,0.4,0.015593,0.035266,0.015385,0.475781
0.316546,0.092857,0.515152,0.475,0.011186,0.031256,0.011011,0.516041
0.291366,0.10974,0.484848,0.4,0.013107,0.027543,0.013016,0.520654
0.298557,0.10974,0.484848,0.375,0.018305,0.037739,0.0182,0.430908
0.332738,0.092857,0.424242,0.375,0.009831,0.030455,0.009624,0.548333
0.334536,0.101299,0.424242,0.4,0.012316,0.033626,0.012125,0.516041
0.298557,0.101299,0.515152,0.425,0.010734,0.026015,0.010582,0.55064
0.26259,0.067532,0.515152,0.425,0.006441,0.021548,0.006379,0.55064
0.298557,0.092857,0.454545,0.375,0.01096,0.028483,0.010804,0.520654
0.289568,0.118182,0.484848,0.4,0.012768,0.024898,0.012683,0.55064
0.338131,0.094805,0.515152,0.475,0.008249,0.027227,0.008,0.596771
0.316546,0.084416,0.515152,0.45,0.007006,0.024739,0.006829,0.596771
0.316546,0.118182,0.424242,0.35,0.016723,0.035266,0.016585,0.475781
0.316546,0.135714,0.515152,0.425,0.011638,0.022789,0.011515,0.625498
0.316546,0.118182,0.484848,0.4,0.012881,0.028248,0.012683,0.55064
0.298557,0.118182,0.515152,0.425,0.016723,0.032714,0.016585,0.475781
0.32194,0.084416,0.515152,0.45,0.004633,0.020222,0.004446,0.677501
0.316546,0.092857,0.515152,0.475,0.005537,0.01967,0.00531,0.677501
0.298557,0.092857,0.515152,0.425,0.015706,0.037739,0.015574,0.430908
0.28058,0.067532,0.363636,0.3,0.006441,0.023781,0.006379,0.55064
0.334536,0.088961,0.545455,0.475,0.007571,0.026812,0.007319,0.596771
0.325535,0.092857,0.545455,0.475,0.008023,0.025775,0.007805,0.596771
0.253601,0.033766,0.454545,0.35,0.002147,0.020432,0.002176,0.55064
0.244601,0.075974,0.484848,0.4,0.007458,0.019315,0.00743,0.55064
0.334536,0.085065,0.515152,0.475,0.007119,0.026812,0.006928,0.596771
0.334536,0.101299,0.545455,0.5,0.00904,0.026812,0.00878,0.596771
0.325535,0.097403,0.515152,0.475,0.008475,0.025775,0.008294,0.596771
0.298557,0.092857,0.545455,0.45,0.009605,0.026015,0.009531,0.55064
0.28058,0.050649,0.545455,0.45,0.004407,0.023781,0.004278,0.55064
0.294962,0.067532,0.515152,0.475,0.007571,0.028013,0.007484,0.520654
0.325535,0.088961,0.545455,0.475,0.007458,0.025775,0.007319,0.596771
0.325535,0.092857,0.515152,0.475,0.005537,0.020591,0.00531,0.677501
0.334536,0.09026,0.515152,0.475,0.005311,0.021513,0.005052,0.677501
0.285973,0.067532,0.545455,0.45,0.009492,0.030928,0.009381,0.475781
0.28058,0.028571,0.545455,0.45,0.001582,0.023781,0.001546,0.55064
0.28058,0.067532,0.515152,0.475,0.007571,0.026132,0.007484,0.520654
0.325535,0.09026,0.545455,0.475,0.007684,0.025775,0.007514,0.596771
0.343525,0.101299,0.545455,0.475,0.00904,0.027849,0.00878,0.596771
0.32194,0.101299,0.515152,0.45,0.008927,0.025361,0.00878,0.596771
0.298557,0.144156,0.484848,0.475,0.012542,0.020804,0.012449,0.625498
0.285973,0.10974,0.515152,0.525,0.008814,0.019415,0.008714,0.625498
0.311153,0.101299,0.484848,0.45,0.010734,0.027578,0.010582,0.55064
0.329131,0.101299,0.515152,0.475,0.00904,0.02619,0.00878,0.596771
0.325535,0.101299,0.515152,0.475,0.008927,0.025775,0.00878,0.596771
0.334536,0.118182,0.515152,0.475,0.01096,0.026812,0.010732,0.596771
0.338131,0.122727,0.454545,0.45,0.011412,0.027227,0.011221,0.596771
0.307558,0.118182,0.393939,0.425,0.009831,0.021796,0.009648,0.625498
0.28058,0.067532,0.393939,0.425,0.004181,0.018819,0.004044,0.625498
0.26259,0.067532,0.393939,0.4,0.004068,0.016834,0.004044,0.625498
0.28058,0.067532,0.393939,0.4,0.004181,0.018819,0.004044,0.625498
0.316546,0.105844,0.393939,0.45,0.009492,0.024739,0.00927,0.596771
0.325535,0.097403,0.393939,0.425,0.008475,0.025775,0.008294,0.596771
0.32194,0.101299,0.393939,0.475,0.008927,0.025361,0.00878,0.596771
0.329131,0.169481,0.363636,0.475,0.016723,0.02619,0.016585,0.596771
0.28058,0.101299,0.333333,0.425,0.007345,0.017956,0.007292,0.640596
0.311153,0.135714,0.30303,0.425,0.014915,0.027578,0.014784,0.55064
0.316546,0.118182,0.393939,0.475,0.014237,0.030834,0.014121,0.520654
0.361514,0.177922,0.393939,0.425,0.017853,0.029923,0.017561,0.596771
0.37644,0.194805,0.515152,0.55,0.027006,0.042786,0.026756,0.483749
0.352513,0.237013,0.515152,0.575,0.029831,0.035535,0.029605,0.520654
0.361514,0.194805,0.484848,0.55,0.019774,0.029923,0.019512,0.596771
0.343525,0.152597,0.515152,0.5,0.021582,0.039095,0.021388,0.475781
0.388492,0.194805,0.515152,0.475,0.027119,0.04447,0.026756,0.483749
0.433448,0.194805,0.515152,0.5,0.061695,0.11045,0.061247,0.241979
0.41547,0.169481,0.484848,0.475,0.027345,0.055153,0.026993,0.435521
0.424459,0.186364,0.515152,0.625,0.03887,0.072018,0.038439,0.354791
0.460426,0.237013,0.515152,0.575,0.053107,0.08631,0.052608,0.326064
0.478415,0.338961,0.484848,0.55,0.102938,0.127465,0.102439,0.231076
0.496404,0.398052,0.515152,0.5,0.101017,0.111833,0.100488,0.274062
0.478415,0.355844,0.515152,0.5,0.086215,0.101563,0.085716,0.290208
0.460426,0.372727,0.454545,0.55,0.08,0.08631,0.079505,0.326064
0.460426,0.372727,0.515152,0.575,0.08,0.08631,0.079505,0.326064
0.424459,0.372727,0.515152,0.6,0.069831,0.068445,0.069418,0.370937
0.487404,0.394156,0.484848,0.525,0.045989,0.047876,0.045442,0.564479
0.550361,0.322078,0.515152,0.6,0.126102,0.187548,0.125454,0.176138
0.586328,0.491558,0.545455,0.625,0.143616,0.156177,0.142964,0.231076
0.622306,0.652597,0.484848,0.525,0.179096,0.158836,0.17832,0.241979
0.654678,0.635714,0.484848,0.525,0.212429,0.204733,0.211707,0.193542
0.640284,0.516883,0.545455,0.575,0.190621,0.217323,0.189893,0.176138
0.640284,0.516883,0.515152,0.55,0.190621,0.217323,0.189893,0.176138
0.712229,0.567532,0.454545,0.5,0.371412,0.435325,0.370732,0.08052
0.370503,0.050649,0.515152,0.425,0.002486,0.028744,0.002176,0.625498
0.41547,0.186364,0.424242,0.475,0.06226,0.110716,0.061914,0.231076
0.532371,0.364286,0.454545,0.475,0.216949,0.28283,0.21651,0.101279
0.532371,0.338961,0.575758,0.6,0.142034,0.196055,0.141463,0.16125
0.514382,0.491558,0.484848,0.575,0.195932,0.189675,0.195497,0.16125
0.550361,0.533766,0.484848,0.5,0.181017,0.17266,0.180488,0.193542
0.514382,0.516883,0.484848,0.55,0.175706,0.161601,0.175286,0.193542
0.559349,0.448701,0.454545,0.5,0.320226,0.367417,0.319862,0.07381
0.397481,0.508442,0.454545,0.5,0.273559,0.204562,0.273546,0.108828
0.550361,0.550649,0.484848,0.55,0.186215,0.17266,0.18569,0.193542
0.478415,0.322078,0.575758,0.575,0.08339,0.107685,0.082927,0.274062
0.471224,0.322078,0.484848,0.525,0.125876,0.161345,0.125454,0.176138
0.514382,0.448701,0.515152,0.575,0.167006,0.174635,0.16655,0.177396
0.478415,0.364286,0.545455,0.55,0.216836,0.256032,0.21651,0.101279
0.496404,0.364286,0.515152,0.525,0.216836,0.264965,0.21651,0.101279
0.514382,0.364286,0.545455,0.5,0.105198,0.131187,0.104606,0.241979
0.56835,0.533766,0.545455,0.55,0.181017,0.17819,0.180488,0.193542
0.559349,0.406494,0.575758,0.525,0.15322,0.189447,0.152612,0.177396
0.442448,0.237013,0.545455,0.525,0.063842,0.099391,0.063415,0.274062
0.487404,0.237013,0.515152,0.525,0.115932,0.196853,0.115446,0.145104
0.424459,0.296753,0.545455,0.525,0.051299,0.062065,0.05087,0.403229
0.514382,0.322078,0.606061,0.65,0.083503,0.11598,0.082927,0.274062
0.442448,0.448701,0.454545,0.5,0.058305,0.047845,0.05784,0.516041
0.496404,0.406494,0.484848,0.55,0.219887,0.244547,0.219512,0.112812
0.622306,0.745455,0.545455,0.6,0.246215,0.194779,0.245529,0.193542
0.56835,0.661039,0.575758,0.575,0.336949,0.277726,0.336585,0.112812
0.478415,0.618831,0.515152,0.475,0.262034,0.193397,0.261788,0.145104
0.496404,0.618831,0.515152,0.55,0.206893,0.156071,0.206505,0.193542
0.460426,0.483117,0.545455,0.575,0.165198,0.145011,0.164878,0.193542
0.532371,0.533766,0.545455,0.55,0.229718,0.214133,0.229268,0.145104
0.460426,0.448701,0.575758,0.55,0.126667,0.117363,0.126286,0.241979
0.465831,0.567532,0.515152,0.55,0.205876,0.158638,0.205574,0.177396
0.451437,0.575974,0.545455,0.6,0.141808,0.101464,0.141463,0.274062
0.40647,0.559091,0.545455,0.55,0.13774,0.091096,0.137561,0.274062
0.496404,0.457792,0.545455,0.55,0.200339,0.200309,0.2,0.145104
0.460426,0.406494,0.575758,0.575,0.141808,0.145011,0.141463,0.193542
0.40647,0.491558,0.575758,0.525,0.137401,0.103538,0.137129,0.241979
0.460426,0.491558,0.575758,0.575,0.21322,0.186485,0.213007,0.145104
0.397481,0.474675,0.636364,0.6,0.101017,0.074687,0.100743,0.322499
0.451437,0.322078,0.575758,0.525,0.050847,0.060682,0.050408,0.435521
0.433448,0.533766,0.636364,0.575,0.131977,0.097317,0.131707,0.274062
0.388492,0.483117,0.636364,0.6,0.081808,0.05614,0.081534,0.403229
0.424459,0.448701,0.545455,0.55,0.112542,0.095243,0.112195,0.274062
0.397481,0.398052,0.606061,0.575,0.07096,0.060529,0.07064,0.387083
0.40647,0.398052,0.575758,0.55,0.139096,0.128422,0.138861,0.193542
0.433448,0.322078,0.545455,0.525,0.115819,0.136717,0.115446,0.193542
0.429852,0.364286,0.515152,0.475,0.253785,0.272542,0.253659,0.08052
0.514382,0.406494,0.515152,0.55,0.179774,0.205872,0.179332,0.146362
0.559349,0.398052,0.515152,0.525,0.273559,0.347194,0.273171,0.08052
0.505393,0.398052,0.515152,0.5,0.113785,0.128883,0.113279,0.241979
0.532371,0.533766,0.545455,0.5,0.229718,0.214133,0.229268,0.145104
0.460426,0.5,0.515152,0.475,0.148701,0.125494,0.14835,0.225834
0.451437,0.372727,0.545455,0.475,0.095028,0.101464,0.094634,0.274062
0.451437,0.483117,0.515152,0.525,0.102825,0.085506,0.102439,0.322499
0.40647,0.491558,0.515152,0.525,0.094915,0.0687,0.094634,0.354791
0.496404,0.575974,0.575758,0.575,0.193898,0.156071,0.193495,0.193542
0.442448,0.644156,0.575758,0.525,0.200226,0.129459,0.2,0.209688
0.460426,0.652597,0.606061,0.525,0.217175,0.145011,0.21691,0.193542
0.532371,0.508442,0.606061,0.6,0.22,0.214133,0.219512,0.145104
0.552513,0.618831,0.606061,0.575,0.26226,0.221875,0.261788,0.145104
0.370503,0.194805,0.515152,0.475,0.07661,0.117363,0.076422,0.193542
0.478415,0.406494,0.515152,0.575,0.219774,0.236253,0.219512,0.112812
0.460426,0.533766,0.424242,0.475,0.312994,0.25754,0.312844,0.095827
0.478415,0.533766,0.484848,0.5,0.248249,0.20988,0.24803,0.131264
0.56835,0.533766,0.484848,0.55,0.615706,0.622274,0.61576,0.026421
0.496404,0.525325,0.484848,0.525,0.29661,0.264965,0.29636,0.101279
0.478415,0.644156,0.393939,0.45,0.381695,0.275812,0.381614,0.091424
0.487404,0.533766,0.484848,0.575,0.467797,0.409803,0.467809,0.049486
0.505393,0.575974,0.424242,0.425,0.405763,0.34201,0.405629,0.071294
0.550361,0.38961,0.363636,0.5,0.312203,0.397839,0.31182,0.063326
0.172667,0.042208,0.515152,0.025,0.158418,0.28283,0.158874,0.01321
0.154678,0.10974,0.484848,0.075,0.135028,0.145011,0.13546,0.056406
0.172667,0.118182,0.0,0.025,0.150847,0.168938,0.15122,0.050325
0.226623,0.194805,0.272727,0.25,0.142712,0.141821,0.142964,0.091424
0.226623,0.144156,0.333333,0.325,0.108475,0.132782,0.108692,0.099602
0.226623,0.169481,0.151515,0.3,0.15322,0.168938,0.153471,0.071294
0.26259,0.305195,0.333333,0.375,0.388249,0.318561,0.388818,0.026421
0.154678,0.194805,0.030303,0.15,0.168701,0.124275,0.169231,0.071294
0.136688,0.135714,0.121212,0.325,0.131977,0.113109,0.132458,0.071294
0.352513,0.322078,0.363636,0.45,0.405311,0.407888,0.405629,0.026421
0.370503,0.279221,0.424242,0.35,0.300452,0.351314,0.300563,0.041518
0.298557,0.169481,0.272727,0.3,0.273333,0.38109,0.273546,0.021388
0.370503,0.279221,0.272727,0.325,0.238644,0.278204,0.238649,0.063326
0.424459,0.491558,0.363636,0.425,0.352994,0.291763,0.353096,0.071294
0.226623,0.22013,0.181818,0.35,0.229379,0.211551,0.229806,0.049486
0.334536,0.279221,0.333333,0.375,0.363277,0.390023,0.363602,0.026421
0.145689,0.135714,0.0,0.0,0.163503,0.1486,0.163977,0.050325
0.1277,0.10974,0.0,0.05,0.112429,0.103857,0.112946,0.074858
0.241005,0.211688,0.151515,0.325,0.194802,0.193645,0.195164,0.062487
0.244601,0.491558,0.0,0.075,0.404972,0.208816,0.405629,0.056406
0.334536,0.406494,0.363636,0.425,0.367797,0.290965,0.368105,0.050325
0.334536,0.423377,0.090909,0.2,0.410395,0.31455,0.410774,0.043405
0.154678,0.092857,0.0,0.075,0.131638,0.15538,0.132083,0.050325
0.154678,0.092857,0.0,0.1,0.180452,0.214133,0.180989,0.025582
0.154678,0.067532,0.060606,0.075,0.105085,0.145011,0.105441,0.056406
0.154678,0.10974,0.0,0.1,0.144407,0.15538,0.144841,0.050325
0.154678,0.237013,0.0,0.0,0.12904,0.078654,0.129456,0.126232
0.154678,0.152597,0.0,0.075,0.137966,0.120127,0.138462,0.074858
0.154678,0.177922,0.0,0.075,0.14339,0.111833,0.143865,0.082617
0.154678,0.152597,0.0,0.1,0.137966,0.120127,0.138462,0.074858
0.154678,0.237013,0.0,0.075,0.130734,0.079839,0.13117,0.124345
0.163666,0.118182,0.0,0.1,0.150734,0.162159,0.15122,0.050325
0.133093,0.144156,0.0,0.1,0.132881,0.107111,0.133358,0.074858
0.158273,0.092857,0.0,0.1,0.102373,0.122297,0.102739,0.074858
0.151082,0.144156,0.0,0.1,0.127345,0.112761,0.12782,0.079681
0.154678,0.237013,0.0,0.1,0.12904,0.078654,0.129456,0.126232
0.118699,0.126623,0.0,0.1,0.099661,0.078547,0.100188,0.099602
0.165464,0.186364,0.0,0.1,0.118418,0.092593,0.118835,0.111973
0.163666,0.194805,0.0,0.1,0.163503,0.125551,0.163977,0.074858
0.149284,0.135714,0.0,0.1,0.111073,0.100667,0.111445,0.091424
0.172667,0.135714,0.0,0.1,0.174011,0.180104,0.174484,0.044663
0.190645,0.144156,0.0,0.075,0.180791,0.19446,0.181238,0.044663
0.190645,0.126623,0.0,0.1,0.147119,0.170533,0.147467,0.056406
0.172667,0.152597,0.0,0.075,0.147006,0.139907,0.147467,0.068148
0.172667,0.10974,0.0,0.075,0.120113,0.139907,0.12045,0.068148
0.172667,0.152597,0.0,0.075,0.102825,0.09593,0.103132,0.111973
0.163666,0.169481,0.0,0.1,0.157853,0.134164,0.158274,0.068148
0.10971,0.152597,0.0,0.1,0.146893,0.09971,0.147467,0.068148
0.1277,0.10974,0.0,0.125,0.12,0.111194,0.12045,0.068148
0.120509,0.075974,0.212121,0.075,0.074237,0.079451,0.074672,0.099602
0.118699,0.152597,0.0,0.075,0.119887,0.084396,0.12045,0.091424
0.17806,0.177922,0.212121,0.075,0.103955,0.088607,0.10424,0.126232
0.172667,0.135714,0.0,0.075,0.136271,0.139907,0.13666,0.068148
0.145689,0.203896,0.181818,0.075,0.107797,0.069509,0.108182,0.136507
0.154678,0.152597,0.0,0.075,0.147006,0.128422,0.147467,0.068148
0.1277,0.144156,0.0,0.075,0.089379,0.067169,0.089831,0.126232
0.118699,0.153896,0.212121,0.075,0.093672,0.063341,0.094154,0.126232
0.118699,0.194805,0.0,0.075,0.11096,0.063341,0.111445,0.126232
0.118699,0.153247,0.212121,0.125,0.094576,0.064343,0.095084,0.124345
0.136688,0.152597,0.0,0.075,0.12,0.093967,0.12045,0.091424
0.134891,0.150649,0.212121,0.075,0.108814,0.084249,0.109229,0.102957
0.163666,0.169481,0.0,0.075,0.157853,0.134164,0.158274,0.068148
0.194784,0.094156,0.212121,0.075,0.163277,0.228997,0.163677,0.033131
0.170857,0.122078,0.0,0.075,0.088701,0.095096,0.089,0.111973
0.17806,0.169481,0.212121,0.075,0.201017,0.184411,0.201501,0.044663
0.208634,0.152597,0.0,0.075,0.19887,0.221577,0.19925,0.039841
0.136688,0.194805,0.0,0.075,0.173898,0.116937,0.174484,0.068148
0.190645,0.194805,0.0,0.075,0.174124,0.151392,0.174484,0.068148
0.134891,0.220779,0.0,0.075,0.131864,0.07674,0.132416,0.114699
0.118699,0.118182,0.030303,0.1,0.078531,0.063341,0.079024,0.126232
0.082732,0.152597,0.0,0.075,0.092881,0.048027,0.093433,0.126232
0.154678,0.161039,0.0,0.075,0.113785,0.093967,0.114215,0.102957
0.154678,0.152597,0.0,0.075,0.147006,0.128422,0.147467,0.068148
0.136688,0.092857,0.0,0.15,0.080565,0.085133,0.080964,0.102957
0.118699,0.135714,0.0,0.1,0.085763,0.063341,0.086229,0.126232
0.154678,0.084416,0.0,0.075,0.084068,0.103538,0.084428,0.091424
0.172667,0.135714,0.0,0.075,0.136271,0.139907,0.13666,0.068148
0.208634,0.092857,0.0,0.075,0.109379,0.162877,0.109644,0.068148
0.190645,0.144156,0.0,0.075,0.141695,0.151392,0.142064,0.068148
0.181656,0.092857,0.0,0.075,0.109266,0.145649,0.109644,0.068148
0.181656,0.152597,0.0,0.075,0.120113,0.117894,0.12045,0.091424
0.298557,0.092857,0.151515,0.25,0.109605,0.220301,0.109644,0.068148
0.316546,0.253896,0.030303,0.175,0.174463,0.189675,0.174484,0.091424
0.388492,0.092857,0.454545,0.475,0.109831,0.277726,0.109644,0.068148
0.478415,0.169481,0.393939,0.525,0.201808,0.424159,0.201501,0.044663
0.298557,0.152597,0.151515,0.225,0.187797,0.280597,0.187992,0.044663
0.478415,0.377273,0.515152,0.525,0.181356,0.207344,0.181064,0.133361
0.478415,0.559091,0.545455,0.55,0.336723,0.275812,0.336585,0.091424
0.478415,0.431818,0.545455,0.525,0.206328,0.20988,0.206004,0.131264
0.478415,0.448701,0.545455,0.55,0.278305,0.275812,0.278049,0.091424
0.460426,0.38961,0.545455,0.575,0.148249,0.157772,0.147866,0.176138
0.496404,0.448701,0.545455,0.55,0.25887,0.264965,0.258537,0.101279
0.496404,0.491558,0.454545,0.525,0.279774,0.264965,0.27955,0.101279
0.496404,0.474675,0.575758,0.6,0.342712,0.336427,0.342589,0.071294
0.478415,0.525325,0.484848,0.5,0.296497,0.256032,0.29636,0.101279
0.487404,0.448701,0.484848,0.5,0.195819,0.195565,0.195497,0.146362
0.496404,0.618831,0.454545,0.55,0.699435,0.550812,0.699812,0.026421
0.496404,0.533766,0.454545,0.525,0.379435,0.336427,0.379362,0.071294
0.485074,0.601299,0.363636,0.425,0.560113,0.441018,0.560339,0.042357
0.410077,0.279221,0.424242,0.45,0.129718,0.164238,0.129456,0.148249
0.514382,0.364286,0.515152,0.575,0.315819,0.400232,0.315572,0.056406
0.514382,0.559091,0.242424,0.35,0.687458,0.610789,0.687805,0.021388
0.604317,0.661039,0.484848,0.575,0.238079,0.205414,0.237523,0.176138
0.550361,0.661039,0.545455,0.6,0.525763,0.425754,0.525704,0.056406
0.514382,0.618831,0.545455,0.575,0.260452,0.205872,0.260152,0.146362
0.505393,0.572078,0.515152,0.575,0.343503,0.290168,0.34334,0.091424
0.56835,0.661039,0.606061,0.625,0.363955,0.300696,0.363602,0.101279
0.586328,0.575974,0.606061,0.625,0.500113,0.485001,0.499974,0.049486
0.532371,0.237013,0.545455,0.45,0.058079,0.10928,0.057411,0.301111
0.514382,0.448701,0.666667,0.55,0.069605,0.069357,0.068989,0.440763
0.532371,0.491558,0.545455,0.525,0.143503,0.141821,0.142964,0.231076
0.820142,1.0,0.666667,0.75,1.0,0.808585,1.0,0.032292
0.748196,0.983117,0.606061,0.675,0.485537,0.360673,0.484878,0.112812
0.766186,1.0,0.636364,0.625,0.717401,0.541401,0.717073,0.063326
0.730219,0.872727,0.69697,0.7,0.469266,0.38109,0.468668,0.101279
0.676263,0.533766,0.666667,0.7,0.143842,0.166705,0.142964,0.251206
0.703241,0.491558,0.727273,0.8,0.133446,0.173404,0.132458,0.251206
0.712229,0.575974,0.727273,0.875,0.194463,0.222428,0.193495,0.193542
0.820142,0.618831,0.727273,0.825,0.224746,0.276875,0.223514,0.176138
0.820142,0.533766,0.69697,0.775,0.196723,0.276875,0.195497,0.176138
0.856109,0.661039,0.69697,0.85,0.238757,0.288785,0.237523,0.176138
0.820142,0.661039,0.69697,0.775,0.220678,0.255607,0.219512,0.193542
0.802153,0.491558,0.69697,0.85,0.182712,0.27092,0.181487,0.176138
0.883087,0.512338,0.727273,0.8,0.222486,0.348922,0.221139,0.145104
0.946044,0.377273,0.727273,0.8,0.170734,0.373115,0.169105,0.145104
0.928054,0.575974,0.69697,0.8,0.21096,0.312606,0.209507,0.176138
0.073743,0.618831,0.69697,0.775,0.205763,0.026121,0.206505,0.193542
0.073743,0.618831,0.666667,0.7,0.127571,0.009489,0.128255,0.326064
0.118699,0.830519,0.575758,0.65,0.270847,0.039945,0.271544,0.193542
0.892088,0.914935,0.666667,0.775,0.571638,0.539008,0.570732,0.08052
0.910065,1.0,0.666667,0.75,0.710847,0.630842,0.710106,0.064374
0.604317,0.322078,0.666667,0.8,0.091299,0.14884,0.090432,0.251206
0.640284,0.661039,0.454545,0.6,0.220226,0.200309,0.219512,0.193542
0.676263,0.745455,0.606061,0.7,0.336271,0.291763,0.335586,0.131264
0.730219,0.745455,0.575758,0.675,0.309492,0.288327,0.308644,0.146362
0.658273,0.661039,0.606061,0.65,0.256271,0.240719,0.255535,0.16125
0.69424,0.661039,0.606061,0.625,0.301356,0.299207,0.300563,0.131264
0.910065,0.830519,0.575758,0.65,0.371864,0.388534,0.370606,0.131264
0.910065,0.830519,0.575758,0.65,0.340452,0.355113,0.339158,0.147201
0.730219,0.830519,0.545455,0.6,0.426328,0.361949,0.425642,0.108828
0.69424,0.830519,0.606061,0.65,0.316271,0.25348,0.315572,0.16125
0.721218,1.0,0.575758,0.625,0.350282,0.244122,0.349592,0.176138
0.730219,0.914935,0.606061,0.65,0.444407,0.344547,0.443833,0.116377
0.56835,0.237013,0.757576,0.725,0.046215,0.093967,0.045403,0.370937
0.532371,0.279221,0.757576,0.675,0.067119,0.10928,0.066417,0.301111
0.460426,0.237013,0.787879,0.775,0.081921,0.13225,0.081426,0.213672
0.564743,0.381169,0.757576,0.8,0.11435,0.150435,0.113696,0.231076
0.730219,0.914935,0.727273,0.75,0.562147,0.438515,0.561726,0.082617
0.730219,0.872727,0.666667,0.75,0.538192,0.438515,0.537711,0.082617
0.766186,0.847403,0.818182,0.8,0.557514,0.488921,0.556923,0.074858
0.766186,0.914935,0.727273,0.75,0.706102,0.578886,0.705816,0.056406
0.514382,0.364286,0.69697,0.675,0.109718,0.137036,0.109193,0.231076
0.69424,0.618831,0.757576,0.775,0.368701,0.390661,0.368105,0.091424
0.730219,0.830519,0.727273,0.775,0.514237,0.438515,0.513696,0.082617
0.69424,0.788312,0.727273,0.725,0.576723,0.493547,0.57636,0.063326
0.748196,0.898052,0.727273,0.775,0.363955,0.292189,0.363203,0.148249
0.730219,0.914935,0.878788,0.95,0.66113,0.517474,0.660788,0.063326
0.532371,0.152597,0.878788,0.7,0.076045,0.196055,0.075422,0.16125
0.442448,0.22013,0.757576,0.75,0.093446,0.153873,0.0931,0.173621
0.478415,0.303247,0.727273,0.8,0.13887,0.1901,0.138423,0.148249
0.634891,0.745455,0.757576,0.8,0.386102,0.316859,0.385615,0.108828
0.712229,0.745455,0.727273,0.8,0.436271,0.400232,0.435647,0.091424
0.640284,0.745455,0.727273,0.775,0.346102,0.285382,0.345591,0.126232
0.640284,0.661039,0.757576,0.825,0.310169,0.285382,0.309568,0.126232
0.742803,0.813636,0.757576,0.775,0.331977,0.290147,0.331182,0.148249
0.676263,0.728571,0.757576,0.7,0.247684,0.217323,0.246862,0.187461
0.676263,0.661039,0.757576,0.775,0.202373,0.193503,0.201501,0.213672
0.730219,0.745455,0.787879,0.8,0.306441,0.285382,0.305567,0.148249
0.760792,0.72013,0.818182,0.8,0.344633,0.34585,0.343745,0.122038
0.748196,0.788312,0.787879,0.575,0.521808,0.478074,0.521201,0.074858
0.775174,0.914935,0.818182,0.825,0.526328,0.433729,0.525704,0.091424
0.730219,0.733117,0.757576,0.775,0.380339,0.361949,0.379611,0.108828
0.784175,0.847403,0.757576,0.775,0.370508,0.329134,0.369606,0.135039
0.694429,0.347403,0.757576,0.775,0.185198,0.32215,0.18424,0.119312
0.622306,0.237013,0.757576,0.775,0.124746,0.266241,0.123914,0.133361
0.526978,0.237013,0.606061,0.6,0.145989,0.265815,0.145465,0.108828
0.514382,0.194805,0.727273,0.7,0.123277,0.254461,0.122759,0.111973
0.478415,0.237013,0.757576,0.725,0.092542,0.154937,0.092101,0.187461
0.496404,0.322078,0.727273,0.725,0.127571,0.171951,0.12712,0.173621
0.550361,0.253896,0.727273,0.775,0.143503,0.258265,0.142964,0.119312
0.521585,0.491558,0.757576,0.775,0.21096,0.207449,0.210507,0.147201
0.595328,0.508442,0.727273,0.675,0.35322,0.385876,0.352795,0.074858
0.56835,0.516883,0.757576,0.775,0.234237,0.239443,0.23372,0.136507
0.478415,0.398052,0.666667,0.65,0.221808,0.242846,0.221514,0.108828
0.550361,0.448701,0.727273,0.725,0.375819,0.425754,0.37561,0.056406
0.730219,0.559091,0.69697,0.7,0.236045,0.285382,0.235122,0.148249
0.658273,0.661039,0.69697,0.725,0.318531,0.301088,0.317881,0.122038
0.496404,0.203247,0.636364,0.625,0.120904,0.234338,0.12045,0.119312
0.514382,0.194805,0.818182,0.75,0.09096,0.189675,0.090432,0.16125
0.514382,0.237013,0.606061,0.625,0.105989,0.189675,0.105441,0.16125
0.69424,0.830519,0.757576,0.825,0.514124,0.418097,0.513696,0.082617
0.730219,0.914935,0.727273,0.775,0.562147,0.438515,0.561726,0.082617
0.478415,0.135714,0.757576,0.775,0.111864,0.275812,0.111445,0.091424
0.442448,0.194805,0.727273,0.725,0.128927,0.231438,0.128636,0.105263
0.69424,0.745455,0.727273,0.8,0.511073,0.459251,0.510694,0.071294
0.640284,0.914935,0.757576,0.775,0.490056,0.336427,0.489681,0.101279
0.622306,0.813636,0.69697,0.75,0.471977,0.352378,0.47167,0.091424
0.532371,0.372727,0.69697,0.75,0.181921,0.232212,0.181487,0.131264
0.676263,0.635714,0.787879,0.8,0.312542,0.314095,0.31182,0.119312
0.561147,0.516883,0.69697,0.725,0.259774,0.263051,0.259287,0.119312
0.586328,0.653896,0.727273,0.75,0.294802,0.251517,0.294328,0.133361
0.586328,0.914935,0.727273,0.775,0.345989,0.215197,0.345591,0.16125
0.640284,0.745455,0.69697,0.7,0.219548,0.177623,0.218846,0.22122
0.730219,0.745455,0.727273,0.775,0.196497,0.180104,0.195497,0.251206
0.730219,0.745455,0.666667,0.75,0.361356,0.338022,0.3606,0.119312
0.424459,0.144156,0.787879,0.725,0.067006,0.145862,0.066618,0.176138
0.428054,0.152597,0.727273,0.775,0.075819,0.159048,0.075422,0.16125
0.487404,0.305195,0.727273,0.775,0.120339,0.166705,0.11985,0.176138
0.532371,0.322078,0.787879,0.775,0.111073,0.159899,0.110445,0.203187
0.550361,0.305195,0.666667,0.7,0.094124,0.146606,0.093433,0.231076
0.550361,0.364286,0.69697,0.725,0.114463,0.152809,0.11378,0.22122
0.58453,0.448701,0.727273,0.75,0.156723,0.185129,0.156098,0.191235
0.56835,0.448701,0.69697,0.725,0.158192,0.181793,0.157532,0.189138
0.550361,0.406494,0.757576,0.775,0.144859,0.176163,0.144288,0.189138
0.577339,0.448701,0.787879,0.8,0.132429,0.153784,0.131707,0.231076
0.589923,0.474675,0.727273,0.75,0.149379,0.169002,0.148668,0.213672
0.505393,0.448701,0.69697,0.75,0.141921,0.145011,0.141463,0.213672
0.586328,0.448701,0.787879,0.85,0.132429,0.156177,0.131707,0.231076
0.56835,0.364286,0.666667,0.725,0.118079,0.162877,0.117448,0.213672
0.577339,0.364286,0.666667,0.725,0.109944,0.153784,0.109193,0.231076
0.636688,0.414935,0.757576,0.85,0.159096,0.218954,0.158307,0.173621
0.640284,0.448701,0.787879,0.875,0.15209,0.196055,0.15122,0.198155
0.550361,0.491558,0.636364,0.675,0.11209,0.113109,0.111445,0.301111
0.541372,0.322078,0.606061,0.7,0.088136,0.128805,0.08743,0.260013
0.550361,0.406494,0.606061,0.675,0.082147,0.098221,0.081426,0.344726
0.622306,0.474675,0.69697,0.75,0.095141,0.111833,0.094235,0.344726
0.622306,0.406494,0.636364,0.725,0.08226,0.111833,0.081426,0.344726
0.604317,0.448701,0.606061,0.675,0.083729,0.100348,0.082927,0.370937
0.604317,0.448701,0.787879,0.775,0.083729,0.100348,0.082927,0.370937
0.640284,0.448701,0.636364,0.7,0.083842,0.106728,0.082927,0.370937
0.658273,0.364286,0.69697,0.75,0.091977,0.146543,0.091032,0.279304
0.658273,0.364286,0.727273,0.8,0.091977,0.146543,0.091032,0.279304
0.69424,0.406494,0.606061,0.65,0.109153,0.166183,0.10817,0.259174
0.69424,0.474675,0.606061,0.6,0.139435,0.184889,0.138462,0.231076
0.721218,0.322078,0.606061,0.625,0.186441,0.357695,0.185492,0.108828
0.712229,0.322078,0.606061,0.65,0.146441,0.278576,0.145465,0.148249
0.676263,0.322078,0.606061,0.65,0.106441,0.193503,0.105441,0.213672
0.76259,0.305195,0.606061,0.7,0.174915,0.369605,0.173791,0.111973
0.766186,0.338961,0.666667,0.7,0.251751,0.488921,0.250732,0.074858
0.793164,0.364286,0.69697,0.775,0.133333,0.254189,0.132125,0.187461
0.784175,0.381169,0.666667,0.725,0.210282,0.379618,0.20912,0.111973
0.640284,0.305195,0.69697,0.75,0.139887,0.251353,0.139062,0.148249
0.640284,0.322078,0.727273,0.75,0.076384,0.13225,0.075422,0.301111
0.56835,0.279221,0.606061,0.65,0.058192,0.101624,0.057411,0.344726
0.550361,0.322078,0.636364,0.675,0.06113,0.090777,0.060413,0.370937
0.56835,0.364286,0.666667,0.7,0.074124,0.101624,0.07342,0.344726
0.56835,0.406494,0.666667,0.7,0.082147,0.101624,0.081426,0.344726
0.640284,0.313636,0.666667,0.725,0.124633,0.219326,0.123806,0.17446
0.658273,0.322078,0.636364,0.725,0.09887,0.175319,0.097936,0.231076
0.676263,0.406494,0.666667,0.7,0.130395,0.193503,0.129456,0.213672
0.658273,0.406494,0.666667,0.725,0.101582,0.146543,0.100638,0.279304
0.658273,0.406494,0.757576,0.775,0.09435,0.136078,0.093433,0.301111
0.667262,0.491558,0.727273,0.775,0.129153,0.159176,0.128255,0.260013
0.658273,0.448701,0.69697,0.775,0.118983,0.157007,0.118049,0.260013
0.577339,0.406494,0.69697,0.75,0.094124,0.118851,0.093433,0.301111
0.586328,0.406494,0.727273,0.825,0.08226,0.105026,0.081426,0.344726
0.586328,0.414935,0.606061,0.675,0.127571,0.161542,0.126862,0.222898
0.622306,0.406494,0.666667,0.75,0.119322,0.163043,0.118493,0.235269
0.622306,0.364286,0.636364,0.7,0.07435,0.111833,0.07342,0.344726
0.730219,0.491558,0.666667,0.7,0.17322,0.234338,0.172149,0.187461
