Raw data,,,,,,,,,
"CRS
(RPM)","AR
(mm/min)",F/A(MF),T/D3(MT),"UEP
(MPa)","LEP
(MPa)",SE(kWĘ h/m3),FPI,TPI,PR(mm/r)
,,,,,,,,,
"1,3",22,"199,21 ","3,49 ","0,03","0,04","4,24 ","774,09 ","157,77 ","16,92 "
"1,4",39,"196,17 ","2,86 ","0,05","0,13","2,14 ","463,08 ","78,62 ","27,86 "
"1,1",31,"229,62 ","4,28 ","0,06","0,1","3,15 ","535,81 ","116,39 ","28,18 "
"1,2",20,"304,14 ","2,58 ","0,1","0,14","3,24 ","1200,00 ","118,80 ","16,67 "
"1,2",30,"258,52 ","3,30 ","0,17","0,15","2,76 ","680,00 ","101,20 ","25,00 "
"1,1",38,"290,45 ","3,17 ","0,12","0,15","1,95 ","552,89 ","70,34 ","34,55 "
"1,2",30,"278,28 ","2,88 ","0,13","0,15","2,42 ","732,00 ","88,40 ","25,00 "
"1,1",35,"313,26 ","2,57 ","0,11","0,15","1,73 ","647,43 ","61,91 ","31,82 "
"1,3",36,"311,74 ","2,30 ","0,09","0,12","1,77 ","740,28 ","63,56 ","27,69 "
"1,2",46,"288,93 ","3,52 ","0,12","0,15","1,95 ","495,65 ","70,43 ","38,33 "
"1,2",41,"293,49 ","2,96 ","0,12","0,1","1,84 ","564,88 ","66,44 ","34,17 "
"1,3",45,"298,05 ","2,87 ","0,12","0,14","1,77 ","566,22 ","63,56 ","34,62 "
"1,3",47,"285,89 ","2,87 ","0,12","0,12","1,69 ","520,00 ","60,85 ","36,15 "
"1,2",35,"270,68 ","2,87 ","0,15","0,18","2,08 ","610,29 ","75,43 ","29,17 "
"1,3",34,"273,72 ","1,96 ","0,14","0,13","1,60 ","688,24 ","57,35 ","26,15 "
"1,2",45,"278,28 ","2,78 ","0,13","0,14","1,58 ","488,00 ","56,80 ","37,50 "
"1,2",42,"287,65 ","2,76 ","0,12","0,12","1,68 ","540,46 ","60,34 ","35,00 "
"1,3",37,"288,93 ","2,48 ","0,12","0,1","1,85 ","667,57 ","66,76 ","28,46 "
"1,4",35,"288,93 ","1,92 ","0,14","0,16","1,64 ","760,00 ","58,80 ","25,00 "
"1,2",45,"266,55 ","3,33 ","0,11","0,12","1,88 ","467,41 ","68,00 ","37,50 "
"1,2",43,"269,25 ","3,74 ","0,11","0,13","2,19 ","494,12 ","79,90 ","35,83 "
"1,3",38,"281,33 ","2,78 ","0,11","0,1","2,01 ","632,89 ","72,87 ","29,23 "
"1,3",41,"290,30 ","2,92 ","0,1","0,12","1,96 ","605,29 ","70,96 ","31,54 "
"1,3",44,"296,41 ","3,05 ","0,12","0,14","1,91 ","575,90 ","69,02 ","33,85 "
"1,2",42,"278,80 ","3,04 ","0,1","0,12","1,84 ","523,83 ","66,57 ","35,00 "
"1,3",35,"284,37 ","3,00 ","0,12","0,14","2,35 ","694,57 ","85,43 ","26,92 "
"1,4",41,"290,45 ","2,48 ","0,12","0,14","1,80 ","652,20 ","64,88 ","29,29 "
"1,3",43,"288,93 ","3,30 ","0,11","0,13","2,11 ","574,42 ","76,49 ","33,08 "
"1,3",34,"331,96 ","3,43 ","0,12","0,12","2,76 ","834,68 ","100,44 ","26,15 "
"1,4",35,"349,76 ","3,00 ","0,16","0,12","2,54 ","920,00 ","92,00 ","25,00 "
"1,3",39,"385,49 ","4,38 ","0,14","0,17","3,07 ","845,00 ","111,80 ","30,00 "
"1,3",35,"329,99 ","3,26 ","0,12","0,15","2,55 ","806,00 ","92,86 ","26,92 "
"1,3",35,"395,38 ","4,57 ","0,16","0,14","3,56 ","965,71 ","130,00 ","26,92 "
"1,2",40,"380,17 ","4,18 ","0,14","0,18","2,65 ","750,00 ","96,00 ","33,33 "
"1,4",34,"377,13 ","3,21 ","0,17","0,18","2,79 ","1021,18 ","101,29 ","24,29 "
"1,2",40,"358,80 ","4,10 ","0,14","0,19","2,60 ","707,85 ","94,32 ","33,33 "
"1,3",35,"369,57 ","3,69 ","0,14","0,16","2,89 ","902,68 ","104,89 ","26,92 "
"1,4",37,"380,17 ","3,13 ","0,15","0,15","2,51 ","945,95 ","90,81 ","26,43 "
"1,2",38,"410,58 ","5,22 ","0,16","0,19","3,46 ","852,63 ","126,32 ","31,67 "
"1,3",42,"342,15 ","4,31 ","0,16","0,19","2,80 ","696,43 ","102,14 ","32,31 "
"1,4",50,"352,80 ","3,04 ","0,17","0,16","1,83 ","649,60 ","65,24 ","35,71 "
"1,5",51,"361,92 ","2,91 ","0,15","0,15","1,84 ","700,00 ","65,59 ","34,00 "
"1,4",45,"352,80 ","2,87 ","0,15","0,16","1,91 ","721,78 ","68,44 ","32,14 "
"1,4",42,"357,36 ","5,50 ","0,14","0,15","3,82 ","783,33 ","140,33 ","30,00 "
"1,3",40,"372,72 ","4,91 ","0,16","0,19","3,35 ","796,58 ","122,20 ","30,77 "
"1,3",40,"380,17 ","4,31 ","0,17","0,18","2,95 ","812,50 ","107,25 ","30,77 "
"1,2",31,"380,17 ","2,61 ","0,17","0,2","2,16 ","967,74 ","77,42 ","25,83 "
"1,3",25,"364,96 ","4,96 ","0,15","0,15","5,34 ","1248,00 ","197,60 ","19,23 "
"1,2",12,"374,09 ","3,05 ","0,18","0,17","6,31 ","2460,00 ","234,00 ","10,00 "
"1,3",20,"377,13 ","3,07 ","0,16","0,16","4,16 ","1612,00 ","152,75 ","15,38 "
"1,2",31,"334,55 ","3,00 ","0,17","0,15","2,45 ","851,61 ","89,03 ","25,83 "
"1,3",15,"310,22 ","4,57 ","0,16","0,16","8,13 ","1768,00 ","303,33 ","11,54 "
"1,3",20,"345,19 ","6,14 ","0,11","0,15","8,20 ","1475,50 ","305,50 ","15,38 "
"1,2",17,"395,38 ","9,14 ","0,08","0,12","13,22 ","1835,29 ","494,12 ","14,17 "
"1,3",10,"396,90 ","6,92 ","0,08","0,16","18,39 ","3393,00 ","689,00 ","7,69 "
"1,2",12,"424,27 ","8,20 ","0,1","0,11","16,78 ","2790,00 ","628,00 ","10,00 "
1,20,"456,20 ","9,27 ","0,03","0,11","9,54 ","1500,00 ","355,00 ","20,00 "
"1,2",12,"436,44 ","6,10 ","0,08","0,11","12,51 ","2870,00 ","467,00 ","10,00 "
"1,2",7,"456,20 ","9,14 ","0,08","0,11","31,96 ","5142,86 ","1200,00 ","5,83 "
"1,3",15,"349,76 ","7,18 ","0,12","0,18","12,74 ","1993,33 ","476,67 ","11,54 "
"1,2",12,"387,77 ","7,18 ","0,09","0,16","14,70 ","2550,00 ","550,00 ","10,00 "
"1,2",25,"329,99 ","5,87 ","0,14","0,14","5,82 ","1041,60 ","216,00 ","20,83 "
"1,3",18,"339,11 ","5,35 ","0,18","0,18","7,95 ","1610,56 ","296,11 ","13,85 "
"1,2",25,"314,78 ","4,83 ","0,18","0,15","4,80 ","993,60 ","177,60 ","20,83 "
"1,2",20,"311,74 ","4,70 ","0,19","0,17","5,82 ","1230,00 ","216,00 ","16,67 "
"1,3",20,"334,55 ","3,92 ","0,16","0,17","5,27 ","1430,00 ","195,00 ","15,38 "
"1,2",18,"364,96 ","6,27 ","0,12","0,16","8,59 ","1600,00 ","320,00 ","15,00 "
"1,2",15,"418,19 ","7,44 ","0,1","0,17","12,21 ","2200,00 ","456,00 ","12,50 "
"1,3",15,"415,15 ","8,48 ","0,1","0,16","15,06 ","2366,00 ","563,33 ","11,54 "
"1,3",15,"406,02 ","6,79 ","0,08","0,11","12,07 ","2314,00 ","450,67 ","11,54 "
"1,3",10,"422,75 ","7,05 ","0,15","0,15","18,74 ","3614,00 ","702,00 ","7,69 "
"1,3",12,"488,14 ","7,58 ","0,12","0,19","16,83 ","3477,50 ","629,42 ","9,23 "
"1,3",15,"425,79 ","7,70 ","0,18","0,2","13,68 ","2426,67 ","511,33 ","11,54 "
"1,2",15,"441,00 ","6,14 ","0,16","0,2","10,10 ","2320,00 ","376,00 ","12,50 "
"1,3",12,"445,56 ","8,35 ","0,11","0,13","18,52 ","3174,17 ","693,33 ","9,23 "
"1,2",12,"441,00 ","6,79 ","0,08","0,14","13,92 ","2900,00 ","520,00 ","10,00 "
"1,2",15,"425,79 ","8,48 ","0,13","0,18","13,91 ","2240,00 ","520,00 ","12,50 "
"1,3",12,"471,41 ","8,88 ","0,1","0,16","19,67 ","3358,33 ","736,67 ","9,23 "
"1,3",15,"463,81 ","7,44 ","0,11","0,16","13,23 ","2643,33 ","494,00 ","11,54 "
"1,3",12,"486,62 ","7,44 ","0,16","0,14","16,52 ","3466,67 ","617,50 ","9,23 "
"1,2",25,"410,58 ","4,96 ","0,11","0,15","4,95 ","1296,00 ","182,40 ","20,83 "
"1,4",25,"372,57 ","5,35 ","0,12","0,14","6,19 ","1372,00 ","229,60 ","17,86 "
"1,2",23,"416,67 ","4,83 ","0,14","0,13","5,24 ","1429,57 ","193,04 ","19,17 "
"1,3",25,"410,58 ","4,11 ","0,18","0,14","4,46 ","1404,00 ","163,80 ","19,23 "
"1,3",35,"395,38 ","3,92 ","0,2","0,15","3,07 ","965,71 ","111,43 ","26,92 "
"1,3",30,"380,17 ","4,57 ","0,18","0,21","4,13 ","1083,33 ","151,67 ","23,08 "
"1,3",37,"380,17 ","4,31 ","0,19","0,21","3,18 ","878,38 ","115,95 ","28,46 "
"1,3",38,"375,61 ","3,92 ","0,19","0,2","2,83 ","845,00 ","102,63 ","29,23 "
"1,3",35,"378,65 ","3,00 ","0,19","0,18","2,37 ","924,86 ","85,43 ","26,92 "
"1,3",38,"368,00 ","3,52 ","0,19","0,18","2,55 ","827,89 ","92,37 ","29,23 "
"1,2",40,"360,40 ","3,64 ","0,19","0,21","2,32 ","711,00 ","83,70 ","33,33 "
"1,3",40,"361,92 ","3,88 ","0,2","0,21","2,66 ","773,50 ","96,53 ","30,77 "
"1,3",40,"380,17 ","3,66 ","0,21","0,19","2,52 ","812,50 ","91,00 ","30,77 "
"1,3",40,"349,76 ","3,66 ","0,19","0,18","2,51 ","747,50 ","91,00 ","30,77 "
"1,3",40,"349,76 ","4,05 ","0,2","0,21","2,77 ","747,50 ","100,75 ","30,77 "
"1,3",40,"339,11 ","3,49 ","0,18","0,19","2,40 ","724,75 ","86,78 ","30,77 "
"1,3",40,"334,55 ","3,73 ","0,16","0,18","2,56 ","715,00 ","92,95 ","30,77 "
"1,3",40,"351,28 ","2,92 ","0,19","0,19","2,03 ","750,75 ","72,80 ","30,77 "
"1,3",40,"364,96 ","3,92 ","0,18","0,19","2,69 ","780,00 ","97,50 ","30,77 "
"1,3",27,"299,57 ","2,58 ","0,14","0,12","2,61 ","948,52 ","95,33 ","20,77 "
"1,2",25,"299,57 ","2,58 ","0,16","0,14","2,60 ","945,60 ","95,04 ","20,83 "
"1,3",35,"349,76 ","3,66 ","0,22","0,15","2,86 ","854,29 ","104,00 ","26,92 "
"1,3",37,"331,51 ","2,74 ","0,21","0,17","2,05 ","765,95 ","73,78 ","28,46 "
"1,2",40,"317,82 ","2,74 ","0,19","0,19","1,76 ","627,00 ","63,00 ","33,33 "
"1,3",25,"319,34 ","2,87 ","0,21","0,19","3,12 ","1092,00 ","114,40 ","19,23 "
"1,3",35,"270,68 ","2,74 ","0,14","0,17","2,14 ","661,14 ","78,00 ","26,92 "
"1,3",35,"349,76 ","3,26 ","0,18","0,19","2,56 ","854,29 ","92,86 ","26,92 "
"1,3",45,"345,19 ","3,39 ","0,18","0,2","2,09 ","655,78 ","75,11 ","34,62 "
"1,2",40,"349,76 ","3,26 ","0,16","0,19","2,09 ","690,00 ","75,00 ","33,33 "
"1,3",30,"319,34 ","2,74 ","0,18","0,19","2,50 ","910,00 ","91,00 ","23,08 "
"1,3",38,"349,76 ","3,00 ","0,21","0,19","2,18 ","786,84 ","78,68 ","29,23 "
"1,3",35,"349,76 ","3,26 ","0,22","0,2","2,56 ","854,29 ","92,86 ","26,92 "
"1,3",35,"319,34 ","2,87 ","0,19","0,19","2,26 ","780,00 ","81,71 ","26,92 "
"1,3",39,"316,30 ","2,70 ","0,18","0,18","1,92 ","693,33 ","69,00 ","30,00 "
"1,3",35,"349,76 ","4,26 ","0,15","0,15","3,31 ","854,29 ","121,09 ","26,92 "
"1,3",35,"349,76 ","3,92 ","0,17","0,18","3,05 ","854,29 ","111,43 ","26,92 "
"1,3",40,"349,76 ","3,66 ","0,19","0,2","2,51 ","747,50 ","91,00 ","30,77 "
"1,3",39,"319,34 ","2,87 ","0,16","0,16","2,03 ","700,00 ","73,33 ","30,00 "
"1,3",38,"329,99 ","2,87 ","0,18","0,17","2,09 ","742,37 ","75,26 ","29,23 "
"1,3",35,"471,41 ","4,18 ","0,18","0,18","3,28 ","1151,43 ","118,86 ","26,92 "
"1,3",35,"334,55 ","3,13 ","0,16","0,16","2,46 ","817,14 ","89,14 ","26,92 "
"1,3",45,"329,99 ","2,87 ","0,18","0,19","1,78 ","626,89 ","63,56 ","34,62 "
"1,3",45,"334,55 ","2,87 ","0,17","0,17","1,78 ","635,56 ","63,56 ","34,62 "
"1,3",40,"349,76 ","3,00 ","0,17","0,19","2,08 ","747,50 ","74,75 ","30,77 "
"1,3",45,"319,34 ","2,68 ","0,14","0,15","1,66 ","606,67 ","59,22 ","34,62 "
"1,3",47,"334,55 ","3,13 ","0,17","0,21","1,85 ","608,51 ","66,38 ","36,15 "
"1,3",50,"339,11 ","4,31 ","0,16","0,17","2,37 ","579,80 ","85,80 ","38,46 "
"1,3",40,"349,76 ","3,66 ","0,15","0,18","2,51 ","747,50 ","91,00 ","30,77 "
"1,3",45,"346,72 ","4,05 ","0,16","0,17","2,47 ","658,67 ","89,56 ","34,62 "
"1,3",45,"339,11 ","4,05 ","0,17","0,19","2,47 ","644,22 ","89,56 ","34,62 "
"1,3",49,"323,91 ","3,79 ","0,17","0,18","2,13 ","565,10 ","76,94 ","37,69 "
"1,3",45,"329,99 ","3,20 ","0,17","0,17","1,97 ","626,89 ","70,78 ","34,62 "
"1,3",40,"349,76 ","3,00 ","0,15","0,16","2,08 ","747,50 ","74,75 ","30,77 "
"1,3",45,"364,66 ","2,64 ","0,07","0,12","1,65 ","692,76 ","58,44 ","34,62 "
"1,3",46,"302,69 ","3,61 ","0,09","0,12","2,16 ","562,53 ","78,25 ","35,38 "
"1,3",54,"293,64 ","4,21 ","0,12","0,12","2,14 ","464,87 ","77,57 ","41,54 "
"1,3",40,"334,55 ","3,66 ","0,18","0,2","2,51 ","715,00 ","91,00 ","30,77 "
"1,3",45,"349,76 ","3,72 ","0,16","0,18","2,28 ","664,44 ","82,33 ","34,62 "
"1,3",55,"329,99 ","4,44 ","0,12","0,14","2,22 ","512,91 ","80,36 ","42,31 "
"1,3",55,"329,99 ","4,18 ","0,14","0,16","2,10 ","512,91 ","75,64 ","42,31 "
"1,3",55,"316,30 ","3,79 ","0,14","0,17","1,91 ","491,64 ","68,55 ","42,31 "
"1,3",45,"361,92 ","4,05 ","0,15","0,15","2,48 ","687,56 ","89,56 ","34,62 "
"1,3",55,"334,55 ","4,18 ","0,16","0,16","2,10 ","520,00 ","75,64 ","42,31 "
"1,3",45,"334,55 ","4,31 ","0,18","0,18","2,62 ","635,56 ","95,33 ","34,62 "
"1,3",50,"325,43 ","2,87 ","0,17","0,17","1,61 ","556,40 ","57,20 ","38,46 "
"1,3",50,"345,19 ","3,66 ","0,15","0,15","2,03 ","590,20 ","72,80 ","38,46 "
"1,3",50,"361,92 ","3,52 ","0,15","0,17","1,96 ","618,80 ","70,20 ","38,46 "
"1,3",50,"314,78 ","3,79 ","0,19","0,15","2,09 ","538,20 ","75,40 ","38,46 "
"1,3",60,"334,55 ","4,18 ","0,18","0,16","1,93 ","476,67 ","69,33 ","46,15 "
"1,3",40,"349,76 ","4,31 ","0,13","0,15","2,94 ","747,50 ","107,25 ","30,77 "
"1,3",30,"336,07 ","4,57 ","0,13","0,16","4,12 ","957,67 ","151,67 ","23,08 "
"1,3",20,"334,55 ","3,92 ","0,06","0,09","5,27 ","1430,00 ","195,00 ","15,38 "
"1,3",17,"375,61 ","8,48 ","0,08","0,09","13,29 ","1888,82 ","497,06 ","13,08 "
"1,3",25,"372,57 ","4,67 ","0,13","0,16","5,04 ","1274,00 ","186,16 ","19,23 "
"1,3",10,"389,29 ","7,70 ","0,14","0,09","20,45 ","3328,00 ","767,00 ","7,69 "
"1,3",20,"395,38 ","5,87 ","0,12","0,12","7,87 ","1690,00 ","292,50 ","15,38 "
"1,3",40,"346,72 ","7,44 ","0,12","0,12","5,01 ","741,00 ","185,25 ","30,77 "
"1,3",40,"334,55 ","6,53 ","0,13","0,15","4,40 ","715,00 ","162,50 ","30,77 "
"1,3",45,"319,34 ","6,79 ","0,14","0,15","4,07 ","606,67 ","150,22 ","34,62 "
"1,3",42,"351,28 ","6,14 ","0,1","0,1","3,96 ","715,00 ","145,48 ","32,31 "
"1,3",35,"360,40 ","4,57 ","0,11","0,11","3,55 ","880,29 ","130,00 ","26,92 "
"1,2",21,"384,84 ","6,85 ","0,05","0,12","8,06 ","1446,11 ","299,71 ","17,50 "
"1,3",22,"364,96 ","7,18 ","0,07","0,15","8,72 ","1418,18 ","325,00 ","16,92 "
"1,3",10,"364,96 ","5,22 ","0,07","0,09","13,90 ","3120,00 ","520,00 ","7,69 "
"1,3",23,"394,63 ","7,12 ","0,05","0,12","8,28 ","1466,80 ","308,10 ","17,69 "
"1,3",30,"380,17 ","7,18 ","0,05","0,11","6,43 ","1083,33 ","238,33 ","23,08 "
"1,3",25,"441,00 ","7,70 ","0,06","0,07","8,26 ","1508,00 ","306,80 ","19,23 "
"1,3",35,"422,75 ","7,57 ","0,06","0,08","5,83 ","1032,57 ","215,43 ","26,92 "
"1,3",33,"441,00 ","7,60 ","0,05","0,07","6,20 ","1142,42 ","229,27 ","25,38 "
"1,3",25,"402,98 ","6,92 ","0,02","0,08","7,42 ","1378,00 ","275,60 ","19,23 "
"1,3",25,"425,79 ","7,44 ","0,05","0,05","7,98 ","1456,00 ","296,40 ","19,23 "
"1,3",30,"406,02 ","7,83 ","0,07","0,07","7,01 ","1157,00 ","260,00 ","23,08 "
"1,5",20,"433,39 ","7,18 ","0,06","0,06","11,06 ","2137,50 ","412,50 ","13,33 "
"1,28",26,"312,76 ","3,39 ","0,08","0,12","3,48 ","1012,53 ","127,80 ","20,31 "
"1,3",35,"334,55 ","4,96 ","0,08","0,09","3,84 ","817,14 ","141,14 ","26,92 "
"1,3",38,"290,45 ","4,83 ","0,06","0,07","3,44 ","653,42 ","126,58 ","29,23 "
"1,32",40,"299,74 ","5,09 ","0,08","0,11","3,50 ","650,46 ","128,63 ","30,30 "
"1,2",40,"261,57 ","4,48 ","0,05","0,07","2,80 ","516,03 ","102,87 ","33,33 "
"1,3",51,"262,71 ","3,99 ","0,07","0,07","2,14 ","440,37 ","78,00 ","39,23 "
"1,3",55,"279,81 ","4,47 ","0,06","0,07","2,23 ","434,91 ","80,95 ","42,31 "
"1,3",50,"288,93 ","4,18 ","0,09","0,09","2,29 ","494,00 ","83,20 ","38,46 "
"1,3",55,"264,60 ","3,59 ","0,09","0,09","1,80 ","411,27 ","65,00 ","42,31 "
"1,3",60,"263,08 ","3,63 ","0,09","0,09","1,67 ","374,83 ","60,23 ","46,15 "
"1,3",60,"261,56 ","3,60 ","0,1","0,08","1,66 ","372,67 ","59,80 ","46,15 "
"1,3",55,"281,54 ","3,11 ","0,11","0,11","1,57 ","437,60 ","56,28 ","42,31 "
"1,3",54,"250,09 ","3,06 ","0,1","0,1","1,57 ","395,92 ","56,41 ","41,54 "
"1,3",60,"250,91 ","3,13 ","0,1","0,1","1,45 ","357,50 ","52,00 ","46,15 "
"1,3",58,"266,12 ","3,79 ","0,1","0,1","1,80 ","392,24 ","65,00 ","44,62 "
"1,3",60,"260,04 ","3,90 ","0,1","0,1","1,79 ","370,50 ","64,78 ","46,15 "
"1,4",65,"255,47 ","4,57 ","0,11","0,12","2,07 ","361,85 ","75,38 ","46,43 "
"1,3",65,"264,60 ","3,52 ","0,1","0,1","1,51 ","348,00 ","54,00 ","50,00 "
"1,3",60,"273,72 ","3,88 ","0,12","0,12","1,78 ","390,00 ","64,35 ","46,15 "
"1,3",50,"250,30 ","3,36 ","0,09","0,1","1,85 ","427,96 ","67,00 ","38,46 "
"1,3",55,"276,93 ","4,38 ","0,09","0,11","2,18 ","430,44 ","79,28 ","42,31 "
"1,2",53,"287,35 ","3,87 ","0,09","0,11","1,86 ","427,83 ","67,09 ","44,17 "
"1,3",40,"280,92 ","3,31 ","0,07","0,08","2,27 ","600,37 ","82,45 ","30,77 "
"1,3",40,"304,14 ","3,13 ","0,11","0,11","2,15 ","650,00 ","78,00 ","30,77 "
"1,4",47,"316,30 ","4,84 ","0,09","0,1","3,02 ","619,57 ","110,51 ","33,57 "
"1,3",48,"342,15 ","5,16 ","0,08","0,1","2,93 ","609,38 ","106,98 ","36,92 "
"1,3",38,"312,55 ","5,00 ","0,04","0,09","3,56 ","703,13 ","131,06 ","29,23 "
"1,3",48,"316,58 ","4,92 ","0,05","0,11","2,80 ","563,82 ","102,08 ","36,92 "
"1,3",43,"321,72 ","5,33 ","0,06","0,12","3,36 ","639,60 ","123,38 ","33,08 "
"1,4",60,"316,30 ","6,40 ","0,08","0,09","3,12 ","485,33 ","114,33 ","42,86 "
"1,3",63,"349,76 ","5,91 ","0,12","0,11","2,58 ","474,60 ","93,48 ","48,46 "
"1,3",50,"349,76 ","4,83 ","0,05","0,11","2,65 ","598,00 ","96,20 ","38,46 "
"1,3",50,"313,85 ","5,34 ","0,07","0,11","2,91 ","536,61 ","106,42 ","38,46 "
"1,2",54,"318,84 ","6,15 ","0,07","0,1","2,86 ","465,93 ","104,62 ","45,00 "
"1,3",53,"313,78 ","5,88 ","0,03","0,08","3,02 ","506,12 ","110,52 ","40,77 "
"1,3",40,"334,55 ","5,87 ","0,11","0,13","3,97 ","715,00 ","146,25 ","30,77 "
"1,3",50,"364,96 ","6,66 ","0,09","0,16","3,62 ","624,00 ","132,60 ","38,46 "
"1,3",57,"364,96 ","6,40 ","0,09","0,12","3,07 ","547,37 ","111,75 ","43,85 "
"1,3",48,"342,15 ","5,87 ","0,08","0,11","3,33 ","609,38 ","121,88 ","36,92 "
"1,26",50,"301,37 ","6,06 ","0,07","0,09","3,19 ","499,41 ","116,98 ","39,68 "
"1,2",56,"232,25 ","4,37 ","0,07","0,09","1,97 ","327,28 ","71,72 ","46,67 "
"1,3",58,"266,45 ","4,03 ","0,07","0,09","1,91 ","392,73 ","69,28 ","44,62 "
"1,3",60,"336,07 ","5,87 ","0,12","0,14","2,68 ","478,83 ","97,50 ","46,15 "
"1,3",58,"351,28 ","5,48 ","0,09","0,1","2,59 ","517,76 ","94,14 ","44,62 "
"1,3",53,"343,67 ","4,71 ","0,08","0,11","2,44 ","554,34 ","88,55 ","40,77 "
"1,2",53,"302,39 ","5,41 ","0,13","0,17","2,57 ","450,23 ","93,85 ","44,17 "
"1,2",50,"334,25 ","4,87 ","0,12","0,18","2,47 ","527,52 ","89,62 ","41,67 "
"1,3",50,"334,55 ","4,83 ","0,16","0,17","2,64 ","572,00 ","96,20 ","38,46 "
"1,3",63,"364,96 ","4,83 ","0,15","0,17","2,13 ","495,24 ","76,35 ","48,46 "
"1,3",60,"357,36 ","5,64 ","0,14","0,17","2,58 ","509,17 ","93,60 ","46,15 "
"1,3",47,"334,72 ","5,01 ","0,11","0,18","2,91 ","608,81 ","106,16 ","36,15 "
"1,2",49,"271,53 ","5,98 ","0,11","0,17","3,05 ","437,29 ","112,19 ","40,83 "
"1,2",47,"320,47 ","5,81 ","0,1","0,17","3,10 ","538,06 ","113,54 ","39,17 "
"1,3",40,"410,58 ","6,14 ","0,14","0,17","4,17 ","877,50 ","152,75 ","30,77 "
"1,3",47,"426,09 ","7,27 ","0,13","0,19","4,21 ","775,02 ","154,15 ","36,15 "
"1,3",36,"417,56 ","7,07 ","0,13","0,2","5,30 ","991,58 ","195,47 ","27,69 "
"1,3",38,"447,32 ","7,67 ","0,14","0,2","5,46 ","1006,34 ","201,09 ","29,23 "
"1,3",30,"456,20 ","6,92 ","0,19","0,17","6,22 ","1300,00 ","229,67 ","23,08 "
"1,3",55,"441,00 ","6,27 ","0,18","0,17","3,13 ","685,45 ","113,45 ","42,31 "
"1,3",65,"456,20 ","7,18 ","0,16","0,16","3,04 ","600,00 ","110,00 ","50,00 "
"1,3",45,"408,32 ","5,95 ","0,13","0,18","3,61 ","775,70 ","131,70 ","34,62 "
"1,3",55,"401,19 ","5,94 ","0,13","0,2","2,96 ","623,57 ","107,47 ","42,31 "
"1,28",57,"367,43 ","5,51 ","0,12","0,17","2,62 ","542,59 ","94,79 ","44,53 "
"1,2",55,"375,79 ","5,11 ","0,11","0,16","2,37 ","539,17 ","85,44 ","45,83 "
"1,2",55,"376,41 ","5,63 ","0,11","0,18","2,60 ","540,07 ","94,12 ","45,83 "
"1,3",50,"402,98 ","5,87 ","0,16","0,21","3,22 ","689,00 ","117,00 ","38,46 "
"1,4",50,"439,48 ","5,87 ","0,17","0,22","3,46 ","809,20 ","126,00 ","35,71 "
"1,3",50,"453,16 ","6,14 ","0,17","0,22","3,37 ","774,80 ","122,20 ","38,46 "
"1,3",60,"448,60 ","6,51 ","0,13","0,2","2,99 ","639,17 ","108,12 ","46,15 "
"1,2",40,"441,67 ","6,24 ","0,17","0,23","3,93 ","871,32 ","143,49 ","33,33 "
"1,2",50,"477,68 ","7,62 ","0,17","0,25","3,85 ","753,89 ","140,14 ","41,67 "
"1,2",40,"513,78 ","7,70 ","0,16","0,24","4,84 ","1013,58 ","176,94 ","33,33 "
"1,3",43,"486,62 ","6,27 ","0,17","0,2","3,98 ","967,44 ","145,12 ","33,08 "
"1,3",60,"486,62 ","6,40 ","0,18","0,23","2,95 ","693,33 ","106,17 ","46,15 "
"1,3",55,"486,62 ","6,46 ","0,18","0,23","3,24 ","756,36 ","117,00 ","42,31 "
"1,3",40,"501,82 ","7,18 ","0,17","0,22","4,88 ","1072,50 ","178,75 ","30,77 "
"1,2",40,"505,98 ","7,30 ","0,17","0,23","4,59 ","998,19 ","167,85 ","33,33 "
"1,25",30,"536,82 ","7,81 ","0,17","0,24","6,76 ","1470,88 ","249,29 ","24,00 "
"1,3",30,"579,74 ","8,28 ","0,17","0,25","7,46 ","1652,04 ","274,99 ","23,08 "
"1,3",28,"631,08 ","9,53 ","0,24","0,24","9,17 ","1926,79 ","338,93 ","21,54 "
"1,3",22,"638,69 ","10,18 ","0,25","0,25","12,40 ","2481,82 ","460,91 ","16,92 "
"1,3",20,"608,27 ","11,88 ","0,22","0,25","15,86 ","2600,00 ","591,50 ","15,38 "
"1,3",17,"626,69 ","11,88 ","0,2","0,22","18,64 ","3151,43 ","696,11 ","13,08 "
"1,3",13,"636,79 ","12,21 ","0,2","0,21","24,99 ","4187,50 ","935,20 ","10,00 "
"1,3",15,"375,56 ","7,25 ","0,13","0,19","12,87 ","2140,41 ","481,09 ","11,54 "
"1,2",13,"684,31 ","9,53 ","0,19","0,18","18,07 ","4153,85 ","673,85 ","10,83 "
"1,3",15,"714,72 ","11,10 ","0,13","0,18","19,74 ","4073,33 ","736,67 ","11,54 "
"1,3",13,"667,94 ","12,37 ","0,16","0,19","25,33 ","4392,40 ","947,70 ","10,00 "
"1,3",13,"707,12 ","13,05 ","0,18","0,19","26,72 ","4650,00 ","1000,00 ","10,00 "
"1,3",12,"689,02 ","11,92 ","0,2","0,2","26,44 ","4908,58 ","989,63 ","9,23 "
"1,5",12,"669,10 ","11,75 ","0,21","0,2","30,03 ","5500,00 ","1125,00 ","8,00 "
"1,5",10,"729,93 ","11,88 ","0,2","0,2","36,41 ","7200,00 ","1365,00 ","6,67 "
"1,3",10,"668,66 ","14,22 ","0,19","0,25","37,75 ","5716,23 ","1415,96 ","7,69 "
"1,4",8,"701,03 ","14,36 ","0,21","0,25","51,26 ","8067,50 ","1925,00 ","5,71 "
1,9,"562,65 ","4,05 ","0,23","0,26","9,29 ","4111,11 ","344,44 ","9,00 "
"1,2",9,"626,49 ","6,18 ","0,18","0,26","16,93 ","5493,07 ","631,73 ","7,50 "
"1,3",10,"577,86 ","6,27 ","0,19","0,2","16,71 ","4940,00 ","624,00 ","7,69 "
"1,3",8,"692,27 ","7,91 ","0,2","0,26","26,30 ","7397,65 ","984,26 ","6,15 "
"1,3",6,"701,03 ","7,83 ","0,2","0,25","34,68 ","9988,33 ","1300,00 ","4,62 "
"1,3",10,"684,31 ","9,79 ","0,18","0,23","26,05 ","5850,00 ","975,00 ","7,69 "
"1,4",18,"608,27 ","7,89 ","0,18","0,24","12,65 ","3111,11 ","470,32 ","12,86 "
"1,3",10,"653,89 ","7,57 ","0,22","0,26","20,18 ","5590,00 ","754,00 ","7,69 "
"1,8",11,"623,48 ","6,53 ","0,18","0,23","21,88 ","6709,09 ","818,18 ","6,11 "
"1,3",10,"653,89 ","7,57 ","0,25","0,28","20,18 ","5590,00 ","754,00 ","7,69 "
"1,5",10,"593,07 ","8,48 ","0,11","0,19","26,03 ","5850,00 ","975,00 ","6,67 "
"1,5",10,"570,26 ","9,79 ","0,16","0,21","30,00 ","5625,00 ","1125,00 ","6,67 "
"1,3",10,"623,48 ","9,14 ","0,2","0,21","24,31 ","5330,00 ","910,00 ","7,69 "
"1,5",10,"593,07 ","9,14 ","0,18","0,22","28,02 ","5850,00 ","1050,00 ","6,67 "
"1,4",14,"638,69 ","9,92 ","0,22","0,23","20,34 ","4200,00 ","760,00 ","10,00 "
"1,3",10,"684,31 ","11,10 ","0,19","0,19","29,50 ","5850,00 ","1105,00 ","7,69 "
"1,1",10,"539,84 ","1,93 ","0,2","0,2","4,47 ","3905,00 ","162,80 ","9,09 "
"1,5",12,"547,45 ","6,92 ","0,14","0,23","17,73 ","4500,00 ","662,50 ","8,00 "
"1,3",11,"517,03 ","3,92 ","0,17","0,24","9,55 ","4018,18 ","354,55 ","8,46 "
"1,3",10,"585,46 ","9,53 ","0,19","0,21","25,34 ","5005,00 ","949,00 ","7,69 "
"1,3",12,"608,27 ","9,40 ","0,25","0,2","20,86 ","4333,33 ","780,00 ","9,23 "
"1,3",12,"593,07 ","10,18 ","0,25","0,25","22,58 ","4225,00 ","845,00 ","9,23 "
"1,5",10,"562,65 ","9,79 ","0,2","0,23","30,00 ","5550,00 ","1125,00 ","6,67 "
"1,5",11,"564,17 ","9,79 ","0,24","0,24","27,29 ","5059,09 ","1022,73 ","7,33 "
"1,5",12,"547,45 ","10,57 ","0,21","0,23","27,01 ","4500,00 ","1012,50 ","8,00 "
"1,5",10,"547,45 ","8,09 ","0,2","0,26","24,82 ","5400,00 ","930,00 ","6,67 "
"1,4",14,"538,32 ","9,79 ","0,21","0,23","20,05 ","3540,00 ","750,00 ","10,00 "
"1,5",12,"562,65 ","9,14 ","0,2","0,2","23,37 ","4625,00 ","875,00 ","8,00 "
"1,5",13,"586,98 ","10,13 ","0,22","0,24","23,92 ","4453,85 ","895,38 ","8,67 "
"1,5",13,"562,65 ","9,79 ","0,2","0,25","23,11 ","4269,23 ","865,38 ","8,67 "
"1,5",13,"577,86 ","10,31 ","0,22","0,28","24,34 ","4384,62 ","911,54 ","8,67 "
"1,4",15,"562,65 ","9,14 ","0,22","0,27","17,49 ","3453,33 ","653,33 ","10,71 "
"1,5",13,"568,73 ","7,11 ","0,27","0,26","16,84 ","4315,38 ","628,85 ","8,67 "
"1,5",20,"506,39 ","8,22 ","0,23","0,23","12,67 ","2497,50 ","472,50 ","13,33 "
"1,5",10,"577,86 ","9,14 ","0,21","0,26","28,01 ","5700,00 ","1050,00 ","6,67 "
"1,5",8,"585,46 ","8,09 ","0,25","0,29","31,00 ","7218,75 ","1162,50 ","5,33 "
"1,5",11,"608,27 ","9,79 ","0,22","0,22","27,30 ","5454,55 ","1022,73 ","7,33 "
"1,3",15,"517,03 ","3,26 ","0,2","0,22","5,89 ","2946,67 ","216,67 ","11,54 "
"1,3",15,"517,03 ","3,66 ","0,21","0,23","6,58 ","2946,67 ","242,67 ","11,54 "
"1,3",10,"486,62 ","3,92 ","0,2","0,25","10,48 ","4160,00 ","390,00 ","7,69 "
"1,5",10,"547,45 ","5,22 ","0,22","0,28","16,07 ","5400,00 ","600,00 ","6,67 "
"1,5",10,"608,27 ","7,83 ","0,21","0,23","24,04 ","6000,00 ","900,00 ","6,67 "
"1,3",12,"577,86 ","10,18 ","0,2","0,24","22,58 ","4116,67 ","845,00 ","9,23 "
"1,3",8,"661,50 ","11,10 ","0,2","0,28","36,82 ","7068,75 ","1381,25 ","6,15 "
"1,4",8,"638,69 ","5,22 ","0,25","0,25","18,75 ","7350,00 ","700,00 ","5,71 "
"1,5",8,"684,31 ","11,42 ","0,2","0,26","43,71 ","8437,50 ","1640,63 ","5,33 "
"1,3",10,"653,89 ","9,79 ","0,19","0,23","26,05 ","5590,00 ","975,00 ","7,69 "
"1,3",10,"608,27 ","10,44 ","0,2","0,24","27,76 ","5200,00 ","1040,00 ","7,69 "
"1,3",8,"577,86 ","9,79 ","0,21","0,25","32,49 ","6175,00 ","1218,75 ","6,15 "
"1,3",13,"579,38 ","9,20 ","0,2","0,26","18,86 ","3810,00 ","705,00 ","10,00 "
"1,3",8,"593,07 ","9,01 ","0,2","0,25","29,91 ","6337,50 ","1121,25 ","6,15 "
"1,3",12,"570,26 ","8,88 ","0,2","0,24","19,70 ","4062,50 ","736,67 ","9,23 "
"1,3",15,"517,03 ","9,14 ","0,2","0,23","16,24 ","2946,67 ","606,67 ","11,54 "
"1,3",15,"547,45 ","9,14 ","0,2","0,24","16,25 ","3120,00 ","606,67 ","11,54 "
"1,3",10,"577,86 ","11,36 ","0,19","0,23","30,16 ","4940,00 ","1131,00 ","7,69 "
"1,3",8,"623,48 ","10,44 ","0,2","0,24","34,66 ","6662,50 ","1300,00 ","6,15 "
"1,2",6,"684,31 ","7,83 ","0,2","0,25","32,02 ","9000,00 ","1200,00 ","5,00 "
"1,3",5,"699,51 ","4,57 ","0,2","0,25","24,33 ","11960,00 ","910,00 ","3,85 "
"1,3",8,"669,10 ","9,14 ","0,2","0,25","30,36 ","7150,00 ","1137,50 ","6,15 "
"1,2",10,"577,86 ","8,48 ","0,19","0,24","20,85 ","4560,00 ","780,00 ","8,33 "
"1,3",10,"517,03 ","7,83 ","0,19","0,23","20,84 ","4420,00 ","780,00 ","7,69 "
"1,3",9,"623,48 ","7,83 ","0,19","0,25","23,16 ","5922,22 ","866,67 ","6,92 "
"1,3",15,"577,86 ","7,83 ","0,2","0,23","13,95 ","3293,33 ","520,00 ","11,54 "
"1,3",11,"577,86 ","9,14 ","0,19","0,24","22,11 ","4490,91 ","827,27 ","8,46 "
"1,3",9,"608,27 ","8,48 ","0,2","0,23","25,08 ","5777,78 ","938,89 ","6,92 "
"1,3",9,"638,69 ","7,18 ","0,19","0,21","21,25 ","6066,67 ","794,44 ","6,92 "
"1,3",8,"623,48 ","3,26 ","0,2","0,22","10,95 ","6662,50 ","406,25 ","6,15 "
"1,3",10,"600,67 ","3,66 ","0,18","0,24","9,82 ","5135,00 ","364,00 ","7,69 "
"1,7",10,"456,20 ","4,57 ","0,04","0,04","15,91 ","5100,00 ","595,00 ","5,88 "
"1,7",12,"319,34 ","5,22 ",0,"0,01","15,12 ","2975,00 ","566,67 ","7,06 "
"1,5",10,"266,12 ","3,26 ",0,"0,01","10,02 ","2625,00 ","375,00 ","6,67 "
"1,6",12,"258,52 ","4,57 ",0,"0,01","12,45 ","2266,67 ","466,67 ","7,50 "
"1,7",12,"228,10 ","4,44 ","0,02","0,06","12,84 ","2125,00 ","481,67 ","7,06 "
"1,6",11,"243,31 ","3,52 ","0,01","0,03","10,49 ","2327,27 ","392,73 ","6,88 "
"1,7",10,"228,10 ","3,26 ",0,"0,08","11,34 ","2550,00 ","425,00 ","5,88 "
"1,7",10,"228,10 ","3,52 ","0,01","0,09","12,24 ","2550,00 ","459,00 ","5,88 "
"1,7",7,"235,71 ","3,66 ",0,"0,12","18,10 ","3764,29 ","680,00 ","4,12 "
"1,7",10,"228,10 ","3,92 ",0,"0,12","13,59 ","2550,00 ","510,00 ","5,88 "
"1,7",10,"243,31 ","3,92 ",0,"0,12","13,60 ","2720,00 ","510,00 ","5,88 "
"1,7",12,"220,50 ","4,57 ",0,"0,14","13,21 ","2054,17 ","495,83 ","7,06 "
"1,7",10,"223,54 ","4,83 ","0,02","0,16","16,75 ","2499,00 ","629,00 ","5,88 "
"1,7",12,"288,93 ","5,87 ","0,01","0,16","16,99 ","2691,67 ","637,50 ","7,06 "
"1,7",10,"258,52 ","4,83 ",0,"0,17","16,76 ","2890,00 ","629,00 ","5,88 "
"1,7",8,"255,47 ","4,53 ","0,01","0,16","19,63 ","3570,00 ","737,38 ","4,71 "
"1,8",8,"266,12 ","3,92 ",0,"0,15","17,98 ","3937,50 ","675,00 ","4,44 "
"1,7",10,"253,95 ","3,92 ",0,"0,16","13,60 ","2839,00 ","510,00 ","5,88 "
"1,7",10,"304,14 ","5,22 ",0,"0,15","18,12 ","3400,00 ","680,00 ","5,88 "
"1,7",5,"304,14 ","4,57 ",0,"0,03","31,65 ","6800,00 ","1190,00 ","2,94 "
"1,7",12,"235,71 ","5,22 ",0,"0,04","15,10 ","2195,83 ","566,67 ","7,06 "
"1,7",10,"220,50 ","3,73 ",0,"0,04","12,96 ","2465,00 ","486,20 ","5,88 "
"1,7",8,"220,50 ","3,92 ","0,01","0,05","16,97 ","3081,25 ","637,50 ","4,71 "
"1,7",12,"237,23 ","4,57 ",0,"0,04","13,22 ","2210,00 ","495,83 ","7,06 "
"1,7",10,"235,71 ","3,62 ",0,"0,03","12,56 ","2635,00 ","470,90 ","5,88 "
"1,6",12,"319,34 ","5,61 ","0,06","0,07","15,30 ","2800,00 ","573,33 ","7,50 "
"1,7",10,"273,72 ","5,22 ","0,03","0,07","18,11 ","3060,00 ","680,00 ","5,88 "
"1,3",15,"501,82 ","11,75 ","0,16","0,21","20,83 ","2860,00 ","780,00 ","11,54 "
"1,6",13,"471,41 ","9,14 ","0,18","0,19","22,99 ","3815,38 ","861,54 ","8,13 "
"1,5",10,"486,62 ","9,79 ","0,15","0,12","29,98 ","4800,00 ","1125,00 ","6,67 "
"1,3",10,"471,41 ","6,53 ","0,18","0,22","17,37 ","4030,00 ","650,00 ","7,69 "
"1,5",6,"486,62 ","10,18 ","0,16","0,23","51,86 ","8000,00 ","1950,00 ","4,00 "
"1,6",5,"380,17 ","3,52 ","0,16","0,19","23,03 ","8000,00 ","864,00 ","3,13 "
"1,5",12,"258,52 ","5,61 ","0,15","0,05","14,33 ","2125,00 ","537,50 ","8,00 "
"1,6",7,"273,72 ","5,22 ",0,"0,1","24,33 ","4114,29 ","914,29 ","4,38 "
"1,7",8,"349,76 ","3,92 ",0,"0,12","17,01 ","4887,50 ","637,50 ","4,71 "
"1,6",7,"304,14 ","5,22 ",0,"0,11","24,34 ","4571,43 ","914,29 ","4,38 "
"1,6",9,"319,34 ","6,53 ",0,"0,06","23,67 ","3733,33 ","888,89 ","5,63 "
2,10,"273,72 ","2,61 ",0,"0,08","10,69 ","3600,00 ","400,00 ","5,00 "
"1,8",10,"258,52 ","4,96 ",0,"0,1","18,22 ","3060,00 ","684,00 ","5,56 "
"1,7",8,"288,93 ","4,57 ",0,"0,09","19,81 ","4037,50 ","743,75 ","4,71 "
"1,8",10,"317,82 ","4,83 ","0,01","0,1","17,76 ","3762,00 ","666,00 ","5,56 "
2,10,"319,34 ","5,22 ",0,"0,11","21,31 ","4200,00 ","800,00 ","5,00 "
"1,8",10,"273,72 ","3,52 ",0,"0,12","12,97 ","3240,00 ","486,00 ","5,56 "
"1,8",10,"304,14 ","4,57 ",0,"0,11","16,80 ","3600,00 ","630,00 ","5,56 "
"1,8",7,"304,14 ","3,92 ",0,"0,1","20,55 ","5142,86 ","771,43 ","3,89 "
"1,8",10,"410,58 ","3,92 ",0,"0,03","14,44 ","4860,00 ","540,00 ","5,56 "
2,8,"326,95 ","3,75 ","0,01","0,05","19,12 ","5375,00 ","717,50 ","4,00 "
2,8,"281,33 ","3,26 ",0,"0,04","16,66 ","4625,00 ","625,00 ","4,00 "
2,11,"331,51 ","3,52 ",0,"0,03","13,11 ","3963,64 ","490,91 ","5,50 "
"1,9",11,"223,54 ","3,52 ",0,"0,04","12,43 ","2539,09 ","466,36 ","5,79 "
2,13,"228,10 ","3,34 ",0,"0,03","10,51 ","2307,69 ","393,85 ","6,50 "
2,8,"221,41 ","2,61 ",0,"0,03","13,33 ","3640,00 ","500,00 ","4,00 "
"1,9",12,"288,93 ","3,92 ",0,"0,02","12,68 ","3008,33 ","475,00 ","6,32 "
"1,8",12,"334,55 ","6,53 ","0,09","0,12","19,99 ","3300,00 ","750,00 ","6,67 "
"1,5",13,"319,34 ","6,53 ","0,08","0,12","15,39 ","2423,08 ","576,92 ","8,67 "
"1,8",10,"273,72 ","4,57 ",0,"0,03","16,79 ","3240,00 ","630,00 ","5,56 "
"1,7",8,"304,14 ","3,92 ",0,"0,08","17,00 ","4250,00 ","637,50 ","4,71 "
"1,8",12,"212,90 ","3,66 ",0,"0,03","11,20 ","2100,00 ","420,00 ","6,67 "
"1,9",11,"243,31 ","4,96 ","0,02","0,04","17,48 ","2763,64 ","656,36 ","5,79 "
"1,8",10,"228,10 ","4,18 ",0,"0,03","15,34 ","2700,00 ","576,00 ","5,56 "
"1,9",10,"228,10 ","3,92 ",0,"0,02","15,18 ","2850,00 ","570,00 ","5,26 "
2,8,"243,31 ","3,35 ","0,05","0,09","17,11 ","4000,00 ","642,50 ","4,00 "
"1,9",10,"270,68 ","4,83 ","0,01","0,05","18,72 ","3382,00 ","703,00 ","5,26 "
"1,9",10,"258,52 ","3,92 ",0,"0,04","15,19 ","3230,00 ","570,00 ","5,26 "
"1,7",4,"304,14 ","4,70 ","0,01","0,02","40,67 ","8500,00 ","1530,00 ","2,35 "
"1,8",5,"334,55 ","5,22 ",0,"0,04","38,29 ","7920,00 ","1440,00 ","2,78 "
"1,9",8,"266,12 ","3,92 ",0,"0,04","18,97 ","4156,25 ","712,50 ","4,21 "
"1,5",11,"299,57 ","5,84 ","0,02","0,05","16,25 ","2686,36 ","609,55 ","7,33 "
"1,6",9,"319,34 ","4,57 ",0,"0,04","16,59 ","3733,33 ","622,22 ","5,63 "
2,8,"304,14 ","3,92 ",0,"0,04","19,98 ","5000,00 ","750,00 ","4,00 "
2,9,"257,00 ","3,71 ",0,"0,05","16,81 ","3755,56 ","631,11 ","4,50 "
"1,8",8,"260,04 ","3,92 ",0,"0,06","17,98 ","3847,50 ","675,00 ","4,44 "
"1,9",5,"319,34 ","3,60 ",0,"0,05","27,91 ","7980,00 ","1048,80 ","2,63 "
"1,8",10,"228,10 ","4,18 ",0,"0,01","15,34 ","2700,00 ","576,00 ","5,56 "
"1,9",8,"258,52 ","3,66 ",0,"0,05","17,71 ","4037,50 ","665,00 ","4,21 "
"1,5",11,"288,93 ","5,22 ","0,01","0,05","14,55 ","2590,91 ","545,45 ","7,33 "
"1,5",12,"288,93 ","5,87 ",0,"0,05","15,00 ","2375,00 ","562,50 ","8,00 "
"1,6",10,"349,76 ","7,65 ","0,05","0,12","24,97 ","3680,00 ","937,60 ","6,25 "
"1,4",11,"419,71 ","9,40 ","0,13","0,17","24,43 ","3512,73 ","916,36 ","7,86 "
"1,7",12,"258,52 ","3,66 ",0,"0,05","10,59 ","2408,33 ","396,67 ","7,06 "
"1,7",10,"273,72 ","3,92 ",0,"0,06","13,61 ","3060,00 ","510,00 ","5,88 "
"1,5",8,"410,58 ","5,48 ","0,1","0,18","21,00 ","5062,50 ","787,50 ","5,33 "
"1,6",8,"547,45 ","7,18 ","0,1","0,18","29,33 ","7200,00 ","1100,00 ","5,00 "
"1,4",9,"562,65 ","3,66 ","0,2","0,22","11,71 ","5755,56 ","435,56 ","6,43 "
"1,5",10,"562,65 ","5,22 ","0,16","0,2","16,07 ","5550,00 ","600,00 ","6,67 "
"1,5",10,"486,62 ","3,92 ","0,2","0,25","12,07 ","4800,00 ","450,00 ","6,67 "
"1,5",10,"532,24 ","6,53 ","0,17","0,21","20,04 ","5250,00 ","750,00 ","6,67 "
"1,5",10,"486,62 ","6,53 ","0,16","0,23","20,03 ","4800,00 ","750,00 ","6,67 "
"1,5",8,"532,24 ","6,53 ","0,15","0,23","25,02 ","6562,50 ","937,50 ","5,33 "
"1,4",8,"547,45 ","8,48 ","0,07","0,15","30,33 ","6300,00 ","1137,50 ","5,71 "
"1,5",8,"486,62 ","8,48 ","0,15","0,2","32,47 ","6000,00 ","1218,75 ","5,33 "
"1,5",8,"501,82 ","9,01 ","0,17","0,23","34,46 ","6187,50 ","1293,75 ","5,33 "
"1,4",10,"577,86 ","9,14 ","0,21","0,27","26,16 ","5320,00 ","980,00 ","7,14 "
"1,4",10,"425,79 ","4,70 ","0,21","0,25","13,49 ","3920,00 ","504,00 ","7,14 "
"1,6",12,"453,16 ","5,48 ","0,23","0,27","14,98 ","3973,33 ","560,00 ","7,50 "
"1,5",10,"441,00 ","4,57 ","0,21","0,25","14,05 ","4350,00 ","525,00 ","6,67 "
"1,6",8,"441,00 ","3,52 ","0,16","0,24","14,45 ","5800,00 ","540,00 ","5,00 "
"1,6",9,"532,24 ","4,83 ","0,22","0,27","17,60 ","6222,22 ","657,78 ","5,63 "
"1,7",8,"349,76 ","2,09 ",0,"0,05","9,12 ","4887,50 ","340,00 ","4,71 "
"1,6",9,"501,82 ","2,35 ","0,22","0,24","8,63 ","5866,67 ","320,00 ","5,63 "
"1,5",9,"486,62 ","3,92 ","0,21","0,25","13,40 ","5333,33 ","500,00 ","6,00 "
"1,5",10,"517,03 ","4,57 ","0,22","0,27","14,07 ","5100,00 ","525,00 ","6,67 "
"1,5",6,"593,07 ","4,57 ","0,22","0,27","23,38 ","9750,00 ","875,00 ","4,00 "
"1,5",8,"608,27 ","6,53 ","0,21","0,29","25,04 ","7500,00 ","937,50 ","5,33 "
"1,5",7,"577,86 ","6,53 ","0,22","0,29","28,58 ","8142,86 ","1071,43 ","4,67 "
"1,5",8,"638,69 ","7,83 ","0,22","0,3","30,02 ","7875,00 ","1125,00 ","5,33 "
"1,5",11,"653,89 ","10,44 ","0,21","0,28","29,12 ","5863,64 ","1090,91 ","7,33 "
"1,3",10,"577,86 ","3,26 ","0,28","0,24","8,78 ","4940,00 ","325,00 ","7,69 "
"1,4",10,"517,03 ","3,92 ","0,28","0,33","11,29 ","4760,00 ","420,00 ","7,14 "
"1,3",20,"486,62 ","3,79 ","0,3","0,31","5,14 ","2080,00 ","188,50 ","15,38 "
"1,3",20,"501,82 ","4,18 ","0,29","0,31","5,66 ","2145,00 ","208,00 ","15,38 "
"1,3",17,"517,03 ","5,22 ","0,29","0,34","8,26 ","2600,00 ","305,88 ","13,08 "
"1,2",15,"638,69 ","7,83 ","0,28","0,35","12,91 ","3360,00 ","480,00 ","12,50 "
"1,3",10,"760,34 ","7,83 ","0,25","0,32","20,90 ","6500,00 ","780,00 ","7,69 "
"1,3",25,"714,72 ","12,40 ","0,17","0,25","13,30 ","2444,00 ","494,00 ","19,23 "
"1,3",15,"737,53 ","10,44 ","0,2","0,28","18,60 ","4203,33 ","693,33 ","11,54 "
"1,3",10,"745,13 ","11,10 ","0,17","0,25","29,52 ","6370,00 ","1105,00 ","7,69 "
"1,3",15,"760,34 ","12,40 ","0,24","0,31","22,05 ","4333,33 ","823,33 ","11,54 "
"1,2",15,"752,74 ","11,75 ","0,29","0,33","19,31 ","3960,00 ","720,00 ","12,50 "
"1,3",15,"745,13 ","11,75 ","0,26","0,29","20,90 ","4246,67 ","780,00 ","11,54 "
"1,2",12,"821,17 ","9,14 ","0,21","0,35","18,80 ","5400,00 ","700,00 ","10,00 "
"1,2",15,"775,55 ","11,10 ","0,23","0,31","18,25 ","4080,00 ","680,00 ","12,50 "
"1,2",10,"790,75 ","10,44 ","0,25","0,34","25,69 ","6240,00 ","960,00 ","8,33 "
"1,5",12,"775,55 ","11,75 ","0,24","0,32","30,06 ","6375,00 ","1125,00 ","8,00 "
"1,3",25,"684,31 ","3,26 ","0,28","0,33","3,64 ","2340,00 ","130,00 ","19,23 "
"1,3",25,"638,69 ","5,22 ","0,26","0,32","5,70 ","2184,00 ","208,00 ","19,23 "
"1,3",20,"669,10 ","7,83 ","0,27","0,35","10,53 ","2860,00 ","390,00 ","15,38 "
"1,3",15,"745,13 ","9,40 ","0,28","0,33","16,76 ","4246,67 ","624,00 ","11,54 "
"1,3",15,"760,34 ","9,14 ","0,18","0,25","16,30 ","4333,33 ","606,67 ","11,54 "
"1,4",18,"821,17 ","10,44 ","0,2","0,26","16,73 ","4200,00 ","622,22 ","12,86 "
"1,3",11,"805,96 ","10,70 ","0,26","0,3","25,93 ","6263,64 ","969,09 ","8,46 "
"1,3",15,"805,96 ","12,40 ","0,25","0,32","22,06 ","4593,33 ","823,33 ","11,54 "
"1,5",15,"821,17 ","13,05 ","0,22","0,3","26,76 ","5400,00 ","1000,00 ","10,00 "
"0,9",12,"608,27 ","5,22 ","0,23","0,32","8,13 ","3000,00 ","300,00 ","13,33 "
"1,5",15,"729,93 ","9,79 ","0,24","0,32","20,10 ","4800,00 ","750,00 ","10,00 "
"1,8",15,"714,72 ","9,14 ","0,21","0,28","22,48 ","5640,00 ","840,00 ","8,33 "
"1,5",12,"760,34 ","14,36 ","0,27","0,35","36,69 ","6250,00 ","1375,00 ","8,00 "
"1,4",15,"775,55 ","13,05 ","0,26","0,34","24,97 ","4760,00 ","933,33 ","10,71 "
"1,5",14,"729,93 ","12,01 ","0,25","0,32","26,35 ","5142,86 ","985,71 ","9,33 "
"1,5",14,"749,70 ","12,01 ","0,25","0,32","26,36 ","5282,14 ","985,71 ","9,33 "
"1,5",12,"760,34 ","14,36 ","0,23","0,32","36,69 ","6250,00 ","1375,00 ","8,00 "
"1,5",12,"775,55 ","12,01 ","0,24","0,29","30,72 ","6375,00 ","1150,00 ","8,00 "
"1,5",12,"699,51 ","7,18 ","0,24","0,32","18,43 ","5750,00 ","687,50 ","8,00 "
"1,5",15,"669,10 ","9,14 ","0,26","0,33","18,76 ","4400,00 ","700,00 ","10,00 "
"1,5",12,"729,93 ","11,75 ","0,26","0,34","30,05 ","6000,00 ","1125,00 ","8,00 "
"1,6",15,"684,31 ","4,31 ","0,26","0,34","9,53 ","4800,00 ","352,00 ","9,38 "
"1,6",8,"745,13 ","9,14 ","0,3","0,38","37,35 ","9800,00 ","1400,00 ","5,00 "
"1,6",12,"699,51 ","9,14 ","0,27","0,35","24,95 ","6133,33 ","933,33 ","7,50 "
"1,5",15,"532,24 ","4,57 ","0,24","0,28","9,43 ","3500,00 ","350,00 ","10,00 "
"1,5",10,"562,65 ","3,92 ","0,23","0,29","12,09 ","5550,00 ","450,00 ","6,67 "
"1,6",12,"608,27 ","4,18 ","0,11","0,15","11,49 ","5333,33 ","426,67 ","7,50 "
"1,5",12,"699,51 ","7,83 ","0,29","0,38","20,09 ","5750,00 ","750,00 ","8,00 "
"1,5",10,"760,34 ","13,05 ","0,3","0,37","40,00 ","7500,00 ","1500,00 ","6,67 "
"1,5",10,"760,34 ","12,79 ","0,24","0,32","39,21 ","7500,00 ","1470,00 ","6,67 "
"1,5",15,"775,55 ","13,05 ","0,27","0,34","26,74 ","5100,00 ","1000,00 ","10,00 "
"1,5",30,"532,24 ","5,22 ","0,29","0,31","5,45 ","1750,00 ","200,00 ","20,00 "
"1,8",35,"638,69 ","14,36 ","0,3","0,4","15,18 ","2160,00 ","565,71 ","19,44 "
"1,5",17,"722,32 ","8,75 ","0,24","0,31","15,88 ","4191,18 ","591,18 ","11,33 "
"1,7",20,"729,93 ","12,79 ","0,27","0,35","22,30 ","4080,00 ","833,00 ","11,76 "
"1,7",20,"821,17 ","14,36 ","0,3","0,38","25,03 ","4590,00 ","935,00 ","11,76 "
"1,8",20,"882,00 ","10,97 ","0,29","0,36","20,30 ","5220,00 ","756,00 ","11,11 "
"1,6",20,"790,75 ","14,36 ","0,24","0,31","23,56 ","4160,00 ","880,00 ","12,50 "
"1,4",8,"882,00 ","9,40 ","0,3","0,38","33,67 ","10150,00 ","1260,00 ","5,71 "
"1,6",12,"684,31 ","6,53 ","0,28","0,31","17,88 ","6000,00 ","666,67 ","7,50 "
"1,6",10,"714,72 ","13,71 ","0,27","0,34","44,76 ","7520,00 ","1680,00 ","6,25 "
"1,6",12,"623,48 ","8,48 ","0,25","0,33","23,16 ","5466,67 ","866,67 ","7,50 "
"1,6",12,"684,31 ","14,36 ","0,23","0,31","39,10 ","6000,00 ","1466,67 ","7,50 "
"1,6",10,"760,34 ","14,36 ","0,28","0,37","46,90 ","8000,00 ","1760,00 ","6,25 "
"1,6",12,"714,72 ","13,05 ","0,27","0,35","35,57 ","6266,67 ","1333,33 ","7,50 "
"1,5",13,"684,31 ","14,36 ","0,23","0,31","33,86 ","5192,31 ","1269,23 ","8,67 "
"1,5",12,"745,13 ","12,40 ","0,26","0,33","31,71 ","6125,00 ","1187,50 ","8,00 "
"1,5",12,"714,72 ","11,75 ","0,25","0,33","30,04 ","5875,00 ","1125,00 ","8,00 "
"1,6",10,"729,93 ","12,40 ","0,28","0,34","40,52 ","7680,00 ","1520,00 ","6,25 "
"1,6",9,"760,34 ","14,36 ","0,28","0,36","52,09 ","8888,89 ","1955,56 ","5,63 "
"1,2",12,"805,96 ","4,70 ","0,32","0,37","9,77 ","5300,00 ","360,00 ","10,00 "
"1,2",15,"608,27 ","7,18 ","0,27","0,28","11,84 ","3200,00 ","440,00 ","12,50 "
"1,3",12,"790,75 ","11,10 ","0,26","0,31","24,65 ","5633,33 ","920,83 ","9,23 "
"1,5",6,"775,55 ","7,83 ","0,27","0,32","40,01 ","12750,00 ","1500,00 ","4,00 "
"1,6",12,"638,69 ","7,18 ","0,27","0,35","19,63 ","5600,00 ","733,33 ","7,50 "
"1,6",15,"669,10 ","11,75 ","0,28","0,36","25,65 ","4693,33 ","960,00 ","9,38 "
"1,5",11,"760,34 ","14,36 ","0,27","0,34","40,00 ","6818,18 ","1500,00 ","7,33 "
"1,6",15,"691,91 ","11,75 ","0,26","0,32","25,66 ","4853,33 ","960,00 ","9,38 "
"1,7",20,"669,10 ","10,44 ","0,25","0,28","18,22 ","3740,00 ","680,00 ","11,76 "
"1,6",7,"752,74 ","5,87 ","0,25","0,29","27,49 ","11314,29 ","1028,57 ","4,38 "
"1,3",10,"882,00 ","5,22 ","0,25","0,28","14,04 ","7540,00 ","520,00 ","7,69 "
"1,5",15,"608,27 ","5,22 ","0,27","0,28","10,78 ","4000,00 ","400,00 ","10,00 "
"1,6",12,"608,27 ","3,26 ","0,25","0,28","9,01 ","5333,33 ","333,33 ","7,50 "
"1,5",15,"577,86 ","5,22 ","0,27","0,32","10,77 ","3800,00 ","400,00 ","10,00 "
"1,5",10,"760,34 ","13,05 ","0,27","0,35","40,00 ","7500,00 ","1500,00 ","6,67 "
"1,5",10,"714,72 ","13,05 ","0,28","0,35","39,99 ","7050,00 ","1500,00 ","6,67 "
"1,5",13,"729,93 ","11,75 ","0,28","0,35","27,75 ","5538,46 ","1038,46 ","8,67 "
"1,5",13,"729,93 ","11,10 ","0,26","0,32","26,22 ","5538,46 ","980,77 ","8,67 "
"1,6",15,"547,45 ","5,22 ","0,27","0,31","11,47 ","3840,00 ","426,67 ","9,38 "
"1,6",10,"638,69 ","9,14 ","0,27","0,32","29,89 ","6720,00 ","1120,00 ","6,25 "
"1,6",12,"653,89 ","9,14 ","0,26","0,32","24,94 ","5733,33 ","933,33 ","7,50 "
"1,5",10,"653,89 ","11,75 ","0,24","0,3","35,99 ","6450,00 ","1350,00 ","6,67 "
"1,6",10,"684,31 ","11,75 ","0,27","0,31","38,39 ","7200,00 ","1440,00 ","6,25 "
"1,6",12,"653,89 ","11,75 ","0,25","0,32","32,01 ","5733,33 ","1200,00 ","7,50 "
"1,6",15,"653,89 ","10,44 ","0,25","0,31","22,82 ","4586,67 ","853,33 ","9,38 "
"1,6",15,"577,86 ","4,96 ","0,24","0,26","10,91 ","4053,33 ","405,33 ","9,38 "
"1,5",25,"486,62 ","5,22 ","0,24","0,27","6,50 ","1920,00 ","240,00 ","16,67 "
"1,5",15,"608,27 ","10,44 ","0,23","0,28","21,39 ","4000,00 ","800,00 ","10,00 "
"1,6",15,"562,65 ","9,79 ","0,26","0,31","21,38 ","3946,67 ","800,00 ","9,38 "
"1,4",10,"638,69 ","11,75 ","0,21","0,27","33,60 ","5880,00 ","1260,00 ","7,14 "
"1,5",20,"760,34 ","7,83 ","0,31","0,37","12,15 ","3750,00 ","450,00 ","13,33 "
"1,6",10,"760,34 ","8,48 ","0,25","0,31","27,80 ","8000,00 ","1040,00 ","6,25 "
"1,6",7,"760,34 ","14,36 ","0,23","0,28","66,91 ","11428,57 ","2514,29 ","4,38 "
"1,5",10,"745,13 ","11,75 ","0,27","0,33","36,02 ","7350,00 ","1350,00 ","6,67 "
"1,6",5,"760,34 ","11,75 ","0,25","0,32","76,61 ","16000,00 ","2880,00 ","3,13 "
"1,5",10,"790,75 ","9,14 ","0,26","0,32","28,07 ","7800,00 ","1050,00 ","6,67 "
"1,5",10,"775,55 ","13,05 ","0,26","0,31","40,01 ","7650,00 ","1500,00 ","6,67 "
"1,5",9,"745,13 ","13,05 ","0,28","0,33","44,42 ","8166,67 ","1666,67 ","6,00 "
"1,6",13,"790,75 ","15,66 ","0,28","0,34","39,40 ","6400,00 ","1476,92 ","8,13 "
"1,5",10,"790,75 ","13,05 ","0,26","0,32","40,01 ","7800,00 ","1500,00 ","6,67 "
"1,6",10,"760,34 ","11,10 ","0,29","0,35","36,29 ","8000,00 ","1360,00 ","6,25 "
"1,6",10,"790,75 ","11,36 ","0,29","0,35","37,15 ","8320,00 ","1392,00 ","6,25 "
"1,6",25,"608,27 ","2,61 ","0,3","0,27","3,56 ","2560,00 ","128,00 ","15,63 "
"1,6",20,"577,86 ","4,18 ","0,26","0,26","6,95 ","3040,00 ","256,00 ","12,50 "
"1,5",20,"590,02 ","4,62 ","0,26","0,3","7,21 ","2910,00 ","265,50 ","13,33 "
"1,5",15,"749,70 ","11,91 ","0,26","0,29","24,40 ","4930,00 ","912,00 ","10,00 "
"1,6",10,"729,93 ","9,14 ","0,26","0,27","29,91 ","7680,00 ","1120,00 ","6,25 "
"1,6",12,"760,34 ","10,44 ","0,27","0,31","28,51 ","6666,67 ","1066,67 ","7,50 "
"1,5",10,"809,00 ","12,98 ","0,26","0,29","39,78 ","7980,00 ","1491,00 ","6,67 "
"1,6",12,"775,55 ","2,22 ","0,33","0,33","6,23 ","6800,00 ","226,67 ","7,50 "
"1,5",15,"760,34 ","4,18 ","0,24","0,28","8,70 ","5000,00 ","320,00 ","10,00 "
"1,6",15,"653,89 ","6,53 ","0,24","0,28","14,33 ","4586,67 ","533,33 ","9,38 "
"1,5",15,"638,69 ","5,22 ","0,26","0,29","10,79 ","4200,00 ","400,00 ","10,00 "
"1,6",15,"699,51 ","7,83 ","0,24","0,29","17,17 ","4906,67 ","640,00 ","9,38 "
"1,6",10,"760,34 ","9,14 ","0,24","0,29","29,92 ","8000,00 ","1120,00 ","6,25 "
"1,5",8,"797,29 ","8,04 ","0,26","0,32","30,86 ","9830,63 ","1155,00 ","5,33 "
"1,4",10,"836,37 ","5,22 ","0,3","0,36","15,09 ","7700,00 ","560,00 ","7,14 "
"1,5",25,"714,72 ","9,14 ","0,26","0,31","11,34 ","2820,00 ","420,00 ","16,67 "
"1,5",25,"699,51 ","10,44 ","0,29","0,34","12,93 ","2760,00 ","480,00 ","16,67 "
"1,5",20,"729,93 ","10,44 ","0,29","0,33","16,12 ","3600,00 ","600,00 ","13,33 "
"1,5",15,"760,34 ","14,36 ","0,21","0,26","29,39 ","5000,00 ","1100,00 ","10,00 "
"1,6",15,"790,75 ","16,97 ","0,16","0,26","37,00 ","5546,67 ","1386,67 ","9,38 "
"1,5",15,"836,37 ","13,05 ","0,23","0,3","26,76 ","5500,00 ","1000,00 ","10,00 "
"1,5",15,"821,17 ","16,97 ","0,21","0,26","34,71 ","5400,00 ","1300,00 ","10,00 "
"1,6",35,"729,93 ","5,22 ","0,29","0,3","5,05 ","2194,29 ","182,86 ","21,88 "
"1,5",25,"790,75 ","10,44 ","0,22","0,28","12,95 ","3120,00 ","480,00 ","16,67 "
"1,6",8,"882,00 ","11,10 ","0,26","0,31","45,34 ","11600,00 ","1700,00 ","5,00 "
"1,5",20,"882,00 ","16,97 ","0,26","0,34","26,11 ","4350,00 ","975,00 ","13,33 "
"1,6",8,"912,41 ","13,05 ","0,28","0,35","53,31 ","12000,00 ","2000,00 ","5,00 "
"1,5",15,"882,00 ","16,97 ","0,28","0,36","34,73 ","5800,00 ","1300,00 ","10,00 "
"1,5",18,"790,75 ","14,36 ","0,33","0,37","24,54 ","4333,33 ","916,67 ","12,00 "
"1,5",30,"638,69 ","13,05 ","0,32","0,34","13,44 ","2100,00 ","500,00 ","20,00 "
"1,6",25,"760,34 ","11,75 ","0,27","0,31","15,49 ","3200,00 ","576,00 ","15,63 "
"1,5",15,"851,58 ","15,66 ","0,2","0,28","32,07 ","5600,00 ","1200,00 ","10,00 "
"1,6",25,"805,96 ","7,83 ","0,3","0,33","10,41 ","3392,00 ","384,00 ","15,63 "
"1,6",20,"821,17 ","13,05 ","0,23","0,29","21,45 ","4320,00 ","800,00 ","12,50 "
"1,6",10,"851,58 ","14,36 ","0,23","0,31","46,92 ","8960,00 ","1760,00 ","6,25 "
"1,6",20,"836,37 ","14,36 ","0,25","0,32","23,58 ","4400,00 ","880,00 ","12,50 "
"1,6",15,"790,75 ","13,05 ","0,21","0,26","28,52 ","5546,67 ","1066,67 ","9,38 "
"1,5",20,"805,96 ","14,36 ","0,22","0,28","22,11 ","3975,00 ","825,00 ","13,33 "
"1,6",10,"775,55 ","15,14 ","0,22","0,29","49,45 ","8160,00 ","1856,00 ","6,25 "
"1,6",15,"729,93 ","5,22 ","0,31","0,31","11,52 ","5120,00 ","426,67 ","9,38 "
"1,8",15,"66,91 ","3,92 ","0,26","0,29","9,57 ","528,00 ","360,00 ","8,33 "
"1,7",25,"729,93 ","10,44 ","0,3","0,38","14,63 ","3264,00 ","544,00 ","14,71 "
"1,8",25,"638,69 ","12,40 ","0,24","0,3","18,32 ","3024,00 ","684,00 ","13,89 "
"1,6",15,"669,10 ","9,14 ","0,25","0,34","19,99 ","4693,33 ","746,67 ","9,38 "
"1,8",15,"653,89 ","10,44 ","0,24","0,34","25,65 ","5160,00 ","960,00 ","8,33 "
1,12,"182,48 ","2,87 ","0,01","0,06","4,91 ","1000,00 ","183,33 ","12,00 "
"1,1",15,"228,10 ","3,26 ","0,01","0,07","4,93 ","1100,00 ","183,33 ","13,64 "
"1,2",17,"190,09 ","4,57 ","0,01","0,06","6,61 ","882,35 ","247,06 ","14,17 "
"1,2",21,"167,27 ","2,87 ","0,02","0,07","3,38 ","628,57 ","125,71 ","17,50 "
"1,2",22,"182,48 ","3,13 ","0,04","0,11","3,52 ","654,55 ","130,91 ","18,33 "
"1,2",26,"212,90 ","3,13 ","0,04","0,11","3,00 ","646,15 ","110,77 ","21,67 "
"1,3",25,"197,69 ","3,07 ","0,06","0,11","3,30 ","676,00 ","122,20 ","19,23 "
"1,2",23,"212,90 ","3,52 ","0,06","0,13","3,80 ","730,43 ","140,87 ","19,17 "
"1,2",30,"211,37 ","3,39 ","0,07","0,11","2,82 ","556,00 ","104,00 ","25,00 "
"1,2",28,"235,71 ","3,17 ","0,07","0,12","2,83 ","664,29 ","104,14 ","23,33 "
"1,3",27,"212,90 ","3,13 ","0,07","0,12","3,12 ","674,07 ","115,56 ","20,77 "
"1,3",28,"228,10 ","2,87 ","0,09","0,14","2,77 ","696,43 ","102,14 ","21,54 "
"1,3",27,"226,58 ","1,96 ","0,13","0,14","1,98 ","717,41 ","72,22 ","20,77 "
"1,3",32,"250,91 ","2,09 ","0,14","0,16","1,79 ","670,31 ","65,00 ","24,62 "
"1,3",32,"255,47 ","1,83 ","0,13","0,15","1,58 ","682,50 ","56,88 ","24,62 "
"1,3",28,"258,52 ","2,61 ","0,14","0,14","2,54 ","789,29 ","92,86 ","21,54 "
"1,3",32,"258,52 ","1,57 ","0,15","0,15","1,37 ","690,63 ","48,75 ","24,62 "
"1,3",30,"273,72 ","2,09 ","0,14","0,16","1,92 ","780,00 ","69,33 ","23,08 "
"1,3",30,"261,56 ","2,35 ","0,15","0,16","2,14 ","745,33 ","78,00 ","23,08 "
"1,3",30,"288,93 ","1,96 ","0,14","0,17","1,80 ","823,33 ","65,00 ","23,08 "
"1,5",30,"304,14 ","1,96 ","0,07","0,13","2,07 ","1000,00 ","75,00 ","20,00 "
"1,2",32,"319,34 ","3,13 ","0,07","0,13","2,48 ","787,50 ","90,00 ","26,67 "
"1,4",31,"307,18 ","3,17 ","0,06","0,12","3,00 ","912,26 ","109,74 ","22,14 "
"1,4",26,"304,14 ","2,65 ","0,08","0,11","2,98 ","1076,92 ","109,31 ","18,57 "
"1,3",30,"304,14 ","2,74 ","0,1","0,12","2,50 ","866,67 ","91,00 ","23,08 "
"1,4",35,"304,14 ","3,66 ","0,1","0,15","3,06 ","800,00 ","112,00 ","25,00 "
"1,4",35,"281,33 ","3,26 ","0,12","0,15","2,73 ","740,00 ","100,00 ","25,00 "
"1,3",34,"281,33 ","3,24 ","0,09","0,14","2,59 ","707,35 ","94,82 ","26,15 "
"1,3",35,"276,76 ","3,62 ","0,1","0,14","2,81 ","676,00 ","102,89 ","26,92 "
"1,3",37,"269,16 ","2,65 ","0,09","0,16","1,97 ","621,89 ","71,32 ","28,46 "
"1,2",28,"296,53 ","3,26 ","0,11","0,16","2,92 ","835,71 ","107,14 ","23,33 "
"1,4",40,"311,74 ","3,62 ","0,09","0,14","2,66 ","717,50 ","96,95 ","28,57 "
"1,4",36,"319,34 ","2,89 ","0,16","0,19","2,37 ","816,67 ","86,10 ","25,71 "
"1,3",30,"304,14 ","2,87 ","0,16","0,19","2,61 ","866,67 ","95,33 ","23,08 "
"1,5",36,"307,18 ","2,61 ","0,15","0,16","2,30 ","841,67 ","83,33 ","24,00 "
"1,5",34,"305,66 ","2,61 ","0,14","0,19","2,43 ","886,76 ","88,24 ","22,67 "
"1,3",30,"298,05 ","3,13 ","0,18","0,21","2,84 ","849,33 ","104,00 ","23,08 "
"1,2",28,"352,48 ","5,23 ","0,15","0,18","4,66 ","993,39 ","171,81 ","23,33 "
"1,4",28,"364,96 ","4,18 ","0,12","0,19","4,35 ","1200,00 ","160,00 ","20,00 "
"1,4",34,"349,76 ","3,52 ","0,09","0,16","3,05 ","947,06 ","111,18 ","24,29 "
"1,4",27,"364,96 ","4,31 ","0,14","0,17","4,64 ","1244,44 ","171,11 ","19,29 "
"1,4",23,"357,36 ","4,18 ","0,17","0,2","5,27 ","1430,43 ","194,78 ","16,43 "
"1,3",25,"349,76 ","2,87 ","0,15","0,19","3,13 ","1196,00 ","114,40 ","19,23 "
"1,4",22,"387,77 ","4,53 ","0,15","0,19","5,97 ","1622,73 ","220,82 ","15,71 "
"1,4",27,"368,00 ","4,70 ","0,16","0,17","5,05 ","1254,81 ","186,67 ","19,29 "
"1,4",25,"319,34 ","4,57 ","0,16","0,2","5,29 ","1176,00 ","196,00 ","17,86 "
"1,3",25,"374,09 ","5,87 ","0,15","0,19","6,31 ","1279,20 ","234,00 ","19,23 "
"1,4",24,"349,76 ","4,18 ","0,15","0,2","5,05 ","1341,67 ","186,67 ","17,14 "
"1,2",22,"387,77 ","6,66 ","0,14","0,2","7,49 ","1390,91 ","278,18 ","18,33 "
"1,4",27,"439,48 ","7,83 ","0,11","0,19","8,38 ","1498,52 ","311,11 ","19,29 "
"1,3",19,"462,29 ","4,28 ","0,09","0,16","6,08 ","2080,00 ","224,42 ","14,62 "
"1,3",12,"501,82 ","7,83 ","0,13","0,17","17,38 ","3575,00 ","650,00 ","9,23 "
"1,3",8,"460,77 ","6,46 ","0,11","0,15","21,47 ","4923,75 ","804,38 ","6,15 "
"1,3",9,"457,73 ","6,07 ","0,07","0,12","17,94 ","4347,78 ","671,67 ","6,92 "
"1,2",11,"482,06 ","4,44 ","0,09","0,16","9,97 ","3458,18 ","370,91 ","9,17 "
"1,1",15,"342,15 ","4,31 ","0,14","0,19","6,51 ","1650,00 ","242,00 ","13,64 "
"1,3",5,"412,10 ","5,87 ","0,17","0,21","31,15 ","7046,00 ","1170,00 ","3,85 "
"1,3",13,"444,04 ","6,30 ","0,13","0,17","12,94 ","2920,00 ","483,00 ","10,00 "
"1,3",7,"471,41 ","6,98 ","0,14","0,21","26,49 ","5757,14 ","993,57 ","5,38 "
"1,3",5,"486,62 ","8,48 ","0,14","0,2","44,97 ","8320,00 ","1690,00 ","3,85 "
"1,3",3,"471,41 ","6,74 ","0,15","0,2","59,45 ","13433,33 ","2236,00 ","2,31 "
"1,3",10,"512,38 ","10,44 ","0,1","0,16","27,73 ","4380,22 ","1040,00 ","7,69 "
"1,3",6,"471,41 ","9,22 ","0,12","0,15","40,71 ","6716,67 ","1529,67 ","4,62 "
"1,3",10,"486,62 ","9,40 ","0,16","0,21","24,96 ","4160,00 ","936,00 ","7,69 "
"1,3",8,"486,62 ","8,25 ","0,15","0,2","27,38 ","5200,00 ","1027,00 ","6,15 "
"1,3",5,"494,22 ","11,38 ","0,12","0,17","60,28 ","8450,00 ","2267,20 ","3,85 "
"1,3",5,"504,87 ","9,93 ","0,16","0,19","52,63 ","8632,00 ","1978,60 ","3,85 "
"1,2",10,"509,43 ","10,12 ","0,17","0,19","24,81 ","4020,00 ","930,00 ","8,33 "
"1,2",7,"503,35 ","9,10 ","0,13","0,16","31,84 ","5674,29 ","1194,86 ","5,83 "
"1,3",20,"380,17 ","8,09 ","0,15","0,18","10,80 ","1625,00 ","403,00 ","15,38 "
"1,2",7,"479,01 ","9,10 ","0,12","0,18","31,83 ","5400,00 ","1194,86 ","5,83 "
"1,3",6,"517,03 ","5,22 ","0,12","0,16","23,13 ","7366,67 ","866,67 ","4,62 "
"1,2",8,"501,82 ","9,79 ","0,16","0,23","29,98 ","4950,00 ","1125,00 ","6,67 "
"1,2",6,"517,03 ","9,79 ","0,13","0,18","39,93 ","6800,00 ","1500,00 ","5,00 "
"1,2",14,"434,91 ","4,73 ","0,14","0,16","8,35 ","2451,43 ","310,29 ","11,67 "
"1,3",12,"364,96 ","4,57 ","0,16","0,16","10,16 ","2600,00 ","379,17 ","9,23 "
"1,2",9,"456,20 ","6,66 ","0,07","0,11","18,17 ","4000,00 ","680,00 ","7,50 "
"1,3",11,"454,68 ","4,83 ","0,12","0,16","11,73 ","3533,64 ","437,27 ","8,46 "
"1,3",13,"425,79 ","9,27 ","0,15","0,19","18,95 ","2800,00 ","710,00 ","10,00 "
"1,3",10,"485,10 ","8,52 ","0,16","0,18","22,65 ","4147,00 ","848,90 ","7,69 "
"1,3",8,"469,89 ","6,27 ","0,16","0,2","20,82 ","5021,25 ","780,00 ","6,15 "
"1,2",10,"441,00 ","8,85 ","0,18","0,2","21,71 ","3480,00 ","813,60 ","8,33 "
"1,3",13,"459,25 ","9,40 ","0,15","0,19","19,23 ","3020,00 ","720,00 ","10,00 "
"1,3",7,"460,77 ","9,01 ","0,08","0,11","34,12 ","5627,14 ","1281,43 ","5,38 "
"1,3",10,"479,01 ","7,38 ","0,17","0,22","19,62 ","4095,00 ","734,50 ","7,69 "
"1,3",10,"441,00 ","8,48 ","0,16","0,2","22,54 ","3770,00 ","845,00 ","7,69 "
"1,3",22,"395,38 ","5,68 ","0,17","0,21","6,93 ","1536,36 ","257,05 ","16,92 "
"1,3",15,"441,00 ","9,14 ","0,17","0,21","16,22 ","2513,33 ","606,67 ","11,54 "
"1,4",17,"441,00 ","7,18 ","0,15","0,2","12,14 ","2388,24 ","452,94 ","12,14 "
"1,3",7,"456,20 ","8,75 ","0,16","0,19","33,13 ","5571,43 ","1244,29 ","5,38 "
"1,3",8,"471,41 ","8,22 ","0,18","0,22","27,29 ","5037,50 ","1023,75 ","6,15 "
"1,3",14,"453,16 ","9,14 ","0,18","0,22","17,37 ","2767,14 ","650,00 ","10,77 "
"1,3",15,"471,41 ","8,35 ","0,17","0,22","14,84 ","2686,67 ","554,67 ","11,54 "
"1,3",12,"456,20 ","7,18 ","0,16","0,2","15,93 ","3250,00 ","595,83 ","9,23 "
"1,3",18,"463,81 ","7,18 ","0,14","0,19","10,67 ","2202,78 ","397,22 ","13,85 "
"1,3",12,"486,62 ","7,18 ","0,17","0,22","15,94 ","3466,67 ","595,83 ","9,23 "
"1,3",25,"471,41 ","7,83 ","0,18","0,2","8,41 ","1612,00 ","312,00 ","19,23 "
"1,3",25,"471,41 ","7,18 ","0,16","0,21","7,72 ","1612,00 ","286,00 ","19,23 "
"1,3",18,"410,58 ","6,27 ","0,18","0,22","9,31 ","1950,00 ","346,67 ","13,85 "
"1,4",23,"439,48 ","6,27 ","0,19","0,21","7,87 ","1759,13 ","292,17 ","16,43 "
"1,3",23,"410,58 ","5,48 ","0,19","0,23","6,41 ","1526,09 ","237,39 ","17,69 "
"1,3",32,"453,16 ","7,05 ","0,18","0,23","5,95 ","1210,63 ","219,38 ","24,62 "
"1,3",30,"471,41 ","7,18 ","0,17","0,21","6,45 ","1343,33 ","238,33 ","23,08 "
"1,3",30,"456,20 ","5,87 ","0,17","0,21","5,30 ","1300,00 ","195,00 ","23,08 "
"1,3",22,"471,41 ","7,05 ","0,17","0,2","8,60 ","1831,82 ","319,09 ","16,92 "
"1,3",19,"425,79 ","6,66 ","0,17","0,2","9,37 ","1915,79 ","348,95 ","14,62 "
"1,3",20,"349,76 ","5,48 ","0,2","0,2","7,34 ","1495,00 ","273,00 ","15,38 "
"1,4",30,"352,80 ","4,44 ","0,2","0,21","4,31 ","1082,67 ","158,67 ","21,43 "
"1,3",20,"326,95 ","3,05 ","0,19","0,22","4,13 ","1397,50 ","152,10 ","15,38 "
"1,3",40,"383,21 ","4,18 ","0,17","0,2","2,87 ","819,00 ","104,00 ","30,77 "
"1,3",38,"412,10 ","4,15 ","0,19","0,22","3,00 ","927,11 ","108,79 ","29,23 "
"1,3",25,"319,34 ","4,18 ","0,18","0,19","4,50 ","1092,00 ","166,40 ","19,23 "
"1,3",25,"334,55 ","4,05 ","0,18","0,2","4,37 ","1144,00 ","161,20 ","19,23 "
"1,3",51,"337,59 ","4,09 ","0,18","0,2","2,21 ","565,88 ","79,78 ","39,23 "
"1,4",40,"380,17 ","4,83 ","0,19","0,2","3,54 ","875,00 ","129,50 ","28,57 "
"1,4",39,"407,54 ","5,03 ","0,19","0,22","3,78 ","962,05 ","138,21 ","27,86 "
"1,3",40,"456,20 ","7,70 ","0,18","0,23","5,21 ","975,00 ","191,75 ","30,77 "
"1,3",40,"448,60 ","7,18 ","0,16","0,2","4,87 ","958,75 ","178,75 ","30,77 "
"1,4",33,"445,56 ","6,83 ","0,16","0,18","6,01 ","1243,03 ","221,88 ","23,57 "
"1,3",39,"407,54 ","7,11 ","0,17","0,17","4,93 ","893,33 ","181,67 ","30,00 "
"1,3",33,"366,48 ","5,35 ","0,17","0,21","4,39 ","949,39 ","161,52 ","25,38 "
"1,3",30,"364,96 ","5,74 ","0,17","0,18","5,16 ","1040,00 ","190,67 ","23,08 "
"1,4",35,"407,54 ","5,78 ","0,17","0,21","4,81 ","1072,00 ","177,20 ","25,00 "
"1,4",41,"389,29 ","4,35 ","0,17","0,2","3,12 ","874,15 ","113,71 ","29,29 "
"1,4",44,"319,34 ","2,25 ","0,18","0,19","1,54 ","668,18 ","54,73 ","31,43 "
"1,4",35,"349,76 ","2,19 ","0,18","0,18","1,88 ","920,00 ","67,20 ","25,00 "
"1,4",45,"349,76 ","3,26 ","0,15","0,19","2,16 ","715,56 ","77,78 ","32,14 "
"1,5",44,"404,50 ","4,74 ","0,16","0,2","3,40 ","906,82 ","123,75 ","29,33 "
"1,3",43,"384,73 ","5,61 ","0,18","0,2","3,56 ","764,88 ","130,00 ","33,08 "
"1,4",45,"342,15 ","4,01 ","0,18","0,21","2,63 ","700,00 ","95,51 ","32,14 "
"1,5",50,"364,96 ","3,92 ","0,18","0,18","2,49 ","720,00 ","90,00 ","33,33 "
"1,5",55,"357,36 ","3,66 ","0,18","0,18","2,12 ","640,91 ","76,36 ","36,67 "
"1,3",45,"364,96 ","4,18 ","0,2","0,22","2,55 ","693,33 ","92,44 ","34,62 "
"1,3",40,"395,38 ","4,86 ","0,18","0,2","3,32 ","845,00 ","120,90 ","30,77 "
"1,5",53,"395,38 ","5,87 ","0,18","0,21","3,49 ","735,85 ","127,36 ","35,33 "
"1,5",45,"425,79 ","6,53 ","0,18","0,21","4,54 ","933,33 ","166,67 ","30,00 "
"1,3",34,"425,79 ","5,22 ","0,2","0,21","4,18 ","1070,59 ","152,94 ","26,15 "
"1,3",30,"380,17 ","3,26 ","0,21","0,21","2,98 ","1083,33 ","108,33 ","23,08 "
"1,3",40,"319,34 ","3,92 ","0,19","0,19","2,68 ","682,50 ","97,50 ","30,77 "
"1,3",45,"349,76 ","2,61 ","0,18","0,19","1,63 ","664,44 ","57,78 ","34,62 "
"1,3",40,"349,76 ","3,26 ","0,19","0,19","2,25 ","747,50 ","81,25 ","30,77 "
"1,3",40,"372,57 ","4,05 ","0,18","0,18","2,78 ","796,25 ","100,75 ","30,77 "
"1,4",35,"364,96 ","4,31 ","0,19","0,19","3,60 ","960,00 ","132,00 ","25,00 "
"1,5",40,"384,73 ","4,44 ","0,18","0,2","3,49 ","948,75 ","127,50 ","26,67 "
"1,3",14,"486,62 ","4,57 ","0,17","0,24","8,76 ","2971,43 ","325,00 ","10,77 "
"1,3",30,"396,90 ","5,16 ","0,17","0,23","4,65 ","1131,00 ","171,17 ","23,08 "
"1,5",35,"380,17 ","4,44 ","0,19","0,23","3,97 ","1071,43 ","145,71 ","23,33 "
"1,4",35,"384,73 ","5,39 ","0,17","0,19","4,49 ","1012,00 ","165,20 ","25,00 "
"1,3",40,"334,55 ","5,48 ","0,16","0,17","3,71 ","715,00 ","136,50 ","30,77 "
"1,4",41,"334,55 ","5,25 ","0,17","0,19","3,73 ","751,22 ","137,27 ","29,29 "
"1,4",28,"378,65 ","3,07 ","0,17","0,17","3,22 ","1245,00 ","117,50 ","20,00 "
"1,4",40,"322,38 ","4,03 ","0,17","0,17","2,96 ","742,00 ","108,15 ","28,57 "
"1,5",45,"333,03 ","4,87 ","0,17","0,17","3,39 ","730,00 ","124,33 ","30,00 "
"1,5",42,"342,15 ","4,54 ","0,18","0,19","3,39 ","803,57 ","124,29 ","28,00 "
"1,4",32,"342,15 ","2,74 ","0,19","0,2","2,53 ","984,38 ","91,88 ","22,86 "
"1,3",44,"308,70 ","4,40 ","0,18","0,18","2,73 ","599,77 ","99,57 ","33,85 "
"1,4",30,"349,76 ","3,92 ","0,17","0,19","3,81 ","1073,33 ","140,00 ","21,43 "
"1,4",25,"364,96 ","3,92 ","0,16","0,17","4,56 ","1344,00 ","168,00 ","17,86 "
"1,4",22,"364,96 ","5,22 ","0,14","0,18","6,85 ","1527,27 ","254,55 ","15,71 "
"1,2",35,"380,17 ","3,72 ","0,14","0,19","2,70 ","857,14 ","97,71 ","29,17 "
"1,3",30,"380,17 ","5,61 ","0,13","0,18","5,05 ","1083,33 ","186,33 ","23,08 "
"1,3",35,"380,17 ","5,61 ","0,17","0,18","4,34 ","928,57 ","159,71 ","26,92 "
"1,4",25,"418,19 ","6,53 ","0,13","0,17","7,54 ","1540,00 ","280,00 ","17,86 "
"1,4",35,"328,47 ","5,61 ","0,15","0,19","4,65 ","864,00 ","172,00 ","25,00 "
"1,3",37,"355,84 ","6,92 ","0,28","0,14","5,04 ","822,16 ","186,22 ","28,46 "
"1,4",27,"395,38 ","4,37 ","0,15","0,18","4,72 ","1348,15 ","173,70 ","19,29 "
"1,4",38,"342,15 ","7,57 ","0,15","0,18","5,76 ","828,95 ","213,68 ","27,14 "
"1,4",32,"336,07 ","4,31 ","0,17","0,18","3,92 ","966,88 ","144,38 ","22,86 "
"1,3",35,"334,55 ","4,57 ","0,15","0,16","3,54 ","817,14 ","130,00 ","26,92 "
"1,3",35,"334,55 ","4,18 ","0,16","0,18","3,25 ","817,14 ","118,86 ","26,92 "
"1,3",42,"342,15 ","4,57 ","0,14","0,14","2,97 ","696,43 ","108,33 ","32,31 "
"1,3",39,"329,99 ","3,66 ","0,17","0,17","2,57 ","723,33 ","93,33 ","30,00 "
"1,3",38,"357,36 ","4,83 ","0,17","0,18","3,46 ","803,95 ","126,58 ","29,23 "
"1,4",35,"342,15 ","4,57 ","0,13","0,15","3,81 ","900,00 ","140,00 ","25,00 "
"1,3",45,"340,63 ","5,93 ","0,14","0,17","3,57 ","647,11 ","131,16 ","34,62 "
"1,4",35,"349,76 ","4,57 ","0,13","0,13","3,81 ","920,00 ","140,00 ","25,00 "
"1,4",35,"349,76 ","5,61 ","0,12","0,18","4,66 ","920,00 ","172,00 ","25,00 "
"1,4",34,"326,95 ","4,57 ","0,09","0,14","3,91 ","885,29 ","144,12 ","24,29 "
"1,4",25,"364,96 ","5,74 ","0,14","0,14","6,64 ","1344,00 ","246,40 ","17,86 "
"1,3",25,"410,58 ","7,18 ","0,17","0,24","7,70 ","1404,00 ","286,00 ","19,23 "
"1,3",35,"402,98 ","6,92 ","0,18","0,19","5,33 ","984,29 ","196,86 ","26,92 "
"1,2",35,"386,71 ","6,92 ","0,12","0,19","4,93 ","871,89 ","181,71 ","29,17 "
"1,4",41,"279,81 ","4,80 ","0,15","0,18","3,41 ","628,29 ","125,66 ","29,29 "
"1,4",27,"325,43 ","3,63 ","0,15","0,15","3,91 ","1109,63 ","144,15 ","19,29 "
"1,4",35,"304,14 ","3,92 ","0,17","0,17","3,27 ","800,00 ","120,00 ","25,00 "
"1,5",49,"305,66 ","3,30 ","0,17","0,17","2,14 ","615,31 ","77,45 ","32,67 "
"1,3",45,"349,76 ","4,83 ","0,17","0,19","2,93 ","664,44 ","106,89 ","34,62 "
"1,3",45,"348,24 ","4,44 ","0,16","0,17","2,70 ","661,56 ","98,22 ","34,62 "
"1,4",20,"364,96 ","3,13 ","0,17","0,17","4,56 ","1680,00 ","168,00 ","14,29 "
"1,4",35,"334,55 ","3,26 ","0,16","0,16","2,75 ","880,00 ","100,00 ","25,00 "
"1,3",35,"334,55 ","3,00 ","0,17","0,19","2,36 ","817,14 ","85,43 ","26,92 "
"1,4",38,"313,26 ","3,26 ","0,16","0,16","2,53 ","758,95 ","92,11 ","27,14 "
"1,4",32,"319,34 ","3,26 ","0,16","0,15","2,99 ","918,75 ","109,38 ","22,86 "
"1,3",37,"348,24 ","3,00 ","0,14","0,15","2,24 ","804,59 ","80,81 ","28,46 "
"1,3",35,"349,76 ","3,13 ","0,14","0,16","2,46 ","854,29 ","89,14 ","26,92 "
"1,4",40,"319,34 ","3,13 ","0,17","0,17","2,32 ","735,00 ","84,00 ","28,57 "
"1,4",40,"288,93 ","2,61 ","0,17","0,17","1,94 ","665,00 ","70,00 ","28,57 "
"1,4",38,"319,34 ","3,00 ","0,15","0,15","2,34 ","773,68 ","84,74 ","27,14 "
"1,4",40,"311,74 ","3,39 ","0,16","0,16","2,50 ","717,50 ","91,00 ","28,57 "
"1,3",40,"352,80 ","3,03 ","0,17","0,19","2,10 ","754,00 ","75,40 ","30,77 "
"1,3",40,"334,55 ","2,87 ","0,17","0,18","1,99 ","715,00 ","71,50 ","30,77 "
"1,4",35,"334,55 ","3,39 ","0,14","0,14","2,85 ","880,00 ","104,00 ","25,00 "
"1,4",45,"334,55 ","3,66 ","0,17","0,17","2,40 ","684,44 ","87,11 ","32,14 "
"1,4",40,"334,55 ","3,39 ","0,16","0,16","2,51 ","770,00 ","91,00 ","28,57 "
"1,4",35,"319,34 ","3,39 ","0,17","0,17","2,85 ","840,00 ","104,00 ","25,00 "
"1,3",45,"339,11 ","2,87 ","0,17","0,18","1,78 ","644,22 ","63,56 ","34,62 "
"1,3",45,"334,55 ","3,00 ","0,17","0,19","1,86 ","635,56 ","66,44 ","34,62 "
"1,4",32,"319,34 ","3,00 ","0,17","0,17","2,76 ","918,75 ","100,63 ","22,86 "
"1,4",40,"304,14 ","2,61 ","0,12","0,12","1,94 ","700,00 ","70,00 ","28,57 "
"1,3",40,"349,76 ","2,94 ","0,18","0,19","2,04 ","747,50 ","73,13 ","30,77 "
"1,3",40,"342,15 ","3,00 ","0,18","0,19","2,08 ","731,25 ","74,75 ","30,77 "
"1,4",40,"281,33 ","2,09 ","0,15","0,14","1,56 ","647,50 ","56,00 ","28,57 "
"1,4",40,"273,72 ","2,74 ","0,16","0,16","2,03 ","630,00 ","73,50 ","28,57 "
"1,3",40,"349,76 ","2,88 ","0,17","0,19","2,00 ","747,50 ","71,83 ","30,77 "
"1,3",40,"349,76 ","3,13 ","0,18","0,2","2,17 ","747,50 ","78,00 ","30,77 "
"1,3",40,"342,15 ","3,07 ","0,17","0,19","2,12 ","731,25 ","76,38 ","30,77 "
"1,4",40,"319,34 ","3,00 ","0,18","0,18","2,22 ","735,00 ","80,50 ","28,57 "
"1,4",40,"304,14 ","2,35 ","0,18","0,18","1,76 ","700,00 ","63,00 ","28,57 "
"1,4",38,"316,30 ","2,61 ","0,17","0,19","2,04 ","766,32 ","73,68 ","27,14 "
"1,3",40,"342,15 ","2,94 ","0,18","0,19","2,03 ","731,25 ","73,13 ","30,77 "
"1,3",45,"342,15 ","3,00 ","0,17","0,19","1,86 ","650,00 ","66,44 ","34,62 "
"1,3",45,"349,76 ","2,96 ","0,17","0,19","1,84 ","664,44 ","65,58 ","34,62 "
"1,4",35,"308,70 ","2,61 ","0,18","0,18","2,21 ","812,00 ","80,00 ","25,00 "
"1,4",40,"304,14 ","2,01 ","0,18","0,18","1,51 ","700,00 ","53,90 ","28,57 "
"1,4",38,"304,14 ","2,61 ","0,17","0,19","2,04 ","736,84 ","73,68 ","27,14 "
"1,3",40,"342,15 ","2,96 ","0,18","0,19","2,05 ","731,25 ","73,78 ","30,77 "
"1,3",40,"357,36 ","3,13 ","0,18","0,19","2,17 ","763,75 ","78,00 ","30,77 "
"1,3",40,"339,11 ","3,13 ","0,17","0,18","2,16 ","724,75 ","78,00 ","30,77 "
"1,4",45,"319,34 ","3,79 ","0,16","0,19","2,48 ","653,33 ","90,22 ","32,14 "
"1,4",45,"308,70 ","3,26 ","0,17","0,21","2,15 ","631,56 ","77,78 ","32,14 "
"1,4",40,"329,99 ","3,13 ","0,16","0,18","2,32 ","759,50 ","84,00 ","28,57 "
"1,3",40,"345,19 ","3,13 ","0,17","0,19","2,17 ","737,75 ","78,00 ","30,77 "
"1,3",40,"342,15 ","3,13 ","0,17","0,19","2,16 ","731,25 ","78,00 ","30,77 "
"1,3",40,"349,76 ","3,39 ","0,17","0,19","2,34 ","747,50 ","84,50 ","30,77 "
"1,3",40,"352,80 ","3,46 ","0,15","0,18","2,38 ","754,00 ","86,13 ","30,77 "
"1,4",45,"326,95 ","3,39 ","0,13","0,17","2,24 ","668,89 ","80,89 ","32,14 "
"1,4",45,"304,14 ","2,61 ","0,13","0,17","1,74 ","622,22 ","62,22 ","32,14 "
"1,4",45,"288,93 ","2,61 ","0,13","0,16","1,73 ","591,11 ","62,22 ","32,14 "
"1,4",45,"304,14 ","2,61 ","0,13","0,16","1,74 ","622,22 ","62,22 ","32,14 "
"1,3",40,"334,55 ","3,20 ","0,13","0,18","2,21 ","715,00 ","79,63 ","30,77 "
"1,3",40,"342,15 ","3,07 ","0,13","0,17","2,12 ","731,25 ","76,38 ","30,77 "
"1,3",40,"339,11 ","3,13 ","0,13","0,19","2,16 ","724,75 ","78,00 ","30,77 "
"1,3",40,"345,19 ","4,18 ","0,12","0,19","2,85 ","737,75 ","104,00 ","30,77 "
"1,4",46,"304,14 ","3,13 ","0,11","0,17","2,02 ","608,70 ","73,04 ","32,86 "
"1,4",40,"329,99 ","3,66 ","0,1","0,17","2,69 ","759,50 ","98,00 ","28,57 "
"1,4",38,"334,55 ","3,39 ","0,13","0,19","2,63 ","810,53 ","95,79 ","27,14 "
"1,3",40,"372,57 ","4,31 ","0,13","0,17","2,95 ","796,25 ","107,25 ","30,77 "
"1,3",33,"385,19 ","4,57 ","0,17","0,22","3,76 ","997,85 ","137,88 ","25,38 "
"1,4",38,"364,96 ","5,22 ","0,17","0,23","4,01 ","884,21 ","147,37 ","27,14 "
"1,3",40,"372,57 ","4,57 ","0,16","0,22","3,12 ","796,25 ","113,75 ","30,77 "
"1,4",35,"357,36 ","3,92 ","0,17","0,2","3,28 ","940,00 ","120,00 ","25,00 "
"1,3",33,"395,38 ","4,57 ","0,17","0,19","3,77 ","1024,24 ","137,88 ","25,38 "
"1,3",18,"433,39 ","4,57 ","0,17","0,2","6,83 ","2058,33 ","252,78 ","13,85 "
"1,3",30,"418,19 ","4,18 ","0,16","0,19","3,79 ","1191,67 ","138,67 ","23,08 "
"1,3",25,"425,79 ","4,44 ","0,17","0,25","4,81 ","1456,00 ","176,80 ","19,23 "
"1,4",25,"456,20 ","5,22 ","0,17","0,23","6,07 ","1680,00 ","224,00 ","17,86 "
"1,5",20,"471,41 ","6,79 ","0,16","0,22","10,48 ","2325,00 ","390,00 ","13,33 "
"1,3",20,"486,62 ","7,70 ","0,17","0,2","10,31 ","2080,00 ","383,50 ","15,38 "
"1,3",21,"471,41 ","7,05 ","0,17","0,2","9,00 ","1919,05 ","334,29 ","16,15 "
"1,4",25,"456,20 ","7,31 ","0,15","0,22","8,45 ","1680,00 ","313,60 ","17,86 "
"1,4",25,"456,20 ","7,31 ","0,17","0,23","8,45 ","1680,00 ","313,60 ","17,86 "
"1,5",30,"425,79 ","7,31 ","0,17","0,24","7,55 ","1400,00 ","280,00 ","20,00 "
"1,3",38,"479,01 ","7,64 ","0,16","0,21","5,44 ","1077,63 ","200,13 ","29,23 "
"1,4",15,"532,24 ","6,53 ","0,17","0,24","12,53 ","3266,67 ","466,67 ","10,71 "
"1,5",20,"562,65 ","9,14 ","0,18","0,25","14,08 ","2775,00 ","525,00 ","13,33 "
"1,3",18,"593,07 ","11,62 ","0,16","0,21","17,22 ","2816,67 ","642,78 ","13,85 "
"1,3",15,"620,44 ","11,36 ","0,16","0,21","20,17 ","3536,00 ","754,00 ","11,54 "
"1,4",15,"608,27 ","9,53 ","0,18","0,23","18,24 ","3733,33 ","681,33 ","10,71 "
"1,4",15,"608,27 ","9,53 ","0,17","0,22","18,24 ","3733,33 ","681,33 ","10,71 "
"1,3",8,"669,10 ","10,31 ","0,15","0,2","34,24 ","7150,00 ","1283,75 ","6,15 "
"1,4",45,"380,17 ","2,35 ","0,17","0,17","1,59 ","777,78 ","56,00 ","32,14 "
"1,5",20,"418,19 ","4,44 ","0,14","0,19","6,88 ","2062,50 ","255,00 ","13,33 "
"1,4",10,"517,03 ","7,18 ","0,15","0,19","20,57 ","4760,00 ","770,00 ","7,14 "
"1,2",12,"517,03 ","6,79 ","0,19","0,24","13,94 ","3400,00 ","520,00 ","10,00 "
"1,5",15,"501,82 ","9,14 ","0,16","0,23","18,71 ","3300,00 ","700,00 ","10,00 "
"1,3",15,"532,24 ","9,79 ","0,16","0,2","17,39 ","3033,33 ","650,00 ","11,54 "
"1,3",15,"501,82 ","9,53 ","0,16","0,22","16,92 ","2860,00 ","632,67 ","11,54 "
"1,2",7,"539,84 ","8,48 ","0,15","0,2","29,71 ","6085,71 ","1114,29 ","5,83 "
"1,2",9,"402,98 ","9,40 ","0,15","0,2","25,58 ","3533,33 ","960,00 ","7,50 "
"1,3",15,"532,24 ","10,05 ","0,16","0,22","17,85 ","3033,33 ","667,33 ","11,54 "
"1,3",20,"471,41 ","6,53 ","0,19","0,23","8,75 ","2015,00 ","325,00 ","15,38 "
"1,4",15,"465,33 ","6,53 ","0,16","0,21","12,51 ","2856,00 ","466,67 ","10,71 "
"1,3",14,"501,82 ","8,48 ","0,17","0,23","16,15 ","3064,29 ","603,57 ","10,77 "
"1,4",10,"471,41 ","7,18 ","0,18","0,22","20,56 ","4340,00 ","770,00 ","7,14 "
"1,4",10,"486,62 ","7,18 ","0,17","0,21","20,56 ","4480,00 ","770,00 ","7,14 "
"1,3",18,"501,82 ","7,18 ","0,18","0,2","10,68 ","2383,33 ","397,22 ","13,85 "
"1,3",15,"547,45 ","9,79 ","0,18","0,22","17,39 ","3120,00 ","650,00 ","11,54 "
"1,3",14,"539,84 ","7,83 ","0,19","0,21","14,93 ","3296,43 ","557,14 ","10,77 "
"1,3",20,"441,00 ","5,22 ","0,18","0,21","7,02 ","1885,00 ","260,00 ","15,38 "
"1,3",12,"479,01 ","5,22 ","0,17","0,21","11,63 ","3412,50 ","433,33 ","9,23 "
"1,3",28,"425,79 ","6,14 ","0,18","0,21","5,91 ","1300,00 ","218,21 ","21,54 "
"1,3",20,"501,82 ","6,53 ","0,2","0,26","8,76 ","2145,00 ","325,00 ","15,38 "
"1,3",35,"441,00 ","8,48 ","0,15","0,2","6,53 ","1077,14 ","241,43 ","26,92 "
"1,3",10,"486,62 ","7,83 ","0,16","0,22","20,83 ","4160,00 ","780,00 ","7,69 "
"1,3",15,"593,07 ","13,05 ","0,18","0,24","23,16 ","3380,00 ","866,67 ","11,54 "
"1,3",10,"547,45 ","11,75 ","0,19","0,23","31,19 ","4680,00 ","1170,00 ","7,69 "
"1,3",12,"471,41 ","11,10 ","0,17","0,19","24,56 ","3358,33 ","920,83 ","9,23 "
"1,3",15,"486,62 ","11,10 ","0,17","0,22","19,68 ","2773,33 ","736,67 ","11,54 "
"1,3",15,"456,20 ","9,01 ","0,18","0,23","15,99 ","2600,00 ","598,00 ","11,54 "
"1,3",12,"517,03 ","9,79 ","0,18","0,22","21,70 ","3683,33 ","812,50 ","9,23 "
"1,3",18,"456,20 ","8,48 ","0,19","0,22","12,58 ","2166,67 ","469,44 ","13,85 "
"1,3",14,"460,77 ","10,31 ","0,17","0,22","19,59 ","2813,57 ","733,57 ","10,77 "
"1,3",20,"448,60 ","10,44 ","0,18","0,24","13,92 ","1917,50 ","520,00 ","15,38 "
"1,3",20,"410,58 ","10,18 ","0,18","0,22","13,56 ","1755,00 ","507,00 ","15,38 "
"1,3",12,"486,62 ","8,62 ","0,18","0,22","19,10 ","3466,67 ","715,00 ","9,23 "
"1,3",15,"456,20 ","7,83 ","0,19","0,23","13,92 ","2600,00 ","520,00 ","11,54 "
"1,3",18,"410,58 ","9,14 ","0,19","0,21","13,53 ","1950,00 ","505,56 ","13,85 "
"1,3",12,"456,20 ","9,14 ","0,19","0,23","20,24 ","3250,00 ","758,33 ","9,23 "
"1,3",23,"402,98 ","8,88 ","0,21","0,24","10,31 ","1497,83 ","384,35 ","17,69 "
"1,3",30,"448,60 ","6,53 ","0,19","0,21","5,87 ","1278,33 ","216,67 ","23,08 "
"1,3",20,"433,39 ","9,79 ","0,21","0,23","13,05 ","1852,50 ","487,50 ","15,38 "
"1,3",28,"395,38 ","9,01 ","0,21","0,24","8,61 ","1207,14 ","320,36 ","21,54 "
"1,3",20,"425,79 ","8,48 ","0,18","0,22","11,33 ","1820,00 ","422,50 ","15,38 "
"1,3",27,"402,98 ","7,70 ","0,2","0,23","7,65 ","1275,93 ","284,07 ","20,77 "
"1,3",15,"410,58 ","7,70 ","0,19","0,22","13,68 ","2340,00 ","511,33 ","11,54 "
"1,3",15,"433,39 ","6,53 ","0,18","0,21","11,62 ","2470,00 ","433,33 ","11,54 "
"1,3",8,"430,35 ","7,18 ","0,17","0,19","23,83 ","4598,75 ","893,75 ","6,15 "
"1,4",13,"501,82 ","7,83 ","0,17","0,22","17,28 ","3553,85 ","646,15 ","9,29 "
"1,3",8,"539,84 ","7,70 ","0,17","0,21","25,58 ","5768,75 ","958,75 ","6,15 "
"1,3",18,"494,22 ","7,70 ","0,17","0,2","11,44 ","2347,22 ","426,11 ","13,85 "
"1,3",12,"517,03 ","9,79 ","0,18","0,2","21,70 ","3683,33 ","812,50 ","9,23 "
"1,3",17,"456,20 ","9,27 ","0,17","0,19","14,53 ","2294,12 ","542,94 ","13,08 "
"1,3",20,"448,60 ","7,31 ","0,18","0,19","9,78 ","1917,50 ","364,00 ","15,38 "
"1,3",23,"448,60 ","9,01 ","0,17","0,21","10,47 ","1667,39 ","390,00 ","17,69 "
"1,3",25,"410,58 ","9,14 ","0,17","0,21","9,77 ","1404,00 ","364,00 ","19,23 "
"1,3",15,"486,62 ","10,44 ","0,19","0,23","18,53 ","2773,33 ","693,33 ","11,54 "
"1,3",16,"441,00 ","11,49 ","0,19","0,21","19,09 ","2356,25 ","715,00 ","12,31 "
"1,3",15,"456,20 ","11,62 ","0,2","0,21","20,59 ","2600,00 ","771,33 ","11,54 "
"1,3",12,"517,03 ","9,40 ","0,2","0,24","20,84 ","3683,33 ","780,00 ","9,23 "
"1,3",12,"534,06 ","11,10 ","0,2","0,23","24,58 ","3804,67 ","920,83 ","9,23 "
"1,3",15,"380,17 ","4,57 ","0,17","0,19","8,15 ","2166,67 ","303,33 ","11,54 "
"1,3",10,"471,41 ","7,83 ","0,17","0,23","20,82 ","4030,00 ","780,00 ","7,69 "
"1,6",11,"456,20 ","9,79 ","0,14","0,19","29,07 ","4363,64 ","1090,91 ","6,88 "
"1,4",12,"471,41 ","9,79 ","0,16","0,2","23,34 ","3616,67 ","875,00 ","8,57 "
"1,4",5,"547,45 ","9,79 ","0,16","0,22","55,86 ","10080,00 ","2100,00 ","3,57 "
"1,4",10,"486,62 ","9,66 ","0,16","0,21","27,62 ","4480,00 ","1036,00 ","7,14 "
"1,5",10,"471,41 ","11,49 ","0,13","0,18","35,15 ","4650,00 ","1320,00 ","6,67 "
"1,5",7,"479,01 ","9,79 ","0,16","0,23","42,77 ","6750,00 ","1607,14 ","4,67 "
"1,4",8,"494,22 ","10,44 ","0,14","0,17","37,28 ","5687,50 ","1400,00 ","5,71 "
"1,5",8,"532,24 ","7,57 ","0,12","0,2","29,00 ","6562,50 ","1087,50 ","5,33 "
"1,7",5,"212,90 ","2,22 ","0,17","0,01","15,39 ","4760,00 ","578,00 ","2,94 "
"1,6",8,"197,69 ","3,26 ","0,16","0,03","13,32 ","2600,00 ","500,00 ","5,00 "
"1,7",8,"212,90 ","3,39 ",0,"0,01","14,72 ","2975,00 ","552,50 ","4,71 "
"1,5",10,"258,52 ","4,57 ","0,09","0,1","14,00 ","2550,00 ","525,00 ","6,67 "
"1,7",12,"258,52 ","3,79 ","0,11","0,13","10,97 ","2408,33 ","410,83 ","7,06 "
"1,4",8,"258,52 ","4,18 ","0,05","0,12","14,93 ","2975,00 ","560,00 ","5,71 "
"1,4",5,"288,93 ","6,27 ","0,11","0,15","35,73 ","5320,00 ","1344,00 ","3,57 "
"1,4",8,"197,69 ","4,57 ","0,01","0,06","16,30 ","2275,00 ","612,50 ","5,71 "
"1,4",8,"182,48 ","3,66 ","0,04","0,13","13,05 ","2100,00 ","490,00 ","5,71 "
"1,4",5,"364,96 ","6,53 ","0,12","0,18","37,24 ","6720,00 ","1400,00 ","3,57 "
"1,4",6,"380,17 ","5,87 ","0,14","0,14","27,96 ","5833,33 ","1050,00 ","4,29 "
"1,5",5,"319,34 ","4,18 ","0,09","0,12","25,56 ","6300,00 ","960,00 ","3,33 "
"1,5",8,"380,17 ","5,87 ","0,09","0,13","22,49 ","4687,50 ","843,75 ","5,33 "
"1,4",8,"425,79 ","9,14 ","0,12","0,17","32,61 ","4900,00 ","1225,00 ","5,71 "
"1,5",7,"258,52 ","4,96 ","0,06","0,14","21,67 ","3642,86 ","814,29 ","4,67 "
"1,4",5,"349,76 ","5,87 ","0,11","0,15","33,52 ","6440,00 ","1260,00 ","3,57 "
"1,7",8,"190,09 ","3,66 ",0,0,"15,84 ","2656,25 ","595,00 ","4,71 "
"1,7",10,"174,88 ","3,26 ",0,"0,02","11,32 ","1955,00 ","425,00 ","5,88 "
"1,7",9,"270,68 ","4,83 ","0,05","0,13","18,61 ","3362,22 ","698,89 ","5,29 "
"1,6",8,"273,72 ","9,14 ",0,"0,03","37,21 ","3600,00 ","1400,00 ","5,00 "
"1,7",8,"349,76 ","7,83 ","0,12","0,17","33,92 ","4887,50 ","1275,00 ","4,71 "
"1,6",7,"349,76 ","8,09 ","0,03","0,08","37,69 ","5257,14 ","1417,14 ","4,38 "
"1,7",8,"197,69 ","3,00 ",0,"0,03","13,02 ","2762,50 ","488,75 ","4,71 "
"1,7",6,"197,69 ","3,00 ",0,"0,04","17,34 ","3683,33 ","651,67 ","3,53 "
"1,6",8,"197,69 ","2,61 ","0,02","0,03","10,67 ","2600,00 ","400,00 ","5,00 "
"1,7",8,"197,69 ","3,26 ",0,"0,04","14,15 ","2762,50 ","531,25 ","4,71 "
"1,8",15,"197,69 ","5,22 ",0,0,"12,79 ","1560,00 ","480,00 ","8,33 "
"1,7",10,"197,69 ","3,92 ",0,"0,03","13,58 ","2210,00 ","510,00 ","5,88 "
"1,6",10,"197,69 ","4,31 ",0,"0,03","14,06 ","2080,00 ","528,00 ","6,25 "
"1,7",10,"197,69 ","3,92 ",0,"0,04","13,58 ","2210,00 ","510,00 ","5,88 "
"1,7",14,"197,69 ","5,22 ",0,"0,03","12,94 ","1578,57 ","485,71 ","8,24 "
"1,7",8,"205,29 ","3,39 ",0,"0,04","14,71 ","2868,75 ","552,50 ","4,71 "
"1,7",10,"179,44 ","3,79 ",0,"0,04","13,13 ","2006,00 ","493,00 ","5,88 "
"1,7",10,"200,73 ","3,00 ",0,"0,04","10,43 ","2244,00 ","391,00 ","5,88 "
"1,8",11,"194,65 ","3,79 ",0,"0,04","12,64 ","2094,55 ","474,55 ","6,11 "
"1,8",15,"197,69 ","5,22 ",0,"0,04","12,79 ","1560,00 ","480,00 ","8,33 "
"1,7",12,"167,27 ","3,52 ",0,"0,04","10,19 ","1558,33 ","382,50 ","7,06 "
"1,7",13,"206,81 ","4,44 ",0,"0,04","11,85 ","1778,46 ","444,62 ","7,65 "
"1,7",10,"205,29 ","4,57 ",0,"0,04","15,84 ","2295,00 ","595,00 ","5,88 "
"1,8",12,"193,13 ","3,66 ",0,"0,04","11,20 ","1905,00 ","420,00 ","6,67 "
"1,8",8,"212,90 ","3,66 ",0,"0,04","16,77 ","3150,00 ","630,00 ","4,44 "
"1,8",8,"228,10 ","3,79 ",0,"0,03","17,37 ","3375,00 ","652,50 ","4,44 "
"1,8",9,"228,10 ","3,52 ",0,"0,04","14,39 ","3000,00 ","540,00 ","5,00 "
"1,8",10,"212,90 ","3,92 ",0,"0,03","14,38 ","2520,00 ","540,00 ","5,56 "
"1,8",10,"212,90 ","3,26 ",0,"0,03","12,00 ","2520,00 ","450,00 ","5,56 "
"1,7",13,"212,90 ","3,92 ",0,"0,03","10,47 ","1830,77 ","392,31 ","7,65 "
"1,8",10,"205,29 ","4,18 ",0,"0,04","15,34 ","2430,00 ","576,00 ","5,56 "
"1,8",10,"159,67 ","3,92 ",0,"0,04","14,37 ","1890,00 ","540,00 ","5,56 "
"1,8",10,"174,88 ","3,26 ",0,"0,05","11,99 ","2070,00 ","450,00 ","5,56 "
"1,7",12,"168,80 ","2,74 ","0,07","0,03","7,94 ","1572,50 ","297,50 ","7,06 "
"1,8",12,"167,27 ","3,92 ",0,"0,03","11,98 ","1650,00 ","450,00 ","6,67 "
"1,8",15,"217,46 ","4,31 ","0,07","0,03","10,57 ","1716,00 ","396,00 ","8,33 "
"1,8",10,"212,90 ","3,66 ",0,"0,03","13,43 ","2520,00 ","504,00 ","5,56 "
"1,7",15,"190,09 ","4,71 ","0,06","0,03","10,91 ","1416,67 ","409,13 ","8,82 "
"1,8",10,"197,69 ","3,92 ",0,"0,03","14,38 ","2340,00 ","540,00 ","5,56 "
"1,8",15,"174,88 ","3,79 ",0,"0,03","9,28 ","1380,00 ","348,00 ","8,33 "
"1,8",15,"167,27 ","3,94 ","0,07","0,03","9,66 ","1320,00 ","362,40 ","8,33 "
"1,8",15,"167,27 ","4,57 ",0,"0,03","11,19 ","1320,00 ","420,00 ","8,33 "
"1,7",14,"167,27 ","3,93 ","0,07","0,05","9,74 ","1335,71 ","365,50 ","8,24 "
"1,8",12,"182,48 ","3,92 ",0,"0,03","11,99 ","1800,00 ","450,00 ","6,67 "
"1,8",13,"180,96 ","3,89 ","0,07","0,03","11,00 ","1647,69 ","412,62 ","7,22 "
"1,8",10,"205,29 ","4,18 ",0,"0,03","15,34 ","2430,00 ","576,00 ","5,56 "
"1,8",7,"231,60 ","3,02 ","0,07","0,03","15,82 ","3916,29 ","594,00 ","3,89 "
"1,7",13,"211,37 ","3,45 ",0,"0,03","9,22 ","1817,69 ","345,23 ","7,65 "
"1,8",8,"217,46 ","4,18 ","0,07","0,03","19,16 ","3217,50 ","720,00 ","4,44 "
"1,9",8,"243,31 ","3,92 ",0,"0,03","18,97 ","3800,00 ","712,50 ","4,21 "
"1,8",10,"182,48 ","4,57 ",0,"0,03","16,76 ","2160,00 ","630,00 ","5,56 "
"1,8",10,"228,10 ","4,57 ",0,"0,03","16,78 ","2700,00 ","630,00 ","5,56 "
"1,8",14,"180,96 ","4,97 ",0,"0,03","13,04 ","1530,00 ","489,86 ","7,78 "
"1,8",15,"167,27 ","3,39 ","0,01","0,04","8,32 ","1320,00 ","312,00 ","8,33 "
"1,8",15,"136,86 ","3,92 ",0,"0,03","9,59 ","1080,00 ","360,00 ","8,33 "
"1,8",13,"197,69 ","4,05 ",0,"0,03","11,44 ","1800,00 ","429,23 ","7,22 "
"1,8",10,"197,69 ","3,92 ",0,"0,03","14,38 ","2340,00 ","540,00 ","5,56 "
"1,8",13,"182,48 ","3,00 ",0,"0,06","8,50 ","1661,54 ","318,46 ","7,22 "
"1,8",15,"167,27 ","3,66 ",0,"0,04","8,96 ","1320,00 ","336,00 ","8,33 "
"1,8",12,"197,69 ","2,87 ",0,"0,03","8,81 ","1950,00 ","330,00 ","6,67 "
"1,8",10,"212,90 ","3,66 ",0,"0,03","13,43 ","2520,00 ","504,00 ","5,56 "
"1,8",10,"243,31 ","3,00 ",0,"0,03","11,05 ","2880,00 ","414,00 ","5,56 "
"1,8",10,"228,10 ","3,79 ",0,"0,03","13,91 ","2700,00 ","522,00 ","5,56 "
"1,8",10,"220,50 ","3,00 ",0,"0,03","11,04 ","2610,00 ","414,00 ","5,56 "
"1,8",12,"220,50 ","3,92 ",0,"0,03","12,00 ","2175,00 ","450,00 ","6,67 "
"1,8",10,"319,34 ","3,00 ","0,05","0,1","11,07 ","3780,00 ","414,00 ","5,56 "
"1,8",12,"334,55 ","5,48 ","0,01","0,07","16,81 ","3300,00 ","630,00 ","6,67 "
"1,8",10,"395,38 ","3,00 ","0,15","0,19","11,09 ","4680,00 ","414,00 ","5,56 "
"1,8",8,"471,41 ","4,18 ","0,13","0,21","19,23 ","6975,00 ","720,00 ","4,44 "
"1,8",8,"319,34 ","3,92 ","0,05","0,09","17,99 ","4725,00 ","675,00 ","4,44 "
"1,5",13,"471,41 ","7,38 ","0,17","0,21","17,42 ","3576,92 ","651,92 ","8,67 "
"1,5",10,"471,41 ","10,18 ","0,18","0,22","31,17 ","4650,00 ","1170,00 ","6,67 "
"1,4",12,"471,41 ","8,22 ","0,18","0,21","19,63 ","3616,67 ","735,00 ","8,57 "
"1,5",10,"471,41 ","8,48 ","0,18","0,22","26,00 ","4650,00 ","975,00 ","6,67 "
"1,4",15,"456,20 ","7,57 ","0,18","0,23","14,49 ","2800,00 ","541,33 ","10,71 "
"1,4",10,"486,62 ","8,48 ","0,18","0,22","24,28 ","4480,00 ","910,00 ","7,14 "
"1,4",10,"486,62 ","9,14 ","0,15","0,21","26,13 ","4480,00 ","980,00 ","7,14 "
"1,4",8,"486,62 ","8,88 ","0,19","0,24","31,70 ","5600,00 ","1190,00 ","5,71 "
"1,4",10,"471,41 ","9,66 ","0,16","0,2","27,61 ","4340,00 ","1036,00 ","7,14 "
"1,4",13,"479,01 ","8,48 ","0,16","0,2","18,70 ","3392,31 ","700,00 ","9,29 "
"1,4",5,"486,62 ","11,10 ","0,15","0,22","63,27 ","8960,00 ","2380,00 ","3,57 "
"1,4",8,"486,62 ","9,79 ","0,15","0,21","34,95 ","5600,00 ","1312,50 ","5,71 "
"1,5","6,5","477,04 ","10,83 ","0,12","0,17","50,94 ","7239,23 ","1915,38 ","4,33 "
"1,6",15,"413,63 ","5,87 ","0,14","0,18","12,85 ","2901,33 ","480,00 ","9,38 "
"1,6",8,"501,82 ","7,18 ","0,17","0,23","29,32 ","6600,00 ","1100,00 ","5,00 "
"1,5",5,"501,82 ","10,18 ","0,08","0,14","62,21 ","9900,00 ","2340,00 ","3,33 "
"1,4",15,"577,86 ","11,75 ","0,16","0,23","22,44 ","3546,67 ","840,00 ","10,71 "
"1,4",7,"532,24 ","11,75 ","0,18","0,24","47,90 ","7000,00 ","1800,00 ","5,00 "
"1,4",13,"501,82 ","11,10 ","0,18","0,23","24,42 ","3553,85 ","915,38 ","9,29 "
"1,5",10,"494,22 ","10,38 ","0,17","0,23","31,77 ","4875,00 ","1192,50 ","6,67 "
"1,4",10,"547,45 ","11,75 ","0,2","0,25","33,58 ","5040,00 ","1260,00 ","7,14 "
"1,5",7,"562,65 ","10,44 ","0,2","0,25","45,63 ","7928,57 ","1714,29 ","4,67 "
"1,5",25,"517,03 ","5,22 ","0,18","0,18","6,51 ","2040,00 ","240,00 ","16,67 "
"1,5",35,"501,82 ","8,48 ","0,22","0,22","7,53 ","1414,29 ","278,57 ","23,33 "
"1,5",20,"517,03 ","9,14 ","0,18","0,21","14,07 ","2550,00 ","525,00 ","13,33 "
"1,3",5,"760,34 ","16,97 ","0,22","0,3","89,87 ","13000,00 ","3380,00 ","3,85 "
"1,3",10,"699,51 ","16,71 ","0,2","0,27","44,34 ","5980,00 ","1664,00 ","7,69 "
"1,5",8,"714,72 ","16,97 ","0,21","0,25","64,86 ","8812,50 ","2437,50 ","5,33 "
"1,4",10,"684,31 ","15,01 ","0,23","0,28","42,90 ","6300,00 ","1610,00 ","7,14 "
"1,4",20,"638,69 ","9,79 ","0,22","0,28","14,10 ","2940,00 ","525,00 ","14,29 "
"1,4",20,"661,50 ","9,14 ","0,24","0,32","13,18 ","3045,00 ","490,00 ","14,29 "
"1,3",15,"669,10 ","10,44 ","0,24","0,35","18,58 ","3813,33 ","693,33 ","11,54 "
"1,4",15,"760,34 ","11,10 ","0,24","0,33","21,26 ","4666,67 ","793,33 ","10,71 "
"1,4",15,"760,34 ","9,79 ","0,23","0,31","18,78 ","4666,67 ","700,00 ","10,71 "
"1,4",15,"790,75 ","11,75 ","0,23","0,34","22,50 ","4853,33 ","840,00 ","10,71 "
"1,3",15,"760,34 ","11,75 ","0,23","0,31","20,90 ","4333,33 ","780,00 ","11,54 "
"1,4",15,"745,13 ","9,14 ","0,23","0,34","17,54 ","4573,33 ","653,33 ","10,71 "
"1,3",12,"813,56 ","9,46 ","0,24","0,32","21,06 ","5795,83 ","785,42 ","9,23 "
"1,3",12,"866,79 ","7,38 ","0,24","0,32","16,48 ","6175,00 ","612,08 ","9,23 "
"1,4",15,"851,58 ","10,44 ","0,23","0,32","20,04 ","5226,67 ","746,67 ","10,71 "
"1,3",15,"129,26 ","11,10 ","0,23","0,31","19,58 ","736,67 ","736,67 ","11,54 "
"1,4",25,"129,26 ","11,10 ","0,22","0,28","12,66 ","476,00 ","476,00 ","17,86 "
"1,3",15,"167,27 ","14,36 ","0,19","0,26","25,34 ","953,33 ","953,33 ","11,54 "
"1,3",8,"821,17 ","15,66 ","0,22","0,31","51,96 ","8775,00 ","1950,00 ","6,15 "
"1,3",7,"836,37 ","16,97 ","0,22","0,3","64,28 ","10214,29 ","2414,29 ","5,38 "
"1,4",20,"577,86 ","6,53 ","0,22","0,32","9,45 ","2660,00 ","350,00 ","14,29 "
"1,3",15,"608,27 ","11,75 ","0,15","0,24","20,86 ","3466,67 ","780,00 ","11,54 "
"1,4",12,"638,69 ","13,05 ","0,2","0,28","31,13 ","4900,00 ","1166,67 ","8,57 "
"1,4",13,"684,31 ","13,05 ","0,19","0,27","28,76 ","4846,15 ","1076,92 ","9,29 "
"1,3",13,"623,48 ","11,75 ","0,2","0,26","24,05 ","4100,00 ","900,00 ","10,00 "
"1,4",12,"653,89 ","11,75 ","0,2","0,25","28,04 ","5016,67 ","1050,00 ","8,57 "
"1,4",12,"836,37 ","14,36 ","0,19","0,26","34,28 ","6416,67 ","1283,33 ","8,57 "
"1,5",14,"836,37 ","14,36 ","0,19","0,26","31,50 ","5892,86 ","1178,57 ","9,33 "
"1,6",12,"684,31 ","14,36 ","0,18","0,24","39,10 ","6000,00 ","1466,67 ","7,50 "
"1,5",15,"653,89 ","14,36 ","0,2","0,26","29,36 ","4300,00 ","1100,00 ","10,00 "
"1,4",15,"676,70 ","16,97 ","0,19","0,25","32,37 ","4153,33 ","1213,33 ","10,71 "
"1,4",11,"684,31 ","15,66 ","0,2","0,26","40,70 ","5727,27 ","1527,27 ","7,86 "
"1,5",30,"547,45 ","5,22 ","0,25","0,29","5,46 ","1800,00 ","200,00 ","20,00 "
"1,5",25,"517,03 ","5,87 ","0,25","0,27","7,31 ","2040,00 ","270,00 ","16,67 "
"1,6",20,"456,20 ","5,22 ","0,26","0,31","8,62 ","2400,00 ","320,00 ","12,50 "
"1,5",20,"544,40 ","7,44 ","0,25","0,32","11,49 ","2685,00 ","427,50 ","13,33 "
"1,6",10,"684,31 ","15,66 ","0,24","0,3","51,12 ","7200,00 ","1920,00 ","6,25 "
"1,6",10,"684,31 ","15,01 ","0,22","0,3","49,00 ","7200,00 ","1840,00 ","6,25 "
"1,7",10,"714,72 ","14,62 ","0,27","0,32","50,71 ","7990,00 ","1904,00 ","5,88 "
"1,6",8,"714,72 ","15,66 ","0,24","0,3","63,86 ","9400,00 ","2400,00 ","5,00 "
"1,5",20,"501,82 ","7,18 ","0,23","0,27","11,08 ","2475,00 ","412,50 ","13,33 "
"1,5",10,"653,89 ","11,10 ","0,25","0,31","34,00 ","6450,00 ","1275,00 ","6,67 "
"1,6",10,"684,31 ","14,36 ","0,24","0,31","46,88 ","7200,00 ","1760,00 ","6,25 "
"1,5",8,"653,89 ","13,71 ","0,24","0,29","52,41 ","8062,50 ","1968,75 ","5,33 "
"1,6",15,"699,51 ","15,40 ","0,24","0,31","33,58 ","4906,67 ","1258,67 ","9,38 "
"1,5",8,"684,31 ","15,66 ","0,29","0,38","59,88 ","8437,50 ","2250,00 ","5,33 "
"1,5",15,"517,03 ","3,92 ","0,29","0,28","8,10 ","3400,00 ","300,00 ","10,00 "
"1,7",18,"441,00 ","4,96 ","0,25","0,3","9,64 ","2738,89 ","358,89 ","10,59 "
"1,6",15,"471,41 ","6,24 ","0,24","0,32","13,66 ","3306,67 ","509,87 ","9,38 "
"1,6",12,"603,71 ","13,05 ","0,25","0,32","35,54 ","5293,33 ","1333,33 ","7,50 "
"1,5",10,"669,10 ","13,05 ","0,24","0,32","39,98 ","6600,00 ","1500,00 ","6,67 "
"1,8",15,"608,27 ","13,05 ","0,24","0,31","32,00 ","4800,00 ","1200,00 ","8,33 "
"1,8",15,"608,27 ","11,75 ","0,25","0,33","28,82 ","4800,00 ","1080,00 ","8,33 "
"1,6",15,"694,95 ","14,10 ","0,25","0,31","30,75 ","4874,67 ","1152,00 ","9,38 "
"1,6",18,"638,69 ","12,79 ","0,25","0,28","23,29 ","3733,33 ","871,11 ","11,25 "
"1,6",20,"638,69 ","11,75 ","0,25","0,31","19,28 ","3360,00 ","720,00 ","12,50 "
"1,6",15,"684,31 ","13,05 ","0,26","0,32","28,49 ","4800,00 ","1066,67 ","9,38 "
"1,6",13,"710,16 ","12,66 ","0,27","0,32","31,87 ","5747,69 ","1193,85 ","8,13 "
"1,7",10,"699,51 ","13,71 ","0,26","0,23","47,55 ","7820,00 ","1785,00 ","5,88 "
"1,8",12,"722,32 ","15,66 ","0,27","0,33","47,95 ","7125,00 ","1800,00 ","6,67 "
"1,6",12,"684,31 ","12,86 ","0,25","0,31","35,03 ","6000,00 ","1313,33 ","7,50 "
"1,6",14,"729,93 ","14,62 ","0,25","0,31","34,16 ","5485,71 ","1280,00 ","8,75 "
"1,5",12,"654,05 ","6,92 ","0,25","0,31","17,76 ","5376,25 ","662,50 ","8,00 "
"1,5",13,"593,07 ","5,22 ","0,25","0,31","12,41 ","4500,00 ","461,54 ","8,67 "
"1,6",12,"512,47 ","5,22 ","0,2","0,24","14,29 ","4493,33 ","533,33 ","7,50 "
"1,7",13,"501,82 ","4,57 ","0,24","0,28","12,28 ","4315,38 ","457,69 ","7,65 "
"1,6",18,"471,41 ","5,22 ","0,25","0,29","9,56 ","2755,56 ","355,56 ","11,25 "
"1,7",18,"486,62 ","6,53 ","0,24","0,29","12,66 ","3022,22 ","472,22 ","10,59 "
"1,5",12,"532,24 ","5,48 ","0,24","0,31","14,07 ","4375,00 ","525,00 ","8,00 "
"1,5",14,"507,91 ","9,14 ","0,25","0,31","20,04 ","3578,57 ","750,00 ","9,33 "
"1,7",10,"570,26 ","9,40 ","0,24","0,27","32,63 ","6375,00 ","1224,00 ","5,88 "
"1,7",15,"547,45 ","9,53 ","0,25","0,31","22,10 ","4080,00 ","827,33 ","8,82 "
"1,6",12,"471,41 ","7,70 ","0,22","0,26","21,00 ","4133,33 ","786,67 ","7,50 "
"1,6",8,"532,24 ","8,48 ","0,24","0,29","34,63 ","7000,00 ","1300,00 ","5,00 "
"1,6",15,"684,31 ","10,18 ","0,23","0,28","22,26 ","4800,00 ","832,00 ","9,38 "
"1,6",13,"623,48 ","11,75 ","0,23","0,29","29,56 ","5046,15 ","1107,69 ","8,13 "
"1,5",12,"486,62 ","4,70 ","0,21","0,25","12,07 ","4000,00 ","450,00 ","8,00 "
"1,5",15,"501,82 ","4,57 ","0,27","0,3","9,42 ","3300,00 ","350,00 ","10,00 "
"1,5",15,"501,82 ","5,22 ","0,2","0,25","10,75 ","3300,00 ","400,00 ","10,00 "
"1,6",10,"653,89 ","14,36 ","0,25","0,33","46,87 ","6880,00 ","1760,00 ","6,25 "
"1,6",10,"684,31 ","15,66 ","0,24","0,31","51,12 ","7200,00 ","1920,00 ","6,25 "
"1,5",10,"471,41 ","3,66 ","0,25","0,31","11,27 ","4650,00 ","420,00 ","6,67 "
"1,5",11,"441,00 ","4,57 ","0,24","0,29","12,78 ","3954,55 ","477,27 ","7,33 "
"1,4",8,"653,89 ","13,05 ","0,24","0,32","46,60 ","7525,00 ","1750,00 ","5,71 "
"1,4",10,"608,27 ","15,66 ","0,25","0,31","44,74 ","5600,00 ","1680,00 ","7,14 "
"1,5",10,"593,07 ","14,10 ","0,23","0,3","43,14 ","5850,00 ","1620,00 ","6,67 "
"1,4",12,"517,03 ","7,31 ","0,23","0,3","17,47 ","3966,67 ","653,33 ","8,57 "
"1,5",12,"638,69 ","11,36 ","0,26","0,32","29,03 ","5250,00 ","1087,50 ","8,00 "
"1,5",12,"541,36 ","9,53 ","0,23","0,29","24,36 ","4450,00 ","912,50 ","8,00 "
"1,5",13,"562,65 ","11,64 ","0,24","0,3","27,46 ","4269,23 ","1029,23 ","8,67 "
"1,5",15,"562,65 ","15,66 ","0,24","0,31","31,99 ","3700,00 ","1200,00 ","10,00 "
"1,4",18,"608,27 ","13,05 ","0,23","0,28","20,80 ","3111,11 ","777,78 ","12,86 "
"1,4",20,"684,31 ","13,05 ","0,24","0,31","18,76 ","3150,00 ","700,00 ","14,29 "
"1,5",12,"684,31 ","13,05 ","0,22","0,3","33,35 ","5625,00 ","1250,00 ","8,00 "
"1,4",15,"425,79 ","3,79 ","0,26","0,29","7,30 ","2613,33 ","270,67 ","10,71 "
"1,5",15,"428,83 ","3,92 ","0,24","0,31","8,08 ","2820,00 ","300,00 ","10,00 "
"1,4",15,"479,01 ","6,27 ","0,24","0,31","12,02 ","2940,00 ","448,00 ","10,71 "
"1,5",18,"517,03 ","6,53 ","0,26","0,31","11,20 ","2833,33 ","416,67 ","12,00 "
"1,5",20,"532,24 ","6,27 ","0,22","0,28","9,70 ","2625,00 ","360,00 ","13,33 "
"1,4",18,"532,24 ","7,18 ","0,23","0,29","11,50 ","2722,22 ","427,78 ","12,86 "
"1,4",16,"561,13 ","8,48 ","0,24","0,3","15,24 ","3228,75 ","568,75 ","11,43 "
"1,5",17,"547,45 ","8,48 ","0,23","0,29","15,37 ","3176,47 ","573,53 ","11,33 "
"1,5",17,"532,24 ","7,83 ","0,25","0,31","14,19 ","3088,24 ","529,41 ","11,33 "
"1,5",20,"555,05 ","8,48 ","0,26","0,32","13,09 ","2737,50 ","487,50 ","13,33 "
"1,6",20,"565,69 ","8,88 ","0,24","0,3","14,59 ","2976,00 ","544,00 ","12,50 "
"1,6",20,"494,22 ","8,48 ","0,23","0,3","13,93 ","2600,00 ","520,00 ","12,50 "
"1,5",20,"562,65 ","8,48 ","0,26","0,34","13,09 ","2775,00 ","487,50 ","13,33 "
"1,6",20,"547,45 ","7,18 ","0,22","0,29","11,82 ","2880,00 ","440,00 ","12,50 "
"1,5",20,"555,05 ","7,18 ","0,22","0,29","11,10 ","2737,50 ","412,50 ","13,33 "
"1,7",18,"605,23 ","7,96 ","0,25","0,34","15,45 ","3758,89 ","576,11 ","10,59 "
"1,7",20,"608,27 ","8,48 ","0,26","0,35","14,83 ","3400,00 ","552,50 ","11,76 "
"1,5",25,"532,24 ","9,14 ","0,21","0,27","11,29 ","2100,00 ","420,00 ","16,67 "
"1,7",25,"524,64 ","6,53 ","0,2","0,28","9,17 ","2346,00 ","340,00 ","14,71 "
"1,6",30,"532,24 ","7,83 ","0,2","0,27","8,64 ","1866,67 ","320,00 ","18,75 "
"1,6",30,"593,07 ","8,88 ","0,23","0,3","9,79 ","2080,00 ","362,67 ","18,75 "
"1,6",30,"593,07 ","7,83 ","0,21","0,29","8,65 ","2080,00 ","320,00 ","18,75 "
"1,5",30,"577,86 ","8,48 ","0,2","0,27","8,78 ","1900,00 ","325,00 ","20,00 "
"1,5",30,"577,86 ","8,48 ","0,26","0,31","8,78 ","1900,00 ","325,00 ","20,00 "
"1,5",30,"608,27 ","8,48 ","0,21","0,28","8,79 ","2000,00 ","325,00 ","20,00 "
"1,6",25,"623,48 ","7,18 ","0,23","0,3","9,51 ","2624,00 ","352,00 ","15,63 "
"1,6",25,"623,48 ","7,18 ","0,24","0,32","9,51 ","2624,00 ","352,00 ","15,63 "
"1,5",22,"653,89 ","7,83 ","0,2","0,26","11,03 ","2931,82 ","409,09 ","14,67 "
"1,5",20,"653,89 ","8,88 ","0,2","0,24","13,71 ","3225,00 ","510,00 ","13,33 "
"1,6",12,"676,70 ","6,53 ","0,2","0,25","17,87 ","5933,33 ","666,67 ","7,50 "
"1,6",15,"669,10 ","6,53 ","0,2","0,26","14,33 ","4693,33 ","533,33 ","9,38 "
"1,6",20,"638,69 ","6,53 ","0,2","0,26","10,79 ","3360,00 ","400,00 ","12,50 "
"1,7",13,"711,68 ","6,27 ","0,2","0,28","16,85 ","6120,00 ","627,69 ","7,65 "
"1,7",10,"714,72 ","6,79 ","0,22","0,28","23,65 ","7990,00 ","884,00 ","5,88 "
"1,6",18,"737,53 ","7,18 ","0,23","0,31","13,17 ","4311,11 ","488,89 ","11,25 "
"1,7",13,"729,93 ","7,44 ","0,22","0,29","19,98 ","6276,92 ","745,38 ","7,65 "
"1,6",15,"608,27 ","6,27 ","0,23","0,3","13,75 ","4266,67 ","512,00 ","9,38 "
"1,5",25,"608,27 ","6,53 ","0,24","0,3","8,13 ","2400,00 ","300,00 ","16,67 "
"1,6",30,"547,45 ","5,87 ","0,2","0,26","6,52 ","1920,00 ","240,00 ","18,75 "
"1,5",30,"532,24 ","6,53 ","0,21","0,27","6,78 ","1750,00 ","250,00 ","20,00 "
"1,6",30,"547,45 ","7,18 ","0,22","0,28","7,93 ","1920,00 ","293,33 ","18,75 "
"1,6",30,"547,45 ","7,83 ","0,22","0,28","8,64 ","1920,00 ","320,00 ","18,75 "
"1,6",17,"608,27 ","6,40 ","0,22","0,29","12,40 ","3764,71 ","461,18 ","10,63 "
"1,5",20,"623,48 ","6,53 ","0,21","0,29","10,12 ","3075,00 ","375,00 ","13,33 "
"1,6",20,"638,69 ","7,83 ","0,22","0,28","12,91 ","3360,00 ","480,00 ","12,50 "
"1,6",25,"623,48 ","7,83 ","0,22","0,29","10,36 ","2624,00 ","384,00 ","15,63 "
"1,5",25,"623,48 ","7,83 ","0,25","0,31","9,72 ","2460,00 ","360,00 ","16,67 "
"1,7",25,"631,08 ","9,14 ","0,24","0,31","12,80 ","2822,00 ","476,00 ","14,71 "
"1,7",25,"623,48 ","8,48 ","0,23","0,31","11,90 ","2788,00 ","442,00 ","14,71 "
"1,5",25,"555,05 ","7,83 ","0,23","0,3","9,70 ","2190,00 ","360,00 ","16,67 "
"1,6",30,"562,65 ","7,83 ","0,24","0,33","8,65 ","1973,33 ","320,00 ","18,75 "
"1,7",22,"562,65 ","7,96 ","0,2","0,27","12,66 ","2859,09 ","471,36 ","12,94 "
"1,7",23,"593,07 ","7,83 ","0,22","0,3","11,93 ","2882,61 ","443,48 ","13,53 "
"1,6",30,"593,07 ","7,18 ","0,21","0,28","7,95 ","2080,00 ","293,33 ","18,75 "
"1,6",18,"684,31 ","9,14 ","0,22","0,28","16,70 ","4000,00 ","622,22 ","11,25 "
