CRS (RPM),F/A(MF),T/D3(MT),UEP (MPa),LEP (MPa),TPI,PR(mm/r)
0.363636,0.156475,0.124675,0.090909,0.1,0.032726,0.306354
0.454545,0.15288,0.083766,0.151515,0.325,0.008967,0.535752
0.181818,0.192442,0.175974,0.181818,0.25,0.020305,0.542462
0.272727,0.28058,0.065584,0.30303,0.35,0.021028,0.301111
0.272727,0.226623,0.112338,0.515152,0.375,0.015745,0.475781
0.181818,0.264388,0.103896,0.363636,0.375,0.006481,0.676033
0.272727,0.249994,0.085065,0.393939,0.375,0.011902,0.475781
0.181818,0.291366,0.064935,0.333333,0.375,0.00395,0.618788
0.363636,0.289568,0.047403,0.272727,0.3,0.004446,0.532187
0.272727,0.26259,0.126623,0.363636,0.375,0.006508,0.755295
0.272727,0.267983,0.09026,0.363636,0.25,0.00531,0.668065
0.363636,0.273377,0.084416,0.363636,0.35,0.004446,0.677501
0.363636,0.258995,0.084416,0.363636,0.3,0.003632,0.709583
0.272727,0.241005,0.084416,0.454545,0.45,0.008009,0.563221
0.363636,0.244601,0.025325,0.424242,0.325,0.002582,0.499895
0.272727,0.249994,0.078571,0.393939,0.35,0.002417,0.737891
0.272727,0.261076,0.077273,0.363636,0.3,0.003479,0.685469
0.363636,0.26259,0.059091,0.363636,0.25,0.005406,0.548333
0.454545,0.26259,0.022727,0.424242,0.4,0.003017,0.475781
0.272727,0.236121,0.114286,0.333333,0.3,0.005779,0.737891
0.272727,0.239314,0.140909,0.333333,0.325,0.009351,0.702873
0.363636,0.253601,0.078571,0.333333,0.25,0.007241,0.564479
0.363636,0.264211,0.087662,0.30303,0.3,0.006667,0.612917
0.363636,0.271437,0.096104,0.363636,0.35,0.006085,0.661355
0.272727,0.250609,0.095455,0.30303,0.3,0.005349,0.685469
0.363636,0.257197,0.092857,0.363636,0.35,0.011011,0.516041
0.454545,0.264388,0.059091,0.363636,0.35,0.004842,0.565737
0.363636,0.26259,0.112338,0.333333,0.325,0.008327,0.645209
0.363636,0.313483,0.120779,0.363636,0.3,0.015517,0.499895
0.454545,0.334536,0.092857,0.484848,0.3,0.012983,0.475781
0.363636,0.376795,0.182468,0.424242,0.425,0.018927,0.580625
0.363636,0.311153,0.10974,0.363636,0.375,0.013241,0.516041
0.363636,0.388492,0.194805,0.484848,0.35,0.02439,0.516041
0.272727,0.370503,0.169481,0.424242,0.45,0.014184,0.650451
0.454545,0.366907,0.106494,0.515152,0.45,0.015772,0.460893
0.272727,0.345228,0.164286,0.424242,0.475,0.01368,0.650451
0.363636,0.357966,0.137662,0.424242,0.4,0.016853,0.516041
0.454545,0.370503,0.101299,0.454545,0.375,0.012626,0.505766
0.272727,0.40647,0.237013,0.484848,0.475,0.023286,0.615643
0.363636,0.325535,0.177922,0.484848,0.475,0.016027,0.629063
0.454545,0.338131,0.095455,0.515152,0.4,0.00495,0.700356
0.545455,0.348918,0.087013,0.454545,0.375,0.005055,0.6645
0.454545,0.338131,0.084416,0.454545,0.4,0.005911,0.625498
0.454545,0.343525,0.255195,0.424242,0.375,0.027491,0.580625
0.363636,0.361691,0.216883,0.484848,0.475,0.022049,0.596771
0.363636,0.370503,0.177922,0.515152,0.45,0.017561,0.596771
0.272727,0.370503,0.067532,0.515152,0.5,0.008606,0.493185
0.363636,0.352513,0.22013,0.454545,0.375,0.044683,0.354791
0.272727,0.363312,0.096104,0.545455,0.425,0.05561,0.16125
0.363636,0.366907,0.097403,0.484848,0.4,0.03122,0.274062
0.272727,0.316546,0.092857,0.515152,0.375,0.012092,0.493185
0.363636,0.287771,0.194805,0.484848,0.4,0.076422,0.193542
0.363636,0.329131,0.296753,0.333333,0.375,0.077073,0.274062
0.272727,0.388492,0.491558,0.242424,0.3,0.133695,0.248689
0.363636,0.39029,0.347403,0.242424,0.4,0.192195,0.112812
0.272727,0.422661,0.430519,0.30303,0.275,0.173884,0.16125
0.090909,0.460426,0.5,0.090909,0.275,0.091932,0.370937
0.272727,0.437055,0.294156,0.242424,0.275,0.125553,0.16125
0.272727,0.460426,0.491558,0.242424,0.275,0.345591,0.07381
0.363636,0.334536,0.364286,0.363636,0.45,0.128456,0.193542
0.272727,0.379491,0.364286,0.272727,0.4,0.150469,0.16125
0.272727,0.311153,0.279221,0.424242,0.35,0.050206,0.388341
0.363636,0.32194,0.245455,0.545455,0.45,0.074254,0.241979
0.272727,0.293164,0.211688,0.545455,0.375,0.038679,0.388341
0.272727,0.289568,0.203247,0.575758,0.425,0.050206,0.301111
0.363636,0.316546,0.152597,0.484848,0.425,0.043902,0.274062
0.272727,0.352513,0.305195,0.363636,0.4,0.081426,0.266094
0.272727,0.41547,0.381169,0.30303,0.425,0.122251,0.213672
0.363636,0.411875,0.448701,0.30303,0.4,0.154471,0.193542
0.363636,0.401076,0.338961,0.242424,0.275,0.120651,0.193542
0.363636,0.420863,0.355844,0.454545,0.375,0.196098,0.112812
0.363636,0.498202,0.39026,0.363636,0.475,0.17431,0.145104
0.363636,0.424459,0.398052,0.545455,0.5,0.138861,0.193542
0.272727,0.442448,0.296753,0.484848,0.5,0.098236,0.213672
0.363636,0.447842,0.44026,0.333333,0.325,0.193495,0.145104
0.272727,0.442448,0.338961,0.242424,0.35,0.141463,0.16125
0.272727,0.424459,0.448701,0.393939,0.45,0.141463,0.213672
0.363636,0.478415,0.474675,0.30303,0.4,0.206505,0.145104
0.363636,0.469426,0.381169,0.333333,0.4,0.133659,0.193542
0.363636,0.496404,0.381169,0.484848,0.35,0.170732,0.145104
0.272727,0.40647,0.22013,0.333333,0.375,0.04012,0.388341
0.454545,0.361514,0.245455,0.363636,0.35,0.054289,0.326064
0.272727,0.413672,0.211688,0.424242,0.325,0.043314,0.353533
0.363636,0.40647,0.164935,0.545455,0.35,0.034537,0.354791
0.363636,0.388492,0.152597,0.606061,0.375,0.018816,0.516041
0.363636,0.370503,0.194805,0.545455,0.525,0.030895,0.435521
0.363636,0.370503,0.177922,0.575758,0.525,0.020173,0.548333
0.363636,0.365109,0.152597,0.575758,0.5,0.016174,0.564479
0.363636,0.368705,0.092857,0.575758,0.45,0.011011,0.516041
0.363636,0.356109,0.126623,0.575758,0.45,0.013094,0.564479
0.272727,0.34712,0.134416,0.575758,0.525,0.010492,0.650451
0.363636,0.348918,0.15,0.606061,0.525,0.014343,0.596771
0.363636,0.370503,0.135714,0.636364,0.475,0.012683,0.596771
0.363636,0.334536,0.135714,0.575758,0.45,0.012683,0.596771
0.363636,0.334536,0.161039,0.606061,0.525,0.01561,0.596771
0.363636,0.32194,0.124675,0.545455,0.475,0.011416,0.596771
0.363636,0.316546,0.14026,0.484848,0.45,0.013268,0.596771
0.363636,0.336334,0.087662,0.575758,0.475,0.00722,0.596771
0.363636,0.352513,0.152597,0.545455,0.475,0.014634,0.596771
0.363636,0.275174,0.065584,0.424242,0.3,0.013983,0.387083
0.272727,0.275174,0.065584,0.484848,0.35,0.013896,0.388341
0.363636,0.334536,0.135714,0.666667,0.375,0.016585,0.516041
0.363636,0.312951,0.075974,0.636364,0.425,0.007514,0.548333
0.272727,0.296759,0.075974,0.575758,0.475,0.004278,0.650451
0.363636,0.298557,0.084416,0.636364,0.475,0.019707,0.354791
0.363636,0.241005,0.075974,0.424242,0.425,0.00878,0.516041
0.363636,0.334536,0.10974,0.545455,0.475,0.013241,0.516041
0.363636,0.329131,0.118182,0.545455,0.5,0.007913,0.677501
0.272727,0.334536,0.10974,0.484848,0.475,0.00788,0.650451
0.363636,0.298557,0.075974,0.545455,0.475,0.012683,0.435521
0.363636,0.334536,0.092857,0.636364,0.475,0.008985,0.564479
0.363636,0.334536,0.10974,0.666667,0.5,0.013241,0.516041
0.363636,0.298557,0.084416,0.575758,0.475,0.009894,0.516041
0.363636,0.294962,0.073377,0.545455,0.45,0.006079,0.580625
0.363636,0.334536,0.174675,0.454545,0.375,0.021716,0.516041
0.363636,0.334536,0.152597,0.515152,0.45,0.018816,0.516041
0.363636,0.334536,0.135714,0.575758,0.5,0.012683,0.596771
0.363636,0.298557,0.084416,0.484848,0.4,0.007379,0.580625
0.363636,0.311153,0.084416,0.545455,0.425,0.007958,0.564479
0.363636,0.478415,0.169481,0.545455,0.45,0.021046,0.516041
0.363636,0.316546,0.101299,0.484848,0.4,0.012125,0.516041
0.363636,0.311153,0.084416,0.545455,0.475,0.004446,0.677501
0.363636,0.316546,0.084416,0.515152,0.425,0.004446,0.677501
0.363636,0.334536,0.092857,0.515152,0.475,0.007805,0.596771
0.363636,0.298557,0.072078,0.424242,0.375,0.003143,0.677501
0.363636,0.316546,0.101299,0.515152,0.525,0.005292,0.709583
0.363636,0.32194,0.177922,0.484848,0.425,0.011122,0.758021
0.363636,0.334536,0.135714,0.454545,0.45,0.012683,0.596771
0.363636,0.33094,0.161039,0.484848,0.425,0.012251,0.677501
0.363636,0.32194,0.161039,0.515152,0.475,0.012251,0.677501
0.363636,0.303962,0.144156,0.515152,0.45,0.008462,0.741875
0.363636,0.311153,0.105844,0.515152,0.425,0.006613,0.677501
0.363636,0.334536,0.092857,0.454545,0.4,0.007805,0.596771
0.363636,0.352158,0.069481,0.212121,0.3,0.002909,0.677501
0.363636,0.278865,0.132468,0.272727,0.3,0.008856,0.693437
0.363636,0.268161,0.171429,0.363636,0.3,0.008651,0.822604
0.363636,0.316546,0.135714,0.545455,0.5,0.012683,0.596771
0.363636,0.334536,0.13961,0.484848,0.45,0.01008,0.677501
0.363636,0.311153,0.186364,0.363636,0.35,0.009489,0.83875
0.363636,0.311153,0.169481,0.424242,0.4,0.008072,0.83875
0.363636,0.294962,0.144156,0.424242,0.425,0.005944,0.83875
0.363636,0.348918,0.161039,0.454545,0.375,0.012251,0.677501
0.363636,0.316546,0.169481,0.484848,0.4,0.008072,0.83875
0.363636,0.316546,0.177922,0.545455,0.45,0.013983,0.677501
0.363636,0.30576,0.084416,0.515152,0.425,0.002537,0.758021
0.363636,0.329131,0.135714,0.454545,0.375,0.00722,0.758021
0.363636,0.348918,0.126623,0.454545,0.425,0.006439,0.758021
0.363636,0.293164,0.144156,0.575758,0.375,0.008,0.758021
0.363636,0.316546,0.169481,0.545455,0.4,0.006178,0.91927
0.363636,0.334536,0.177922,0.393939,0.375,0.017561,0.596771
0.363636,0.318344,0.194805,0.393939,0.4,0.030895,0.435521
0.363636,0.316546,0.152597,0.181818,0.225,0.043902,0.274062
0.363636,0.365109,0.448701,0.242424,0.225,0.134577,0.225834
0.363636,0.361514,0.201299,0.393939,0.4,0.041249,0.354791
0.363636,0.381289,0.398052,0.424242,0.225,0.21561,0.112812
0.363636,0.388492,0.279221,0.363636,0.3,0.073171,0.274062
0.363636,0.33094,0.381169,0.363636,0.3,0.040976,0.596771
0.363636,0.316546,0.322078,0.393939,0.375,0.034146,0.596771
0.363636,0.298557,0.338961,0.424242,0.375,0.03046,0.677501
0.363636,0.336334,0.296753,0.30303,0.25,0.029037,0.629063
0.363636,0.34712,0.194805,0.333333,0.275,0.02439,0.516041
0.272727,0.376026,0.342857,0.151515,0.3,0.075335,0.318515
0.363636,0.352513,0.364286,0.212121,0.375,0.082927,0.306354
0.363636,0.352513,0.237013,0.212121,0.225,0.141463,0.112812
0.363636,0.387605,0.36039,0.151515,0.3,0.077854,0.322499
0.363636,0.370503,0.364286,0.151515,0.275,0.05691,0.435521
0.363636,0.442448,0.398052,0.181818,0.175,0.077463,0.354791
0.363636,0.420863,0.38961,0.181818,0.2,0.050035,0.516041
0.363636,0.442448,0.391558,0.151515,0.175,0.05419,0.483749
0.363636,0.397481,0.347403,0.060606,0.2,0.068098,0.354791
0.363636,0.424459,0.381169,0.151515,0.125,0.074341,0.354791
0.363636,0.401076,0.406494,0.212121,0.175,0.063415,0.435521
0.545455,0.433448,0.364286,0.181818,0.15,0.109193,0.231076
0.345455,0.290775,0.118182,0.242424,0.3,0.02373,0.377438
0.363636,0.316546,0.22013,0.242424,0.225,0.027734,0.516041
0.363636,0.264388,0.211688,0.181818,0.175,0.023364,0.564479
0.381818,0.275376,0.228571,0.242424,0.275,0.023979,0.586915
0.272727,0.230231,0.188961,0.151515,0.175,0.016246,0.650451
0.363636,0.231579,0.157143,0.212121,0.175,0.00878,0.774166
0.363636,0.251804,0.188312,0.181818,0.175,0.009666,0.83875
0.363636,0.26259,0.169481,0.272727,0.225,0.010341,0.758021
0.363636,0.233814,0.131169,0.272727,0.225,0.004878,0.83875
0.363636,0.232017,0.133766,0.272727,0.225,0.003446,0.91927
0.363636,0.230219,0.131818,0.30303,0.2,0.003317,0.91927
0.363636,0.25385,0.1,0.333333,0.275,0.00226,0.83875
0.363636,0.216653,0.096753,0.30303,0.25,0.002299,0.822604
0.363636,0.217623,0.101299,0.30303,0.25,0.000976,0.91927
0.363636,0.235612,0.144156,0.30303,0.25,0.004878,0.887188
0.363636,0.228421,0.151299,0.30303,0.25,0.004812,0.91927
0.454545,0.223016,0.194805,0.333333,0.3,0.007994,0.925142
0.363636,0.233814,0.126623,0.30303,0.25,0.001576,1.0
0.363636,0.244601,0.15,0.363636,0.3,0.004683,0.91927
0.363636,0.216901,0.116234,0.272727,0.25,0.005478,0.758021
0.363636,0.248397,0.182468,0.272727,0.275,0.009165,0.83875
0.272727,0.260721,0.149351,0.272727,0.275,0.005505,0.877752
0.363636,0.253116,0.112987,0.212121,0.2,0.010116,0.596771
0.363636,0.28058,0.101299,0.333333,0.275,0.00878,0.596771
0.454545,0.294962,0.212338,0.272727,0.25,0.01854,0.655483
0.363636,0.325535,0.233117,0.242424,0.25,0.01748,0.725729
0.363636,0.290526,0.222727,0.121212,0.225,0.024708,0.564479
0.363636,0.295293,0.217532,0.151515,0.275,0.016009,0.725729
0.363636,0.301372,0.244156,0.181818,0.3,0.022403,0.645209
0.454545,0.294962,0.313636,0.242424,0.225,0.019686,0.850283
0.363636,0.334536,0.281818,0.363636,0.275,0.013427,0.967708
0.363636,0.334536,0.211688,0.151515,0.275,0.014244,0.758021
0.363636,0.292064,0.244805,0.212121,0.275,0.017312,0.758021
0.272727,0.297966,0.297403,0.212121,0.25,0.016771,0.895156
0.363636,0.291981,0.27987,0.090909,0.2,0.018543,0.806458
0.363636,0.316546,0.279221,0.333333,0.325,0.029268,0.596771
0.363636,0.352513,0.330519,0.272727,0.4,0.025171,0.758021
0.363636,0.352513,0.313636,0.272727,0.3,0.018912,0.871042
0.363636,0.325535,0.279221,0.242424,0.275,0.021953,0.725729
0.327273,0.277303,0.291558,0.212121,0.225,0.020482,0.783602
0.272727,0.195553,0.181818,0.212121,0.225,0.006895,0.930174
0.363636,0.236002,0.15974,0.212121,0.225,0.006163,0.887188
0.363636,0.318344,0.279221,0.363636,0.35,0.014634,0.91927
0.363636,0.336334,0.253896,0.272727,0.25,0.013626,0.887188
0.363636,0.327333,0.203896,0.242424,0.275,0.011947,0.806458
0.272727,0.27851,0.249351,0.393939,0.425,0.013538,0.877752
0.272727,0.316192,0.214286,0.363636,0.45,0.012269,0.82533
0.363636,0.316546,0.211688,0.484848,0.425,0.014244,0.758021
0.363636,0.352513,0.211688,0.454545,0.425,0.008285,0.967708
0.363636,0.343525,0.264286,0.424242,0.425,0.013463,0.91927
0.363636,0.316747,0.223377,0.333333,0.45,0.017234,0.709583
0.272727,0.242011,0.286364,0.333333,0.425,0.019044,0.807717
0.272727,0.299894,0.275325,0.30303,0.425,0.019449,0.772908
0.363636,0.40647,0.296753,0.424242,0.425,0.03122,0.596771
0.363636,0.424814,0.37013,0.393939,0.475,0.03164,0.709583
0.363636,0.414725,0.357143,0.393939,0.5,0.044044,0.532187
0.363636,0.449923,0.396104,0.424242,0.5,0.045731,0.564479
0.363636,0.460426,0.347403,0.575758,0.425,0.05431,0.435521
0.363636,0.442448,0.305195,0.545455,0.425,0.019422,0.83875
0.363636,0.460426,0.364286,0.484848,0.4,0.018386,1.0
0.363636,0.403797,0.284416,0.393939,0.45,0.024901,0.677501
0.363636,0.395364,0.283766,0.393939,0.5,0.017627,0.83875
0.345455,0.355435,0.255844,0.363636,0.425,0.013821,0.885301
0.272727,0.365322,0.22987,0.333333,0.4,0.011014,0.91256
0.272727,0.366056,0.263636,0.333333,0.45,0.01362,0.91256
0.363636,0.397481,0.279221,0.484848,0.525,0.020488,0.758021
0.454545,0.440651,0.279221,0.515152,0.55,0.023189,0.700356
0.363636,0.45683,0.296753,0.515152,0.55,0.022049,0.758021
0.363636,0.451437,0.320779,0.393939,0.5,0.017822,0.91927
0.272727,0.443241,0.303247,0.515152,0.575,0.02844,0.650451
0.272727,0.485831,0.392857,0.515152,0.625,0.027434,0.82533
0.272727,0.528527,0.398052,0.484848,0.6,0.038481,0.650451
0.363636,0.496404,0.305195,0.515152,0.5,0.028929,0.645209
0.363636,0.496404,0.313636,0.545455,0.575,0.017237,0.91927
0.363636,0.496404,0.317532,0.545455,0.575,0.020488,0.83875
0.363636,0.514382,0.364286,0.515152,0.55,0.039024,0.596771
0.272727,0.519302,0.372078,0.515152,0.575,0.035752,0.650451
0.318182,0.555778,0.405195,0.515152,0.6,0.0602,0.454812
0.363636,0.606541,0.435714,0.515152,0.625,0.067914,0.435521
0.363636,0.667262,0.516883,0.727273,0.6,0.087108,0.403229
0.363636,0.676263,0.559091,0.757576,0.625,0.123725,0.306354
0.363636,0.640284,0.669481,0.666667,0.625,0.162927,0.274062
0.363636,0.66207,0.669481,0.606061,0.55,0.194329,0.225834
0.363636,0.674015,0.690909,0.606061,0.525,0.266101,0.16125
0.363636,0.36505,0.368831,0.393939,0.475,0.129783,0.193542
0.272727,0.730219,0.516883,0.575758,0.45,0.187647,0.178654
0.363636,0.766186,0.618831,0.393939,0.45,0.206505,0.193542
0.363636,0.710857,0.701299,0.484848,0.475,0.269854,0.16125
0.363636,0.757197,0.745455,0.545455,0.475,0.285553,0.16125
0.363636,0.735789,0.672078,0.606061,0.5,0.282441,0.145104
0.545455,0.712229,0.661039,0.636364,0.5,0.323077,0.119312
0.545455,0.784175,0.669481,0.606061,0.5,0.395122,0.091424
0.363636,0.711709,0.821429,0.575758,0.625,0.41042,0.112812
0.454545,0.749994,0.830519,0.636364,0.625,0.563227,0.071294
0.090909,0.586328,0.161039,0.69697,0.65,0.088762,0.140281
0.272727,0.661833,0.299351,0.545455,0.65,0.175003,0.108828
0.363636,0.604317,0.305195,0.575758,0.5,0.172683,0.112812
0.363636,0.739633,0.411688,0.606061,0.65,0.280829,0.08052
0.363636,0.749994,0.406494,0.606061,0.625,0.37561,0.048438
0.363636,0.730219,0.533766,0.545455,0.575,0.278049,0.112812
0.454545,0.640284,0.41039,0.545455,0.6,0.12655,0.22122
0.363636,0.69424,0.38961,0.666667,0.65,0.211707,0.112812
0.818182,0.658273,0.322078,0.545455,0.575,0.230973,0.079681
0.363636,0.69424,0.38961,0.757576,0.7,0.211707,0.112812
0.545455,0.622306,0.448701,0.333333,0.475,0.278049,0.091424
0.545455,0.595328,0.533766,0.484848,0.525,0.323077,0.091424
0.363636,0.658273,0.491558,0.606061,0.525,0.258537,0.112812
0.545455,0.622306,0.491558,0.545455,0.55,0.300563,0.091424
0.454545,0.676263,0.542208,0.666667,0.575,0.213508,0.16125
0.363636,0.730219,0.618831,0.575758,0.475,0.317073,0.112812
0.181818,0.559349,0.023377,0.606061,0.5,0.034236,0.142168
0.545455,0.56835,0.347403,0.424242,0.575,0.18424,0.119312
0.363636,0.532371,0.152597,0.515152,0.6,0.091797,0.128958
0.363636,0.613306,0.516883,0.575758,0.525,0.270244,0.112812
0.363636,0.640284,0.508442,0.757576,0.5,0.219512,0.145104
0.363636,0.622306,0.559091,0.757576,0.625,0.239024,0.145104
0.545455,0.586328,0.533766,0.606061,0.575,0.323077,0.091424
0.545455,0.588125,0.533766,0.727273,0.6,0.292377,0.105263
0.545455,0.56835,0.584416,0.636364,0.575,0.289306,0.119312
0.545455,0.56835,0.423377,0.606061,0.65,0.26454,0.091424
0.454545,0.557552,0.533766,0.636364,0.575,0.210507,0.16125
0.545455,0.586328,0.491558,0.606061,0.5,0.24803,0.119312
0.545455,0.615103,0.555844,0.666667,0.6,0.254148,0.133361
0.545455,0.586328,0.533766,0.606061,0.625,0.245142,0.133361
0.545455,0.604317,0.567532,0.666667,0.7,0.258999,0.133361
0.454545,0.586328,0.491558,0.666667,0.675,0.181487,0.176138
0.545455,0.593519,0.35974,0.818182,0.65,0.174139,0.133361
0.545455,0.519787,0.431818,0.69697,0.575,0.127205,0.231076
0.545455,0.604317,0.491558,0.636364,0.65,0.300563,0.091424
0.545455,0.613306,0.423377,0.757576,0.725,0.334334,0.063326
0.545455,0.640284,0.533766,0.666667,0.55,0.292377,0.105263
0.363636,0.532371,0.10974,0.606061,0.55,0.050408,0.193542
0.363636,0.532371,0.135714,0.636364,0.575,0.058212,0.193542
0.363636,0.496404,0.152597,0.606061,0.625,0.102439,0.112812
0.545455,0.56835,0.237013,0.666667,0.7,0.165478,0.091424
0.545455,0.640284,0.406494,0.636364,0.575,0.255535,0.091424
0.363636,0.604317,0.559091,0.606061,0.6,0.239024,0.145104
0.363636,0.703241,0.618831,0.606061,0.7,0.4,0.08052
0.454545,0.676263,0.237013,0.757576,0.625,0.195497,0.071294
0.545455,0.730219,0.63961,0.606061,0.65,0.477863,0.063326
0.363636,0.69424,0.533766,0.575758,0.575,0.278049,0.112812
0.363636,0.640284,0.575974,0.606061,0.6,0.297561,0.112812
0.363636,0.604317,0.533766,0.636364,0.625,0.35122,0.08052
0.363636,0.606115,0.495455,0.606061,0.65,0.196998,0.16125
0.363636,0.622306,0.483117,0.606061,0.625,0.321951,0.08052
0.363636,0.595328,0.474675,0.606061,0.6,0.206505,0.145104
0.363636,0.532371,0.491558,0.606061,0.575,0.167481,0.193542
0.363636,0.56835,0.491558,0.606061,0.6,0.167481,0.193542
0.363636,0.604317,0.635714,0.575758,0.575,0.324878,0.112812
0.363636,0.658273,0.575974,0.606061,0.6,0.37561,0.08052
0.272727,0.730219,0.406494,0.606061,0.625,0.345591,0.056406
0.363636,0.748196,0.194805,0.606061,0.625,0.258537,0.032292
0.363636,0.712229,0.491558,0.606061,0.625,0.326829,0.08052
0.272727,0.604317,0.448701,0.575758,0.6,0.219512,0.126232
0.363636,0.532371,0.406494,0.575758,0.575,0.219512,0.112812
0.363636,0.658273,0.406494,0.575758,0.625,0.245529,0.096666
0.363636,0.604317,0.406494,0.606061,0.575,0.141463,0.193542
0.363636,0.604317,0.491558,0.575758,0.6,0.233702,0.128958
0.363636,0.640284,0.448701,0.606061,0.575,0.267209,0.096666
0.363636,0.676263,0.364286,0.575758,0.525,0.223847,0.096666
0.363636,0.658273,0.10974,0.606061,0.55,0.107317,0.08052
0.363636,0.631295,0.135714,0.545455,0.6,0.094634,0.112812
0.727273,0.460426,0.194805,0.121212,0.1,0.163977,0.074858
0.727273,0.298557,0.237013,0.0,0.025,0.155473,0.099602
0.545455,0.235612,0.10974,0.0,0.025,0.097936,0.091424
0.636364,0.226623,0.194805,0.0,0.025,0.125454,0.108828
0.727273,0.190645,0.186364,0.060606,0.15,0.129957,0.099602
0.636364,0.208634,0.126623,0.030303,0.075,0.103259,0.095827
0.727273,0.190645,0.10974,0.0,0.2,0.112946,0.074858
0.727273,0.190645,0.126623,0.030303,0.225,0.123152,0.074858
0.727273,0.199645,0.135714,0.0,0.3,0.189493,0.037953
0.727273,0.190645,0.152597,0.0,0.3,0.138462,0.074858
0.727273,0.208634,0.152597,0.0,0.3,0.138462,0.074858
0.727273,0.181656,0.194805,0.0,0.35,0.134208,0.099602
0.727273,0.185251,0.211688,0.060606,0.4,0.174184,0.074858
0.727273,0.26259,0.279221,0.030303,0.4,0.176735,0.099602
0.727273,0.226623,0.211688,0.0,0.425,0.174184,0.074858
0.727273,0.223016,0.192208,0.030303,0.4,0.206718,0.050325
0.818182,0.235612,0.152597,0.0,0.375,0.187992,0.044663
0.727273,0.221218,0.152597,0.0,0.4,0.138462,0.074858
0.727273,0.28058,0.237013,0.0,0.375,0.189493,0.074858
0.727273,0.28058,0.194805,0.0,0.075,0.342589,0.01321
0.727273,0.199645,0.237013,0.0,0.1,0.155473,0.099602
0.727273,0.181656,0.14026,0.0,0.1,0.131317,0.074858
0.727273,0.181656,0.152597,0.030303,0.125,0.176735,0.050325
0.727273,0.201443,0.194805,0.0,0.1,0.134208,0.099602
0.727273,0.199645,0.133117,0.0,0.075,0.126724,0.074858
0.636364,0.298557,0.262338,0.181818,0.175,0.157472,0.108828
0.727273,0.244601,0.237013,0.090909,0.175,0.189493,0.074858
0.363636,0.514382,0.661039,0.484848,0.525,0.219512,0.193542
0.636364,0.478415,0.491558,0.545455,0.475,0.243989,0.122038
0.545455,0.496404,0.533766,0.454545,0.3,0.323077,0.091424
0.363636,0.478415,0.322078,0.545455,0.55,0.180488,0.112812
0.545455,0.496404,0.559091,0.484848,0.575,0.570732,0.035437
0.636364,0.370503,0.126623,0.484848,0.475,0.244728,0.017194
0.545455,0.226623,0.262338,0.454545,0.125,0.146717,0.119312
0.636364,0.244601,0.237013,0.0,0.25,0.259824,0.043405
0.727273,0.334536,0.152597,0.0,0.3,0.176735,0.050325
0.636364,0.28058,0.237013,0.0,0.275,0.259824,0.043405
0.636364,0.298557,0.322078,0.0,0.15,0.2522,0.069616
1.0,0.244601,0.067532,0.0,0.2,0.105441,0.056406
0.818182,0.226623,0.22013,0.0,0.25,0.190694,0.068148
0.727273,0.26259,0.194805,0.0,0.225,0.20863,0.050325
0.818182,0.296759,0.211688,0.030303,0.25,0.185291,0.068148
1.0,0.298557,0.237013,0.0,0.275,0.225516,0.056406
0.818182,0.244601,0.126623,0.0,0.3,0.131257,0.068148
0.818182,0.28058,0.194805,0.0,0.275,0.174484,0.068148
0.818182,0.28058,0.152597,0.0,0.25,0.21694,0.033131
0.818182,0.40647,0.152597,0.0,0.075,0.147467,0.068148
1.0,0.307558,0.141558,0.030303,0.125,0.20075,0.035437
1.0,0.253601,0.10974,0.0,0.1,0.172983,0.035437
1.0,0.312951,0.126623,0.0,0.075,0.132731,0.06689
0.909091,0.185251,0.126623,0.0,0.1,0.125361,0.072971
1.0,0.190645,0.114935,0.0,0.075,0.103595,0.087859
1.0,0.182732,0.067532,0.0,0.075,0.13546,0.035437
0.909091,0.26259,0.152597,0.0,0.05,0.127955,0.084085
0.818182,0.316546,0.322078,0.272727,0.3,0.210507,0.091424
0.545455,0.298557,0.322078,0.242424,0.3,0.15855,0.133361
0.818182,0.244601,0.194805,0.0,0.075,0.174484,0.068148
0.727273,0.28058,0.152597,0.0,0.2,0.176735,0.050325
0.818182,0.172667,0.135714,0.0,0.075,0.111445,0.091424
0.909091,0.208634,0.22013,0.060606,0.1,0.182397,0.072971
0.818182,0.190645,0.169481,0.0,0.075,0.158274,0.068148
0.909091,0.190645,0.152597,0.0,0.05,0.156473,0.061858
1.0,0.208634,0.115584,0.151515,0.225,0.178236,0.035437
0.909091,0.241005,0.211688,0.030303,0.125,0.196398,0.061858
0.909091,0.226623,0.152597,0.0,0.1,0.156473,0.061858
0.727273,0.28058,0.203247,0.030303,0.05,0.444653,0.000839
0.818182,0.316546,0.237013,0.0,0.1,0.417636,0.009855
0.909091,0.235612,0.152597,0.0,0.1,0.19925,0.039841
0.545455,0.275174,0.277273,0.060606,0.125,0.168345,0.105263
0.636364,0.298557,0.194805,0.0,0.1,0.172149,0.069616
1.0,0.28058,0.152597,0.0,0.1,0.210507,0.035437
1.0,0.224826,0.138961,0.0,0.125,0.174817,0.045922
0.818182,0.228421,0.152597,0.0,0.15,0.187992,0.044663
0.909091,0.298557,0.131818,0.0,0.125,0.300203,0.00671
0.818182,0.190645,0.169481,0.0,0.025,0.158274,0.068148
0.909091,0.226623,0.135714,0.0,0.125,0.184991,0.039841
0.545455,0.26259,0.237013,0.030303,0.125,0.149103,0.105263
0.545455,0.26259,0.279221,0.0,0.125,0.154221,0.119312
0.636364,0.334536,0.394805,0.151515,0.3,0.266822,0.082617
0.454545,0.417268,0.508442,0.393939,0.425,0.260446,0.116377
0.727273,0.226623,0.135714,0.0,0.125,0.104441,0.099602
0.727273,0.244601,0.152597,0.0,0.15,0.138462,0.074858
0.545455,0.40647,0.253896,0.30303,0.45,0.221764,0.063326
0.636364,0.56835,0.364286,0.30303,0.45,0.315572,0.056406
0.454545,0.586328,0.135714,0.606061,0.55,0.116116,0.086391
0.545455,0.586328,0.237013,0.484848,0.5,0.165478,0.091424
0.545455,0.496404,0.152597,0.606061,0.625,0.12045,0.091424
0.545455,0.550361,0.322078,0.515152,0.525,0.210507,0.091424
0.545455,0.496404,0.322078,0.484848,0.575,0.210507,0.091424
0.545455,0.550361,0.322078,0.454545,0.575,0.266792,0.063326
0.454545,0.56835,0.448701,0.212121,0.375,0.326829,0.071294
0.545455,0.496404,0.448701,0.454545,0.5,0.35122,0.063326
0.545455,0.514382,0.483117,0.515152,0.575,0.373734,0.063326
0.454545,0.604317,0.491558,0.636364,0.675,0.27955,0.101279
0.454545,0.424459,0.203247,0.636364,0.625,0.13666,0.101279
0.636364,0.45683,0.253896,0.69697,0.675,0.153471,0.108828
0.545455,0.442448,0.194805,0.636364,0.625,0.142964,0.091424
0.636364,0.442448,0.126623,0.484848,0.6,0.147467,0.056406
0.636364,0.550361,0.211688,0.666667,0.675,0.182823,0.069616
0.727273,0.334536,0.033766,0.0,0.125,0.08743,0.050325
0.636364,0.514382,0.050649,0.666667,0.6,0.081426,0.069616
0.545455,0.496404,0.152597,0.636364,0.625,0.13546,0.077375
0.545455,0.532371,0.194805,0.666667,0.675,0.142964,0.091424
0.545455,0.622306,0.194805,0.666667,0.675,0.24803,0.035437
0.545455,0.640284,0.322078,0.636364,0.725,0.266792,0.063326
0.545455,0.604317,0.322078,0.666667,0.725,0.306996,0.049486
0.545455,0.676263,0.406494,0.666667,0.75,0.323077,0.063326
0.545455,0.69424,0.575974,0.636364,0.7,0.312844,0.105263
0.363636,0.604317,0.10974,0.848485,0.6,0.082927,0.112812
0.454545,0.532371,0.152597,0.848485,0.825,0.111445,0.101279
0.363636,0.496404,0.144156,0.909091,0.775,0.041951,0.274062
0.363636,0.514382,0.169481,0.878788,0.775,0.047805,0.274062
0.363636,0.532371,0.237013,0.878788,0.85,0.077187,0.225834
0.272727,0.676263,0.406494,0.848485,0.875,0.129456,0.213672
0.363636,0.820142,0.406494,0.757576,0.8,0.219512,0.112812
0.363636,0.766186,0.703247,0.515152,0.625,0.133659,0.354791
0.363636,0.793164,0.575974,0.606061,0.7,0.193495,0.193542
0.363636,0.802153,0.618831,0.515152,0.625,0.317073,0.112812
0.363636,0.820142,0.703247,0.727273,0.775,0.232519,0.193542
0.272727,0.811153,0.661039,0.878788,0.825,0.201501,0.213672
0.363636,0.802153,0.661039,0.787879,0.725,0.219512,0.193542
0.272727,0.892088,0.491558,0.636364,0.875,0.195497,0.16125
0.272727,0.838131,0.618831,0.69697,0.775,0.189493,0.213672
0.272727,0.856109,0.575974,0.757576,0.85,0.273546,0.126232
0.545455,0.838131,0.661039,0.727273,0.8,0.323077,0.119312
0.363636,0.730219,0.10974,0.848485,0.825,0.02439,0.354791
0.363636,0.676263,0.237013,0.787879,0.8,0.047805,0.354791
0.363636,0.712229,0.406494,0.818182,0.875,0.102439,0.274062
0.363636,0.802153,0.508442,0.848485,0.825,0.172683,0.193542
0.363636,0.820142,0.491558,0.545455,0.625,0.167481,0.193542
0.454545,0.892088,0.575974,0.606061,0.65,0.172149,0.22122
0.363636,0.874098,0.592857,0.787879,0.75,0.276275,0.128958
0.363636,0.874098,0.703247,0.757576,0.8,0.232519,0.193542
0.545455,0.892088,0.745455,0.666667,0.75,0.285553,0.16125
0.0,0.640284,0.237013,0.69697,0.8,0.075422,0.231076
0.545455,0.784175,0.533766,0.727273,0.8,0.210507,0.16125
0.818182,0.766186,0.491558,0.636364,0.7,0.237523,0.126232
0.545455,0.820142,0.830519,0.818182,0.875,0.398124,0.119312
0.454545,0.838131,0.745455,0.787879,0.85,0.26554,0.176138
0.545455,0.784175,0.677922,0.757576,0.8,0.281264,0.147201
0.545455,0.807558,0.677922,0.757576,0.8,0.281264,0.147201
0.545455,0.820142,0.830519,0.69697,0.8,0.398124,0.119312
0.545455,0.838131,0.677922,0.727273,0.725,0.330582,0.119312
0.545455,0.748196,0.364286,0.727273,0.8,0.191745,0.119312
0.545455,0.712229,0.491558,0.787879,0.825,0.195497,0.16125
0.545455,0.784175,0.661039,0.787879,0.85,0.323077,0.119312
0.636364,0.730219,0.177922,0.787879,0.85,0.091032,0.148249
0.636364,0.802153,0.491558,0.909091,0.95,0.405629,0.056406
0.636364,0.748196,0.491558,0.818182,0.875,0.26554,0.108828
0.545455,0.550361,0.194805,0.727273,0.7,0.090432,0.16125
0.545455,0.586328,0.152597,0.69697,0.725,0.12045,0.091424
0.636364,0.640284,0.169481,0.333333,0.375,0.113447,0.108828
0.545455,0.748196,0.406494,0.878788,0.95,0.210507,0.119312
0.545455,0.820142,0.745455,0.909091,0.925,0.435647,0.091424
0.545455,0.820142,0.728571,0.727273,0.8,0.426642,0.091424
0.545455,0.838131,0.745455,0.818182,0.85,0.285553,0.16125
0.545455,0.550361,0.237013,0.878788,0.775,0.045403,0.370937
0.818182,0.676263,0.830519,0.909091,1.0,0.155185,0.359195
0.545455,0.775174,0.466234,0.727273,0.775,0.162831,0.189138
0.727273,0.784175,0.728571,0.818182,0.875,0.235422,0.198155
0.727273,0.892088,0.830519,0.909091,0.95,0.266041,0.198155
0.818182,0.964033,0.61039,0.878788,0.9,0.212308,0.184525
0.636364,0.856109,0.830519,0.727273,0.775,0.249531,0.213672
0.454545,0.964033,0.508442,0.909091,0.95,0.363602,0.071294
0.636364,0.730219,0.322078,0.848485,0.775,0.185492,0.108828
0.636364,0.766186,0.788312,0.818182,0.85,0.489681,0.082617
0.636364,0.658273,0.448701,0.757576,0.825,0.245529,0.108828
0.636364,0.730219,0.830519,0.69697,0.775,0.425642,0.108828
0.636364,0.820142,0.830519,0.848485,0.925,0.513696,0.082617
0.636364,0.766186,0.745455,0.818182,0.875,0.385615,0.108828
0.545455,0.730219,0.830519,0.69697,0.775,0.366373,0.133361
0.545455,0.802153,0.703247,0.787879,0.825,0.341839,0.119312
0.545455,0.766186,0.661039,0.757576,0.825,0.323077,0.119312
0.636364,0.784175,0.703247,0.848485,0.85,0.441651,0.082617
0.636364,0.820142,0.830519,0.848485,0.9,0.572401,0.069616
0.272727,0.874098,0.203247,0.969697,0.925,0.093433,0.16125
0.272727,0.640284,0.364286,0.818182,0.7,0.117448,0.213672
0.363636,0.856109,0.618831,0.787879,0.775,0.261788,0.145104
0.545455,0.838131,0.406494,0.818182,0.8,0.435647,0.035437
0.636364,0.676263,0.364286,0.818182,0.875,0.205502,0.108828
0.636364,0.712229,0.661039,0.848485,0.9,0.273546,0.148249
0.545455,0.820142,0.830519,0.818182,0.85,0.435647,0.105263
0.636364,0.739208,0.661039,0.787879,0.8,0.273546,0.148249
0.727273,0.712229,0.575974,0.757576,0.7,0.189493,0.198155
0.636364,0.811153,0.279221,0.757576,0.725,0.29413,0.043405
0.363636,0.964033,0.237013,0.757576,0.7,0.141463,0.112812
0.545455,0.640284,0.237013,0.818182,0.7,0.105441,0.16125
0.636364,0.640284,0.10974,0.757576,0.7,0.085427,0.108828
0.545455,0.604317,0.237013,0.818182,0.8,0.105441,0.16125
0.545455,0.820142,0.745455,0.818182,0.875,0.435647,0.091424
0.545455,0.766186,0.745455,0.848485,0.875,0.435647,0.091424
0.545455,0.784175,0.661039,0.848485,0.875,0.297099,0.133361
0.545455,0.784175,0.618831,0.787879,0.8,0.279781,0.133361
0.636364,0.56835,0.237013,0.818182,0.775,0.113447,0.148249
0.636364,0.676263,0.491558,0.818182,0.8,0.321576,0.082617
0.636364,0.69424,0.491558,0.787879,0.8,0.26554,0.108828
0.545455,0.69424,0.661039,0.727273,0.75,0.390619,0.091424
0.636364,0.730219,0.661039,0.818182,0.775,0.417636,0.082617
0.636364,0.69424,0.661039,0.757576,0.8,0.345591,0.108828
0.636364,0.69424,0.575974,0.757576,0.775,0.241525,0.148249
0.636364,0.604317,0.22013,0.727273,0.65,0.107041,0.148249
0.545455,0.496404,0.237013,0.727273,0.675,0.057411,0.301111
0.545455,0.640284,0.575974,0.69697,0.7,0.225516,0.16125
0.636364,0.586328,0.533766,0.787879,0.775,0.225516,0.148249
0.454545,0.676263,0.661039,0.636364,0.675,0.363602,0.101279
0.545455,0.820142,0.406494,0.939394,0.925,0.12045,0.231076
0.636364,0.820142,0.448701,0.757576,0.775,0.297561,0.082617
0.636364,0.820142,0.830519,0.69697,0.7,0.740125,0.043405
0.545455,0.802153,0.661039,0.818182,0.825,0.390619,0.091424
0.636364,0.820142,0.661039,0.757576,0.8,0.849906,0.017194
0.545455,0.856109,0.491558,0.787879,0.8,0.300563,0.091424
0.545455,0.838131,0.745455,0.787879,0.775,0.435647,0.091424
0.545455,0.802153,0.745455,0.848485,0.825,0.48568,0.077375
0.636364,0.856109,0.914935,0.848485,0.85,0.428719,0.122038
0.545455,0.856109,0.745455,0.787879,0.8,0.435647,0.091424
0.636364,0.820142,0.618831,0.878788,0.875,0.393621,0.082617
0.636364,0.856109,0.635714,0.878788,0.875,0.403227,0.082617
0.636364,0.640284,0.067532,0.909091,0.675,0.02379,0.279304
0.636364,0.604317,0.169481,0.787879,0.65,0.062214,0.213672
0.545455,0.618699,0.198052,0.787879,0.75,0.065066,0.231076
0.545455,0.807558,0.671429,0.787879,0.725,0.259137,0.16125
0.636364,0.784175,0.491558,0.787879,0.675,0.321576,0.082617
0.636364,0.820142,0.575974,0.818182,0.775,0.305567,0.108828
0.545455,0.877694,0.740909,0.787879,0.725,0.432946,0.091424
0.636364,0.838131,0.042208,1.0,0.825,0.053409,0.108828
0.545455,0.820142,0.169481,0.727273,0.7,0.081426,0.16125
0.636364,0.69424,0.322078,0.727273,0.7,0.145465,0.148249
0.545455,0.676263,0.237013,0.787879,0.725,0.105441,0.16125
0.636364,0.748196,0.406494,0.727273,0.725,0.177486,0.148249
0.636364,0.820142,0.491558,0.727273,0.725,0.321576,0.082617
0.545455,0.863844,0.42013,0.787879,0.8,0.332083,0.063326
0.454545,0.910065,0.237013,0.909091,0.9,0.153471,0.101279
0.545455,0.766186,0.491558,0.787879,0.775,0.111445,0.301111
0.545455,0.748196,0.575974,0.878788,0.85,0.129456,0.301111
0.545455,0.784175,0.575974,0.878788,0.825,0.165478,0.231076
0.545455,0.820142,0.830519,0.636364,0.65,0.315572,0.16125
0.636364,0.856109,1.0,0.484848,0.65,0.401627,0.148249
0.545455,0.910065,0.745455,0.69697,0.75,0.285553,0.16125
0.545455,0.892088,1.0,0.636364,0.65,0.37561,0.16125
0.636364,0.784175,0.237013,0.878788,0.75,0.040258,0.410359
0.545455,0.856109,0.575974,0.666667,0.7,0.129456,0.301111
0.636364,0.964033,0.618831,0.787879,0.775,0.495685,0.056406
0.545455,0.964033,1.0,0.787879,0.85,0.278049,0.231076
0.636364,1.0,0.745455,0.848485,0.875,0.585741,0.056406
0.545455,0.964033,1.0,0.848485,0.9,0.37561,0.16125
0.545455,0.856109,0.830519,1.0,0.925,0.260539,0.203187
0.545455,0.676263,0.745455,0.969697,0.85,0.13546,0.370937
0.636364,0.820142,0.661039,0.818182,0.775,0.158274,0.279304
0.545455,0.928054,0.914935,0.606061,0.7,0.345591,0.16125
0.636364,0.874098,0.406494,0.909091,0.825,0.100638,0.279304
0.636364,0.892088,0.745455,0.69697,0.725,0.225516,0.213672
0.636364,0.928054,0.830519,0.69697,0.775,0.513696,0.082617
0.636364,0.910065,0.830519,0.757576,0.8,0.249531,0.213672
0.636364,0.856109,0.745455,0.636364,0.65,0.305567,0.148249
0.545455,0.874098,0.830519,0.666667,0.7,0.233021,0.231076
0.636364,0.838131,0.881169,0.666667,0.725,0.542514,0.082617
0.636364,0.784175,0.237013,0.939394,0.775,0.113447,0.148249
0.818182,0.0,0.152597,0.787879,0.725,0.093433,0.126232
0.727273,0.784175,0.575974,0.909091,0.95,0.148668,0.260013
0.818182,0.676263,0.703247,0.727273,0.75,0.190694,0.242818
0.636364,0.712229,0.491558,0.757576,0.85,0.209507,0.148249
0.818182,0.69424,0.575974,0.727273,0.85,0.273546,0.126232
0.090909,0.136688,0.084416,0.030303,0.15,0.040399,0.203187
0.181818,0.190645,0.10974,0.030303,0.175,0.040399,0.237576
0.272727,0.145689,0.194805,0.030303,0.15,0.05953,0.248689
0.272727,0.118699,0.084416,0.060606,0.175,0.023102,0.318515
0.272727,0.136688,0.101299,0.121212,0.275,0.024663,0.335919
0.272727,0.172667,0.101299,0.121212,0.275,0.018618,0.405955
0.363636,0.154678,0.097403,0.181818,0.275,0.022049,0.354791
0.272727,0.172667,0.126623,0.181818,0.325,0.027653,0.353533
0.272727,0.170857,0.118182,0.212121,0.275,0.016585,0.475781
0.272727,0.199645,0.103896,0.212121,0.3,0.016627,0.440763
0.363636,0.172667,0.101299,0.212121,0.3,0.020056,0.387083
0.363636,0.190645,0.084416,0.272727,0.35,0.016027,0.403229
0.363636,0.188847,0.025325,0.393939,0.35,0.007045,0.387083
0.363636,0.217623,0.033766,0.424242,0.4,0.004878,0.467813
0.363636,0.223016,0.016883,0.393939,0.375,0.002441,0.467813
0.363636,0.226623,0.067532,0.424242,0.35,0.013241,0.403229
0.363636,0.226623,0.0,0.454545,0.375,0.0,0.467813
0.363636,0.244601,0.033766,0.424242,0.4,0.006178,0.435521
0.363636,0.230219,0.050649,0.454545,0.4,0.00878,0.435521
0.363636,0.26259,0.025325,0.424242,0.425,0.004878,0.435521
0.545455,0.28058,0.025325,0.212121,0.325,0.00788,0.370937
0.272727,0.298557,0.101299,0.212121,0.325,0.012383,0.510799
0.454545,0.284175,0.103896,0.181818,0.3,0.018308,0.41581
0.454545,0.28058,0.07013,0.242424,0.275,0.018179,0.340952
0.363636,0.28058,0.075974,0.30303,0.3,0.012683,0.435521
0.454545,0.28058,0.135714,0.30303,0.375,0.018987,0.475781
0.454545,0.253601,0.10974,0.363636,0.375,0.015385,0.475781
0.363636,0.253601,0.108442,0.272727,0.35,0.01383,0.499895
0.363636,0.248196,0.133117,0.30303,0.35,0.016252,0.516041
0.363636,0.239208,0.07013,0.272727,0.4,0.006775,0.548333
0.272727,0.271579,0.10974,0.333333,0.4,0.017528,0.440763
0.454545,0.289568,0.133117,0.272727,0.35,0.014469,0.55064
0.454545,0.298557,0.085714,0.484848,0.475,0.011212,0.490669
0.363636,0.28058,0.084416,0.484848,0.475,0.013983,0.435521
0.545455,0.284175,0.067532,0.454545,0.4,0.01038,0.454812
0.545455,0.282377,0.067532,0.424242,0.475,0.011854,0.426924
0.363636,0.273377,0.101299,0.545455,0.525,0.016585,0.435521
0.272727,0.337753,0.237662,0.454545,0.45,0.036941,0.440763
0.454545,0.352513,0.169481,0.363636,0.475,0.033396,0.370937
0.454545,0.334536,0.126623,0.272727,0.4,0.018741,0.460893
0.454545,0.352513,0.177922,0.424242,0.425,0.036731,0.356049
0.454545,0.343525,0.169481,0.515152,0.5,0.043836,0.296079
0.363636,0.334536,0.084416,0.454545,0.475,0.019707,0.354791
0.454545,0.379491,0.192208,0.454545,0.475,0.051653,0.280981
0.454545,0.356109,0.203247,0.484848,0.425,0.041402,0.356049
0.454545,0.298557,0.194805,0.484848,0.5,0.044203,0.326064
0.363636,0.363312,0.279221,0.454545,0.475,0.05561,0.354791
0.454545,0.334536,0.169481,0.454545,0.5,0.041402,0.310967
0.272727,0.379491,0.330519,0.424242,0.5,0.068872,0.335919
0.454545,0.440651,0.406494,0.333333,0.475,0.078757,0.356049
0.363636,0.467629,0.175974,0.272727,0.4,0.052734,0.258125
0.363636,0.514382,0.406494,0.393939,0.425,0.180488,0.145104
0.363636,0.465831,0.317532,0.333333,0.375,0.226831,0.08052
0.363636,0.462235,0.292208,0.212121,0.3,0.186993,0.096666
0.272727,0.491011,0.186364,0.272727,0.4,0.096708,0.143846
0.181818,0.325535,0.177922,0.424242,0.475,0.058011,0.237576
0.363636,0.408267,0.279221,0.515152,0.525,0.336585,0.032292
0.363636,0.446044,0.307143,0.393939,0.425,0.130356,0.16125
0.363636,0.478415,0.351299,0.424242,0.525,0.283623,0.064374
0.363636,0.496404,0.448701,0.424242,0.5,0.492683,0.032292
0.363636,0.478415,0.335714,0.454545,0.5,0.656585,0.0
0.363636,0.526872,0.575974,0.30303,0.4,0.297561,0.112812
0.363636,0.478415,0.496753,0.363636,0.375,0.444554,0.048438
0.363636,0.496404,0.508442,0.484848,0.525,0.266341,0.112812
0.363636,0.496404,0.433766,0.454545,0.5,0.293659,0.08052
0.363636,0.505393,0.637013,0.363636,0.425,0.665951,0.032292
0.363636,0.517989,0.542857,0.484848,0.475,0.579317,0.032292
0.272727,0.523383,0.555195,0.515152,0.475,0.26454,0.126232
0.272727,0.516192,0.488961,0.393939,0.4,0.344048,0.07381
0.363636,0.370503,0.423377,0.454545,0.45,0.106341,0.274062
0.272727,0.487404,0.488961,0.363636,0.45,0.344048,0.07381
0.363636,0.532371,0.237013,0.363636,0.4,0.245529,0.048438
0.272727,0.514382,0.533766,0.484848,0.575,0.323077,0.091424
0.272727,0.532371,0.533766,0.393939,0.45,0.435647,0.056406
0.272727,0.435245,0.205195,0.424242,0.4,0.078511,0.196268
0.363636,0.352513,0.194805,0.484848,0.4,0.099188,0.145104
0.272727,0.460426,0.330519,0.212121,0.275,0.189493,0.108828
0.363636,0.458628,0.211688,0.363636,0.4,0.116629,0.128958
0.363636,0.424459,0.5,0.454545,0.475,0.198499,0.16125
0.363636,0.494607,0.451299,0.484848,0.45,0.240195,0.112812
0.363636,0.476617,0.305195,0.484848,0.5,0.219512,0.08052
0.272727,0.442448,0.472727,0.545455,0.5,0.229598,0.126232
0.363636,0.464033,0.508442,0.454545,0.475,0.201501,0.16125
0.363636,0.465831,0.483117,0.242424,0.275,0.370035,0.064374
0.363636,0.487404,0.377273,0.515152,0.55,0.205854,0.112812
0.363636,0.442448,0.448701,0.484848,0.5,0.239024,0.112812
0.363636,0.388492,0.266883,0.515152,0.525,0.062529,0.306354
0.363636,0.442448,0.491558,0.515152,0.525,0.167481,0.193542
0.454545,0.442448,0.364286,0.454545,0.5,0.121333,0.206123
0.363636,0.460426,0.466234,0.484848,0.475,0.358886,0.064374
0.363636,0.478415,0.431818,0.545455,0.55,0.292683,0.08052
0.363636,0.45683,0.491558,0.545455,0.55,0.180488,0.177396
0.363636,0.478415,0.44026,0.515152,0.55,0.151871,0.193542
0.363636,0.460426,0.364286,0.484848,0.5,0.164227,0.145104
0.363636,0.469426,0.364286,0.424242,0.475,0.104606,0.241979
0.363636,0.496404,0.364286,0.515152,0.55,0.164227,0.145104
0.363636,0.478415,0.406494,0.545455,0.5,0.079024,0.354791
0.363636,0.478415,0.364286,0.484848,0.525,0.07122,0.354791
0.363636,0.40647,0.305195,0.545455,0.55,0.089432,0.241979
0.454545,0.440651,0.305195,0.575758,0.525,0.073072,0.296079
0.363636,0.40647,0.253896,0.575758,0.575,0.056627,0.322499
0.363636,0.45683,0.355844,0.545455,0.575,0.051221,0.467813
0.363636,0.478415,0.364286,0.515152,0.525,0.05691,0.435521
0.363636,0.460426,0.279221,0.515152,0.525,0.043902,0.435521
0.363636,0.478415,0.355844,0.515152,0.5,0.081153,0.306354
0.363636,0.424459,0.330519,0.515152,0.5,0.090116,0.258125
0.363636,0.334536,0.253896,0.606061,0.5,0.067317,0.274062
0.454545,0.338131,0.186364,0.606061,0.525,0.032997,0.400923
0.363636,0.307558,0.096104,0.575758,0.55,0.031024,0.274062
0.363636,0.374098,0.169481,0.515152,0.5,0.016585,0.596771
0.363636,0.408267,0.167532,0.575758,0.55,0.018023,0.564479
0.363636,0.298557,0.169481,0.545455,0.475,0.035317,0.354791
0.363636,0.316546,0.161039,0.545455,0.5,0.033756,0.354791
0.363636,0.320142,0.163636,0.545455,0.5,0.009315,0.774166
0.454545,0.370503,0.211688,0.575758,0.5,0.02424,0.55064
0.454545,0.402874,0.224675,0.575758,0.55,0.026855,0.535752
0.363636,0.460426,0.398052,0.545455,0.575,0.042927,0.596771
0.363636,0.451437,0.364286,0.484848,0.5,0.039024,0.596771
0.454545,0.447842,0.341558,0.484848,0.45,0.051971,0.445796
0.363636,0.402874,0.35974,0.515152,0.425,0.039901,0.580625
0.363636,0.354311,0.245455,0.515152,0.525,0.033852,0.483749
0.363636,0.352513,0.270779,0.515152,0.45,0.042603,0.435521
0.454545,0.402874,0.273377,0.515152,0.525,0.038559,0.475781
0.454545,0.381289,0.180519,0.515152,0.5,0.0195,0.565737
0.454545,0.298557,0.044156,0.545455,0.475,0.001795,0.61061
0.454545,0.334536,0.04026,0.545455,0.45,0.005538,0.475781
0.454545,0.334536,0.10974,0.454545,0.475,0.008714,0.625498
0.545455,0.399279,0.205844,0.484848,0.5,0.022514,0.566576
0.363636,0.375896,0.262338,0.545455,0.5,0.02439,0.645209
0.454545,0.325535,0.158442,0.545455,0.525,0.014037,0.625498
0.545455,0.352513,0.152597,0.545455,0.45,0.012383,0.650451
0.545455,0.343525,0.135714,0.545455,0.45,0.008288,0.720486
0.363636,0.352513,0.169481,0.606061,0.55,0.013115,0.677501
0.363636,0.388492,0.213636,0.545455,0.5,0.021659,0.596771
0.545455,0.388492,0.279221,0.545455,0.525,0.023598,0.692388
0.545455,0.424459,0.322078,0.545455,0.525,0.035398,0.580625
0.363636,0.424459,0.237013,0.606061,0.525,0.031277,0.499895
0.363636,0.370503,0.10974,0.636364,0.525,0.017885,0.435521
0.363636,0.298557,0.152597,0.575758,0.475,0.014634,0.596771
0.363636,0.334536,0.067532,0.545455,0.475,0.002711,0.677501
0.363636,0.334536,0.10974,0.575758,0.475,0.009756,0.596771
0.363636,0.361514,0.161039,0.545455,0.45,0.01561,0.596771
0.454545,0.352513,0.177922,0.575758,0.475,0.024991,0.475781
0.545455,0.375896,0.186364,0.545455,0.5,0.02364,0.510799
0.363636,0.496404,0.194805,0.515152,0.6,0.082927,0.177396
0.363636,0.39029,0.233117,0.515152,0.575,0.036749,0.435521
0.545455,0.370503,0.186364,0.575758,0.575,0.029106,0.440763
0.454545,0.375896,0.248052,0.515152,0.475,0.034957,0.475781
0.363636,0.316546,0.253896,0.484848,0.425,0.026341,0.596771
0.454545,0.316546,0.238961,0.515152,0.475,0.026573,0.565737
0.454545,0.368705,0.097403,0.515152,0.425,0.020638,0.370937
0.454545,0.302153,0.15974,0.515152,0.425,0.017831,0.55064
0.545455,0.314749,0.214286,0.515152,0.425,0.022688,0.580625
0.545455,0.325535,0.192857,0.545455,0.475,0.022676,0.538687
0.454545,0.325535,0.075974,0.575758,0.5,0.012947,0.430908
0.363636,0.285973,0.183766,0.545455,0.45,0.015256,0.661355
0.454545,0.334536,0.152597,0.515152,0.475,0.027392,0.400923
0.454545,0.352513,0.152597,0.484848,0.425,0.035797,0.326064
0.454545,0.352513,0.237013,0.424242,0.45,0.061779,0.280981
0.272727,0.370503,0.13961,0.424242,0.475,0.014697,0.563221
0.363636,0.370503,0.262338,0.393939,0.45,0.0413,0.435521
0.363636,0.370503,0.262338,0.515152,0.45,0.033309,0.516041
0.454545,0.41547,0.322078,0.393939,0.425,0.069418,0.326064
0.454545,0.309355,0.262338,0.454545,0.475,0.036998,0.475781
0.363636,0.341727,0.347403,0.848485,0.35,0.041267,0.548333
0.454545,0.388492,0.181818,0.454545,0.45,0.037508,0.356049
0.454545,0.325535,0.38961,0.454545,0.45,0.04951,0.520654
0.454545,0.318344,0.177922,0.515152,0.45,0.028707,0.430908
0.363636,0.316546,0.194805,0.454545,0.4,0.02439,0.516041
0.363636,0.316546,0.169481,0.484848,0.45,0.021046,0.516041
0.363636,0.325535,0.194805,0.424242,0.35,0.017885,0.629063
0.363636,0.311153,0.135714,0.515152,0.425,0.013382,0.580625
0.363636,0.343525,0.211688,0.515152,0.45,0.023364,0.564479
0.454545,0.325535,0.194805,0.393939,0.375,0.027392,0.475781
0.363636,0.323737,0.283117,0.424242,0.425,0.024738,0.677501
0.454545,0.334536,0.194805,0.393939,0.325,0.027392,0.475781
0.454545,0.334536,0.262338,0.363636,0.45,0.036998,0.475781
0.454545,0.307558,0.194805,0.272727,0.35,0.028629,0.460893
0.454545,0.352513,0.270779,0.424242,0.35,0.059332,0.326064
0.363636,0.40647,0.364286,0.515152,0.6,0.07122,0.354791
0.363636,0.397481,0.347403,0.545455,0.475,0.044461,0.516041
0.272727,0.378238,0.347403,0.363636,0.475,0.039913,0.563221
0.454545,0.251804,0.20974,0.454545,0.45,0.023087,0.565737
0.454545,0.30576,0.133766,0.454545,0.375,0.028638,0.356049
0.454545,0.28058,0.152597,0.515152,0.425,0.021388,0.475781
0.545455,0.282377,0.112338,0.515152,0.425,0.008615,0.636611
0.363636,0.334536,0.211688,0.515152,0.475,0.017453,0.677501
0.363636,0.332738,0.186364,0.484848,0.425,0.01485,0.677501
0.454545,0.352513,0.101299,0.515152,0.425,0.035797,0.251206
0.454545,0.316546,0.10974,0.484848,0.4,0.015385,0.475781
0.363636,0.316546,0.092857,0.515152,0.475,0.011011,0.516041
0.454545,0.291366,0.10974,0.484848,0.4,0.013016,0.520654
0.454545,0.298557,0.10974,0.484848,0.375,0.0182,0.430908
0.363636,0.332738,0.092857,0.424242,0.375,0.009624,0.548333
0.363636,0.334536,0.101299,0.424242,0.4,0.012125,0.516041
0.454545,0.298557,0.101299,0.515152,0.425,0.010582,0.55064
0.454545,0.26259,0.067532,0.515152,0.425,0.006379,0.55064
0.454545,0.298557,0.092857,0.454545,0.375,0.010804,0.520654
0.454545,0.289568,0.118182,0.484848,0.4,0.012683,0.55064
0.363636,0.338131,0.094805,0.515152,0.475,0.008,0.596771
0.363636,0.316546,0.084416,0.515152,0.45,0.006829,0.596771
0.454545,0.316546,0.118182,0.424242,0.35,0.016585,0.475781
0.454545,0.316546,0.135714,0.515152,0.425,0.011515,0.625498
0.454545,0.316546,0.118182,0.484848,0.4,0.012683,0.55064
0.454545,0.298557,0.118182,0.515152,0.425,0.016585,0.475781
0.363636,0.32194,0.084416,0.515152,0.45,0.004446,0.677501
0.363636,0.316546,0.092857,0.515152,0.475,0.00531,0.677501
0.454545,0.298557,0.092857,0.515152,0.425,0.015574,0.430908
0.454545,0.28058,0.067532,0.363636,0.3,0.006379,0.55064
0.363636,0.334536,0.088961,0.545455,0.475,0.007319,0.596771
0.363636,0.325535,0.092857,0.545455,0.475,0.007805,0.596771
0.454545,0.253601,0.033766,0.454545,0.35,0.002176,0.55064
0.454545,0.244601,0.075974,0.484848,0.4,0.00743,0.55064
0.363636,0.334536,0.085065,0.515152,0.475,0.006928,0.596771
0.363636,0.334536,0.101299,0.545455,0.5,0.00878,0.596771
0.363636,0.325535,0.097403,0.515152,0.475,0.008294,0.596771
0.454545,0.298557,0.092857,0.545455,0.45,0.009531,0.55064
0.454545,0.28058,0.050649,0.545455,0.45,0.004278,0.55064
0.454545,0.294962,0.067532,0.515152,0.475,0.007484,0.520654
0.363636,0.325535,0.088961,0.545455,0.475,0.007319,0.596771
0.363636,0.325535,0.092857,0.515152,0.475,0.00531,0.677501
0.363636,0.334536,0.09026,0.515152,0.475,0.005052,0.677501
0.454545,0.285973,0.067532,0.545455,0.45,0.009381,0.475781
0.454545,0.28058,0.028571,0.545455,0.45,0.001546,0.55064
0.454545,0.28058,0.067532,0.515152,0.475,0.007484,0.520654
0.363636,0.325535,0.09026,0.545455,0.475,0.007514,0.596771
0.363636,0.343525,0.101299,0.545455,0.475,0.00878,0.596771
0.363636,0.32194,0.101299,0.515152,0.45,0.00878,0.596771
0.454545,0.298557,0.144156,0.484848,0.475,0.012449,0.625498
0.454545,0.285973,0.10974,0.515152,0.525,0.008714,0.625498
0.454545,0.311153,0.101299,0.484848,0.45,0.010582,0.55064
0.363636,0.329131,0.101299,0.515152,0.475,0.00878,0.596771
0.363636,0.325535,0.101299,0.515152,0.475,0.00878,0.596771
0.363636,0.334536,0.118182,0.515152,0.475,0.010732,0.596771
0.363636,0.338131,0.122727,0.454545,0.45,0.011221,0.596771
0.454545,0.307558,0.118182,0.393939,0.425,0.009648,0.625498
0.454545,0.28058,0.067532,0.393939,0.425,0.004044,0.625498
0.454545,0.26259,0.067532,0.393939,0.4,0.004044,0.625498
0.454545,0.28058,0.067532,0.393939,0.4,0.004044,0.625498
0.363636,0.316546,0.105844,0.393939,0.45,0.00927,0.596771
0.363636,0.325535,0.097403,0.393939,0.425,0.008294,0.596771
0.363636,0.32194,0.101299,0.393939,0.475,0.00878,0.596771
0.363636,0.329131,0.169481,0.363636,0.475,0.016585,0.596771
0.454545,0.28058,0.101299,0.333333,0.425,0.007292,0.640596
0.454545,0.311153,0.135714,0.30303,0.425,0.014784,0.55064
0.454545,0.316546,0.118182,0.393939,0.475,0.014121,0.520654
0.363636,0.361514,0.177922,0.393939,0.425,0.017561,0.596771
0.363636,0.37644,0.194805,0.515152,0.55,0.026756,0.483749
0.454545,0.352513,0.237013,0.515152,0.575,0.029605,0.520654
0.363636,0.361514,0.194805,0.484848,0.55,0.019512,0.596771
0.454545,0.343525,0.152597,0.515152,0.5,0.021388,0.475781
0.363636,0.388492,0.194805,0.515152,0.475,0.026756,0.483749
0.363636,0.433448,0.194805,0.515152,0.5,0.061247,0.241979
0.363636,0.41547,0.169481,0.484848,0.475,0.026993,0.435521
0.363636,0.424459,0.186364,0.515152,0.625,0.038439,0.354791
0.454545,0.460426,0.237013,0.515152,0.575,0.052608,0.326064
0.545455,0.478415,0.338961,0.484848,0.55,0.102439,0.231076
0.363636,0.496404,0.398052,0.515152,0.5,0.100488,0.274062
0.363636,0.478415,0.355844,0.515152,0.5,0.085716,0.290208
0.454545,0.460426,0.372727,0.454545,0.55,0.079505,0.326064
0.454545,0.460426,0.372727,0.515152,0.575,0.079505,0.326064
0.545455,0.424459,0.372727,0.515152,0.6,0.069418,0.370937
0.363636,0.487404,0.394156,0.484848,0.525,0.045442,0.564479
0.454545,0.550361,0.322078,0.515152,0.6,0.125454,0.176138
0.545455,0.586328,0.491558,0.545455,0.625,0.142964,0.231076
0.363636,0.622306,0.652597,0.484848,0.525,0.17832,0.241979
0.363636,0.654678,0.635714,0.484848,0.525,0.211707,0.193542
0.454545,0.640284,0.516883,0.545455,0.575,0.189893,0.176138
0.454545,0.640284,0.516883,0.515152,0.55,0.189893,0.176138
0.363636,0.712229,0.567532,0.454545,0.5,0.370732,0.08052
0.454545,0.370503,0.050649,0.515152,0.425,0.002176,0.625498
0.545455,0.41547,0.186364,0.424242,0.475,0.061914,0.231076
0.454545,0.532371,0.364286,0.454545,0.475,0.21651,0.101279
0.272727,0.532371,0.338961,0.575758,0.6,0.141463,0.16125
0.545455,0.514382,0.491558,0.484848,0.575,0.195497,0.16125
0.363636,0.550361,0.533766,0.484848,0.5,0.180488,0.193542
0.363636,0.514382,0.516883,0.484848,0.55,0.175286,0.193542
0.272727,0.559349,0.448701,0.454545,0.5,0.319862,0.07381
0.272727,0.397481,0.508442,0.454545,0.5,0.273546,0.108828
0.363636,0.550361,0.550649,0.484848,0.55,0.18569,0.193542
0.363636,0.478415,0.322078,0.575758,0.575,0.082927,0.274062
0.454545,0.471224,0.322078,0.484848,0.525,0.125454,0.176138
0.363636,0.514382,0.448701,0.515152,0.575,0.16655,0.177396
0.454545,0.478415,0.364286,0.545455,0.55,0.21651,0.101279
0.454545,0.496404,0.364286,0.515152,0.525,0.21651,0.101279
0.363636,0.514382,0.364286,0.545455,0.5,0.104606,0.241979
0.363636,0.56835,0.533766,0.545455,0.55,0.180488,0.193542
0.363636,0.559349,0.406494,0.575758,0.525,0.152612,0.177396
0.363636,0.442448,0.237013,0.545455,0.525,0.063415,0.274062
0.363636,0.487404,0.237013,0.515152,0.525,0.115446,0.145104
0.363636,0.424459,0.296753,0.545455,0.525,0.05087,0.403229
0.363636,0.514382,0.322078,0.606061,0.65,0.082927,0.274062
0.363636,0.442448,0.448701,0.454545,0.5,0.05784,0.516041
0.363636,0.496404,0.406494,0.484848,0.55,0.219512,0.112812
0.363636,0.622306,0.745455,0.545455,0.6,0.245529,0.193542
0.363636,0.56835,0.661039,0.575758,0.575,0.336585,0.112812
0.363636,0.478415,0.618831,0.515152,0.475,0.261788,0.145104
0.363636,0.496404,0.618831,0.515152,0.55,0.206505,0.193542
0.363636,0.460426,0.483117,0.545455,0.575,0.164878,0.193542
0.363636,0.532371,0.533766,0.545455,0.55,0.229268,0.145104
0.363636,0.460426,0.448701,0.575758,0.55,0.126286,0.241979
0.363636,0.465831,0.567532,0.515152,0.55,0.205574,0.177396
0.363636,0.451437,0.575974,0.545455,0.6,0.141463,0.274062
0.363636,0.40647,0.559091,0.545455,0.55,0.137561,0.274062
0.363636,0.496404,0.457792,0.545455,0.55,0.2,0.145104
0.363636,0.460426,0.406494,0.575758,0.575,0.141463,0.193542
0.363636,0.40647,0.491558,0.575758,0.525,0.137129,0.241979
0.363636,0.460426,0.491558,0.575758,0.575,0.213007,0.145104
0.363636,0.397481,0.474675,0.636364,0.6,0.100743,0.322499
0.363636,0.451437,0.322078,0.575758,0.525,0.050408,0.435521
0.363636,0.433448,0.533766,0.636364,0.575,0.131707,0.274062
0.363636,0.388492,0.483117,0.636364,0.6,0.081534,0.403229
0.363636,0.424459,0.448701,0.545455,0.55,0.112195,0.274062
0.363636,0.397481,0.398052,0.606061,0.575,0.07064,0.387083
0.363636,0.40647,0.398052,0.575758,0.55,0.138861,0.193542
0.363636,0.433448,0.322078,0.545455,0.525,0.115446,0.193542
0.363636,0.429852,0.364286,0.515152,0.475,0.253659,0.08052
0.454545,0.514382,0.406494,0.515152,0.55,0.179332,0.146362
0.363636,0.559349,0.398052,0.515152,0.525,0.273171,0.08052
0.363636,0.505393,0.398052,0.515152,0.5,0.113279,0.241979
0.363636,0.532371,0.533766,0.545455,0.5,0.229268,0.145104
0.363636,0.460426,0.5,0.515152,0.475,0.14835,0.225834
0.363636,0.451437,0.372727,0.545455,0.475,0.094634,0.274062
0.363636,0.451437,0.483117,0.515152,0.525,0.102439,0.322499
0.363636,0.40647,0.491558,0.515152,0.525,0.094634,0.354791
0.363636,0.496404,0.575974,0.575758,0.575,0.193495,0.193542
0.363636,0.442448,0.644156,0.575758,0.525,0.2,0.209688
0.363636,0.460426,0.652597,0.606061,0.525,0.21691,0.193542
0.363636,0.532371,0.508442,0.606061,0.6,0.219512,0.145104
0.363636,0.552513,0.618831,0.606061,0.575,0.261788,0.145104
0.363636,0.370503,0.194805,0.515152,0.475,0.076422,0.193542
0.363636,0.478415,0.406494,0.515152,0.575,0.219512,0.112812
0.636364,0.460426,0.533766,0.424242,0.475,0.312844,0.095827
0.454545,0.478415,0.533766,0.484848,0.5,0.24803,0.131264
0.454545,0.56835,0.533766,0.484848,0.55,0.61576,0.026421
0.454545,0.496404,0.525325,0.484848,0.525,0.29636,0.101279
0.545455,0.478415,0.644156,0.393939,0.45,0.381614,0.091424
0.545455,0.487404,0.533766,0.484848,0.575,0.467809,0.049486
0.454545,0.505393,0.575974,0.424242,0.425,0.405629,0.071294
0.545455,0.550361,0.38961,0.363636,0.5,0.31182,0.063326
0.727273,0.172667,0.042208,0.515152,0.025,0.158874,0.01321
0.636364,0.154678,0.10974,0.484848,0.075,0.13546,0.056406
0.727273,0.172667,0.118182,0.0,0.025,0.15122,0.050325
0.545455,0.226623,0.194805,0.272727,0.25,0.142964,0.091424
0.727273,0.226623,0.144156,0.333333,0.325,0.108692,0.099602
0.454545,0.226623,0.169481,0.151515,0.3,0.153471,0.071294
0.454545,0.26259,0.305195,0.333333,0.375,0.388818,0.026421
0.454545,0.154678,0.194805,0.030303,0.15,0.169231,0.071294
0.454545,0.136688,0.135714,0.121212,0.325,0.132458,0.071294
0.454545,0.352513,0.322078,0.363636,0.45,0.405629,0.026421
0.454545,0.370503,0.279221,0.424242,0.35,0.300563,0.041518
0.545455,0.298557,0.169481,0.272727,0.3,0.273546,0.021388
0.545455,0.370503,0.279221,0.272727,0.325,0.238649,0.063326
0.454545,0.424459,0.491558,0.363636,0.425,0.353096,0.071294
0.545455,0.226623,0.22013,0.181818,0.35,0.229806,0.049486
0.454545,0.334536,0.279221,0.333333,0.375,0.363602,0.026421
0.727273,0.145689,0.135714,0.0,0.0,0.163977,0.050325
0.727273,0.1277,0.10974,0.0,0.05,0.112946,0.074858
0.727273,0.241005,0.211688,0.151515,0.325,0.195164,0.062487
0.636364,0.244601,0.491558,0.0,0.075,0.405629,0.056406
0.727273,0.334536,0.406494,0.363636,0.425,0.368105,0.050325
0.636364,0.334536,0.423377,0.090909,0.2,0.410774,0.043405
0.727273,0.154678,0.092857,0.0,0.075,0.132083,0.050325
0.727273,0.154678,0.092857,0.0,0.1,0.180989,0.025582
0.636364,0.154678,0.067532,0.060606,0.075,0.105441,0.056406
0.727273,0.154678,0.10974,0.0,0.1,0.144841,0.050325
0.818182,0.154678,0.237013,0.0,0.0,0.129456,0.126232
0.727273,0.154678,0.152597,0.0,0.075,0.138462,0.074858
0.636364,0.154678,0.177922,0.0,0.075,0.143865,0.082617
0.727273,0.154678,0.152597,0.0,0.1,0.138462,0.074858
0.727273,0.154678,0.237013,0.0,0.075,0.13117,0.124345
0.727273,0.163666,0.118182,0.0,0.1,0.15122,0.050325
0.727273,0.133093,0.144156,0.0,0.1,0.133358,0.074858
0.727273,0.158273,0.092857,0.0,0.1,0.102739,0.074858
0.818182,0.151082,0.144156,0.0,0.1,0.12782,0.079681
0.818182,0.154678,0.237013,0.0,0.1,0.129456,0.126232
0.727273,0.118699,0.126623,0.0,0.1,0.100188,0.099602
0.727273,0.165464,0.186364,0.0,0.1,0.118835,0.111973
0.727273,0.163666,0.194805,0.0,0.1,0.163977,0.074858
0.818182,0.149284,0.135714,0.0,0.1,0.111445,0.091424
0.818182,0.172667,0.135714,0.0,0.1,0.174484,0.044663
0.818182,0.190645,0.144156,0.0,0.075,0.181238,0.044663
0.818182,0.190645,0.126623,0.0,0.1,0.147467,0.056406
0.818182,0.172667,0.152597,0.0,0.075,0.147467,0.068148
0.818182,0.172667,0.10974,0.0,0.075,0.12045,0.068148
0.727273,0.172667,0.152597,0.0,0.075,0.103132,0.111973
0.818182,0.163666,0.169481,0.0,0.1,0.158274,0.068148
0.818182,0.10971,0.152597,0.0,0.1,0.147467,0.068148
0.818182,0.1277,0.10974,0.0,0.125,0.12045,0.068148
0.727273,0.120509,0.075974,0.212121,0.075,0.074672,0.099602
0.818182,0.118699,0.152597,0.0,0.075,0.12045,0.091424
0.818182,0.17806,0.177922,0.212121,0.075,0.10424,0.126232
0.818182,0.172667,0.135714,0.0,0.075,0.13666,0.068148
0.727273,0.145689,0.203896,0.181818,0.075,0.108182,0.136507
0.818182,0.154678,0.152597,0.0,0.075,0.147467,0.068148
0.818182,0.1277,0.144156,0.0,0.075,0.089831,0.126232
0.818182,0.118699,0.153896,0.212121,0.075,0.094154,0.126232
0.818182,0.118699,0.194805,0.0,0.075,0.111445,0.126232
0.727273,0.118699,0.153247,0.212121,0.125,0.095084,0.124345
0.818182,0.136688,0.152597,0.0,0.075,0.12045,0.091424
0.818182,0.134891,0.150649,0.212121,0.075,0.109229,0.102957
0.818182,0.163666,0.169481,0.0,0.075,0.158274,0.068148
0.818182,0.194784,0.094156,0.212121,0.075,0.163677,0.033131
0.727273,0.170857,0.122078,0.0,0.075,0.089,0.111973
0.818182,0.17806,0.169481,0.212121,0.075,0.201501,0.044663
0.909091,0.208634,0.152597,0.0,0.075,0.19925,0.039841
0.818182,0.136688,0.194805,0.0,0.075,0.174484,0.068148
0.818182,0.190645,0.194805,0.0,0.075,0.174484,0.068148
0.818182,0.134891,0.220779,0.0,0.075,0.132416,0.114699
0.818182,0.118699,0.118182,0.030303,0.1,0.079024,0.126232
0.818182,0.082732,0.152597,0.0,0.075,0.093433,0.126232
0.818182,0.154678,0.161039,0.0,0.075,0.114215,0.102957
0.818182,0.154678,0.152597,0.0,0.075,0.147467,0.068148
0.818182,0.136688,0.092857,0.0,0.15,0.080964,0.102957
0.818182,0.118699,0.135714,0.0,0.1,0.086229,0.126232
0.818182,0.154678,0.084416,0.0,0.075,0.084428,0.091424
0.818182,0.172667,0.135714,0.0,0.075,0.13666,0.068148
0.818182,0.208634,0.092857,0.0,0.075,0.109644,0.068148
0.818182,0.190645,0.144156,0.0,0.075,0.142064,0.068148
0.818182,0.181656,0.092857,0.0,0.075,0.109644,0.068148
0.818182,0.181656,0.152597,0.0,0.075,0.12045,0.091424
0.818182,0.298557,0.092857,0.151515,0.25,0.109644,0.068148
0.818182,0.316546,0.253896,0.030303,0.175,0.174484,0.091424
0.818182,0.388492,0.092857,0.454545,0.475,0.109644,0.068148
0.818182,0.478415,0.169481,0.393939,0.525,0.201501,0.044663
0.818182,0.298557,0.152597,0.151515,0.225,0.187992,0.044663
0.545455,0.478415,0.377273,0.515152,0.525,0.181064,0.133361
0.545455,0.478415,0.559091,0.545455,0.55,0.336585,0.091424
0.454545,0.478415,0.431818,0.545455,0.525,0.206004,0.131264
0.545455,0.478415,0.448701,0.545455,0.55,0.278049,0.091424
0.454545,0.460426,0.38961,0.545455,0.575,0.147866,0.176138
0.454545,0.496404,0.448701,0.545455,0.55,0.258537,0.101279
0.454545,0.496404,0.491558,0.454545,0.525,0.27955,0.101279
0.454545,0.496404,0.474675,0.575758,0.6,0.342589,0.071294
0.454545,0.478415,0.525325,0.484848,0.5,0.29636,0.101279
0.454545,0.487404,0.448701,0.484848,0.5,0.195497,0.146362
0.454545,0.496404,0.618831,0.454545,0.55,0.699812,0.026421
0.454545,0.496404,0.533766,0.454545,0.525,0.379362,0.071294
0.545455,0.485074,0.601299,0.363636,0.425,0.560339,0.042357
0.636364,0.410077,0.279221,0.424242,0.45,0.129456,0.148249
0.636364,0.514382,0.364286,0.515152,0.575,0.315572,0.056406
0.545455,0.514382,0.559091,0.242424,0.35,0.687805,0.021388
0.454545,0.604317,0.661039,0.484848,0.575,0.237523,0.176138
0.454545,0.550361,0.661039,0.545455,0.6,0.525704,0.056406
0.454545,0.514382,0.618831,0.545455,0.575,0.260152,0.146362
0.545455,0.505393,0.572078,0.515152,0.575,0.34334,0.091424
0.454545,0.56835,0.661039,0.606061,0.625,0.363602,0.101279
0.545455,0.586328,0.575974,0.606061,0.625,0.499974,0.049486
0.545455,0.532371,0.237013,0.545455,0.45,0.057411,0.301111
0.545455,0.514382,0.448701,0.666667,0.55,0.068989,0.440763
0.545455,0.532371,0.491558,0.545455,0.525,0.142964,0.231076
0.363636,0.820142,1.0,0.666667,0.75,1.0,0.032292
0.363636,0.748196,0.983117,0.606061,0.675,0.484878,0.112812
0.545455,0.766186,1.0,0.636364,0.625,0.717073,0.063326
0.454545,0.730219,0.872727,0.69697,0.7,0.468668,0.101279
0.454545,0.676263,0.533766,0.666667,0.7,0.142964,0.251206
0.454545,0.703241,0.491558,0.727273,0.8,0.132458,0.251206
0.363636,0.712229,0.575974,0.727273,0.875,0.193495,0.193542
0.454545,0.820142,0.618831,0.727273,0.825,0.223514,0.176138
0.454545,0.820142,0.533766,0.69697,0.775,0.195497,0.176138
0.454545,0.856109,0.661039,0.69697,0.85,0.237523,0.176138
0.363636,0.820142,0.661039,0.69697,0.775,0.219512,0.193542
0.454545,0.802153,0.491558,0.69697,0.85,0.181487,0.176138
0.363636,0.883087,0.512338,0.727273,0.8,0.221139,0.145104
0.363636,0.946044,0.377273,0.727273,0.8,0.169105,0.145104
0.454545,0.928054,0.575974,0.69697,0.8,0.209507,0.176138
0.363636,0.073743,0.618831,0.69697,0.775,0.206505,0.193542
0.454545,0.073743,0.618831,0.666667,0.7,0.128255,0.326064
0.363636,0.118699,0.830519,0.575758,0.65,0.271544,0.193542
0.363636,0.892088,0.914935,0.666667,0.775,0.570732,0.08052
0.363636,0.910065,1.0,0.666667,0.75,0.710106,0.064374
0.454545,0.604317,0.322078,0.666667,0.8,0.090432,0.251206
0.363636,0.640284,0.661039,0.454545,0.6,0.219512,0.193542
0.454545,0.676263,0.745455,0.606061,0.7,0.335586,0.131264
0.454545,0.730219,0.745455,0.575758,0.675,0.308644,0.146362
0.363636,0.658273,0.661039,0.606061,0.65,0.255535,0.16125
0.454545,0.69424,0.661039,0.606061,0.625,0.300563,0.131264
0.454545,0.910065,0.830519,0.575758,0.65,0.370606,0.131264
0.545455,0.910065,0.830519,0.575758,0.65,0.339158,0.147201
0.636364,0.730219,0.830519,0.545455,0.6,0.425642,0.108828
0.545455,0.69424,0.830519,0.606061,0.65,0.315572,0.16125
0.454545,0.721218,1.0,0.575758,0.625,0.349592,0.176138
0.454545,0.730219,0.914935,0.606061,0.65,0.443833,0.116377
0.545455,0.56835,0.237013,0.757576,0.725,0.045403,0.370937
0.545455,0.532371,0.279221,0.757576,0.675,0.066417,0.301111
0.636364,0.460426,0.237013,0.787879,0.775,0.081426,0.213672
0.545455,0.564743,0.381169,0.757576,0.8,0.113696,0.231076
0.636364,0.730219,0.914935,0.727273,0.75,0.561726,0.082617
0.636364,0.730219,0.872727,0.666667,0.75,0.537711,0.082617
0.727273,0.766186,0.847403,0.818182,0.8,0.556923,0.074858
0.636364,0.766186,0.914935,0.727273,0.75,0.705816,0.056406
0.545455,0.514382,0.364286,0.69697,0.675,0.109193,0.231076
0.545455,0.69424,0.618831,0.757576,0.775,0.368105,0.091424
0.636364,0.730219,0.830519,0.727273,0.775,0.513696,0.082617
0.545455,0.69424,0.788312,0.727273,0.725,0.57636,0.063326
0.636364,0.748196,0.898052,0.727273,0.775,0.363203,0.148249
0.545455,0.730219,0.914935,0.878788,0.95,0.660788,0.063326
0.545455,0.532371,0.152597,0.878788,0.7,0.075422,0.16125
0.727273,0.442448,0.22013,0.757576,0.75,0.0931,0.173621
0.636364,0.478415,0.303247,0.727273,0.8,0.138423,0.148249
0.636364,0.634891,0.745455,0.757576,0.8,0.385615,0.108828
0.545455,0.712229,0.745455,0.727273,0.8,0.435647,0.091424
0.818182,0.640284,0.745455,0.727273,0.775,0.345591,0.126232
0.818182,0.640284,0.661039,0.757576,0.825,0.309568,0.126232
0.636364,0.742803,0.813636,0.757576,0.775,0.331182,0.148249
0.636364,0.676263,0.728571,0.757576,0.7,0.246862,0.187461
0.636364,0.676263,0.661039,0.757576,0.775,0.201501,0.213672
0.636364,0.730219,0.745455,0.787879,0.8,0.305567,0.148249
0.636364,0.760792,0.72013,0.818182,0.8,0.343745,0.122038
0.727273,0.748196,0.788312,0.787879,0.575,0.521201,0.074858
0.818182,0.775174,0.914935,0.818182,0.825,0.525704,0.091424
0.636364,0.730219,0.733117,0.757576,0.775,0.379611,0.108828
0.636364,0.784175,0.847403,0.757576,0.775,0.369606,0.135039
0.545455,0.694429,0.347403,0.757576,0.775,0.18424,0.119312
0.545455,0.622306,0.237013,0.757576,0.775,0.123914,0.133361
0.636364,0.526978,0.237013,0.606061,0.6,0.145465,0.108828
0.727273,0.514382,0.194805,0.727273,0.7,0.122759,0.111973
0.636364,0.478415,0.237013,0.757576,0.725,0.092101,0.187461
0.727273,0.496404,0.322078,0.727273,0.725,0.12712,0.173621
0.545455,0.550361,0.253896,0.727273,0.775,0.142964,0.119312
0.545455,0.521585,0.491558,0.757576,0.775,0.210507,0.147201
0.727273,0.595328,0.508442,0.727273,0.675,0.352795,0.074858
0.727273,0.56835,0.516883,0.757576,0.775,0.23372,0.136507
0.636364,0.478415,0.398052,0.666667,0.65,0.221514,0.108828
0.636364,0.550361,0.448701,0.727273,0.725,0.37561,0.056406
0.636364,0.730219,0.559091,0.69697,0.7,0.235122,0.148249
0.636364,0.658273,0.661039,0.69697,0.725,0.317881,0.122038
0.545455,0.496404,0.203247,0.636364,0.625,0.12045,0.119312
0.545455,0.514382,0.194805,0.818182,0.75,0.090432,0.16125
0.545455,0.514382,0.237013,0.606061,0.625,0.105441,0.16125
0.636364,0.69424,0.830519,0.757576,0.825,0.513696,0.082617
0.636364,0.730219,0.914935,0.727273,0.775,0.561726,0.082617
0.545455,0.478415,0.135714,0.757576,0.775,0.111445,0.091424
0.545455,0.442448,0.194805,0.727273,0.725,0.128636,0.105263
0.454545,0.69424,0.745455,0.727273,0.8,0.510694,0.071294
0.454545,0.640284,0.914935,0.757576,0.775,0.489681,0.101279
0.545455,0.622306,0.813636,0.69697,0.75,0.47167,0.091424
0.454545,0.532371,0.372727,0.69697,0.75,0.181487,0.131264
0.545455,0.676263,0.635714,0.787879,0.8,0.31182,0.119312
0.545455,0.561147,0.516883,0.69697,0.725,0.259287,0.119312
0.545455,0.586328,0.653896,0.727273,0.75,0.294328,0.133361
0.545455,0.586328,0.914935,0.727273,0.775,0.345591,0.16125
0.454545,0.640284,0.745455,0.69697,0.7,0.218846,0.22122
0.454545,0.730219,0.745455,0.727273,0.775,0.195497,0.251206
0.545455,0.730219,0.745455,0.666667,0.75,0.3606,0.119312
0.454545,0.424459,0.144156,0.787879,0.725,0.066618,0.176138
0.545455,0.428054,0.152597,0.727273,0.775,0.075422,0.16125
0.454545,0.487404,0.305195,0.727273,0.775,0.11985,0.176138
0.545455,0.532371,0.322078,0.787879,0.775,0.110445,0.203187
0.545455,0.550361,0.305195,0.666667,0.7,0.093433,0.231076
0.454545,0.550361,0.364286,0.69697,0.725,0.11378,0.22122
0.454545,0.58453,0.448701,0.727273,0.75,0.156098,0.191235
0.545455,0.56835,0.448701,0.69697,0.725,0.157532,0.189138
0.545455,0.550361,0.406494,0.757576,0.775,0.144288,0.189138
0.545455,0.577339,0.448701,0.787879,0.8,0.131707,0.231076
0.636364,0.589923,0.474675,0.727273,0.75,0.148668,0.213672
0.636364,0.505393,0.448701,0.69697,0.75,0.141463,0.213672
0.545455,0.586328,0.448701,0.787879,0.85,0.131707,0.231076
0.636364,0.56835,0.364286,0.666667,0.725,0.117448,0.213672
0.545455,0.577339,0.364286,0.666667,0.725,0.109193,0.231076
0.727273,0.636688,0.414935,0.757576,0.85,0.158307,0.173621
0.727273,0.640284,0.448701,0.787879,0.875,0.15122,0.198155
0.545455,0.550361,0.491558,0.636364,0.675,0.111445,0.301111
0.727273,0.541372,0.322078,0.606061,0.7,0.08743,0.260013
0.636364,0.550361,0.406494,0.606061,0.675,0.081426,0.344726
0.636364,0.622306,0.474675,0.69697,0.75,0.094235,0.344726
0.636364,0.622306,0.406494,0.636364,0.725,0.081426,0.344726
0.545455,0.604317,0.448701,0.606061,0.675,0.082927,0.370937
0.545455,0.604317,0.448701,0.787879,0.775,0.082927,0.370937
0.545455,0.640284,0.448701,0.636364,0.7,0.082927,0.370937
0.636364,0.658273,0.364286,0.69697,0.75,0.091032,0.279304
0.636364,0.658273,0.364286,0.727273,0.8,0.091032,0.279304
0.545455,0.69424,0.406494,0.606061,0.65,0.10817,0.259174
0.545455,0.69424,0.474675,0.606061,0.6,0.138462,0.231076
0.636364,0.721218,0.322078,0.606061,0.625,0.185492,0.108828
0.636364,0.712229,0.322078,0.606061,0.65,0.145465,0.148249
0.636364,0.676263,0.322078,0.606061,0.65,0.105441,0.213672
0.727273,0.76259,0.305195,0.606061,0.7,0.173791,0.111973
0.727273,0.766186,0.338961,0.666667,0.7,0.250732,0.074858
0.636364,0.793164,0.364286,0.69697,0.775,0.132125,0.187461
0.727273,0.784175,0.381169,0.666667,0.725,0.20912,0.111973
0.636364,0.640284,0.305195,0.69697,0.75,0.139062,0.148249
0.545455,0.640284,0.322078,0.727273,0.75,0.075422,0.301111
0.636364,0.56835,0.279221,0.606061,0.65,0.057411,0.344726
0.545455,0.550361,0.322078,0.636364,0.675,0.060413,0.370937
0.636364,0.56835,0.364286,0.666667,0.7,0.07342,0.344726
0.636364,0.56835,0.406494,0.666667,0.7,0.081426,0.344726
0.636364,0.640284,0.313636,0.666667,0.725,0.123806,0.17446
0.545455,0.658273,0.322078,0.636364,0.725,0.097936,0.231076
0.636364,0.676263,0.406494,0.666667,0.7,0.129456,0.213672
0.636364,0.658273,0.406494,0.666667,0.725,0.100638,0.279304
0.545455,0.658273,0.406494,0.757576,0.775,0.093433,0.301111
0.727273,0.667262,0.491558,0.727273,0.775,0.128255,0.260013
0.727273,0.658273,0.448701,0.69697,0.775,0.118049,0.260013
0.545455,0.577339,0.406494,0.69697,0.75,0.093433,0.301111
0.636364,0.586328,0.406494,0.727273,0.825,0.081426,0.344726
0.727273,0.586328,0.414935,0.606061,0.675,0.126862,0.222898
0.727273,0.622306,0.406494,0.666667,0.75,0.118493,0.235269
0.636364,0.622306,0.364286,0.636364,0.7,0.07342,0.344726
0.636364,0.730219,0.491558,0.666667,0.7,0.172149,0.187461
